posting_id,job_title,location,company_name,posted_date,expiry_date,closed_date,salary_min,salary_max,pay_period,views,applies
258868844,Salesperson,United States,ABME,2024-04-18,2024-05-18,,,,,4.0,
658723396,External Mortgage Loan Officer,"Orlando, FL",Orlando Credit Union,2024-04-19,2024-05-19,,,,,2.0,
1826257634,Social Security Specialist / Retirement Benefit Advisor (Remote),"Colorado, United States",The Medicare Coach,2024-04-15,2024-05-15,,19.0,25.0,HOURLY,60.0,7.0
2737009242,Service Manager,"Los Angeles, CA",,2024-04-19,2024-05-19,,80000.0,90000.0,YEARLY,1.0,
3219089287,Recruitment Manager,"Minnesota, United States",,2024-04-18,2024-05-18,,90000.0,100000.0,YEARLY,40.0,19.0
3363439517,Sanitation Supervisor,"Stanton, CA",White Bottle Inc.,2024-04-18,2024-05-18,,25.0,27.0,HOURLY,9.0,
3364366864,Trial Attorney,"King of Prussia, PA","McDonnell & Associates, P.C.",2024-04-15,2024-05-15,,,,,4.0,
3438939828,Legal Assistant / Paralegal,"Vineland, NJ","Testa Heck Testa & White, P.A.",2024-04-16,2024-05-16,,,,,1.0,
3555161614,User Experience Designer,"California, United States",Starup Insurance,2024-04-06,2024-10-03,,,,,12.0,2.0
3594710940,"Scientific Project Manager for Food, Beverage, and Consumer Packaged Goods Industries (Project Architect | PA)",United States,"PreScouter, Inc.",2024-04-19,2024-10-16,,,,,1.0,
3609090859,Field Director,"Phoenix, AZ",Mi Familia Vota,2024-04-18,2024-05-18,,70000.0,85000.0,YEARLY,22.0,1.0
3635117665,Montessori teacher for grades K-3,Greater Phoenix Area,Bennett Academy,2024-04-09,2024-10-06,,,,,17.0,1.0
3762860888,Field Sales Representative,"Miami, FL",PETCHEFY,2024-04-12,2024-05-12,,15.0,20.0,HOURLY,4.0,
3765433504,Freelance,United States,Multiple Network Solutions,2024-04-19,2024-05-19,,,,,,
3769036399,Community Association Manager- Portfolio,"Morehead City, NC",CAMS (Community Association Management Services),2024-04-11,2024-05-11,,43000.0,55000.0,YEARLY,,
3774870894,Product Support Specialist,San Francisco Bay Area,Ascend,2024-04-15,2024-05-15,,70.0,100000.0,YEARLY,59.0,10.0
3782812525,Salesperson,United States,Terra Forza Golf,2024-04-06,2024-10-03,,,,,14.0,1.0
3805103054,Literature Review Panel Member,United States,Celestial Point Incorporated,2024-04-11,2024-05-11,,,,,2.0,
3815847830,Staff Software Engineer (AHT),"Los Angeles, California, United States",Northrop Grumman,2024-01-26,2024-05-19,,161000.0,241400.0,YEARLY,410.0,2.0
3816179292,Investment Real Estate Sales Advisor,"Dallas, TX",Diamond Acquisitions,2024-04-18,2024-05-18,,100000.0,700000.0,YEARLY,2.0,
3821047961,Client Solutions Manager - South Bay,"San Jose, CA",Ideal Restoration Inc,2024-04-06,2024-05-06,,80000.0,90000.0,YEARLY,5.0,
3832120119,Service Manager,"Germantown, MD",Making Air Right,2024-04-15,2024-05-15,,,,,8.0,
3838150253,Account Executive,"Strongsville, OH",New Wave Recruiting,2024-04-11,2024-05-11,,,,,2.0,
3844654703,Account Manager,"Los Angeles, CA","Performance Metrics, LLC",2024-04-12,2024-10-09,,,,,2.0,
3854810848,Associate,"New York, NY",VICTOR RANE,2024-04-18,2024-05-18,,140000.0,170000.0,YEARLY,30.0,1.0
3855860744,Sales Manager of Cutting Tools,"Cincinnati, OH",ZCC USA INC,2024-04-15,2024-05-15,,,,,18.0,
3862373833,Construction Estimator,"Washington, DC",Unidor Consulting,2024-04-16,2024-05-16,,,,,12.0,2.0
3867550643,Medical Laboratory Technician,"Meeker, CO",Pioneers Medical Center,2024-04-11,2024-05-11,,,,,2.0,
3868450640,.Net Azure Architect (Local to WA),"Seattle, WA",Diamondpick,2024-04-18,2024-05-18,,,,,4.0,
3868493438,Phone Triage (RN or LPN),"Coeur d'Alene, ID",Lakeside Pediatrics and Adolescent Medicine ,2024-04-19,2024-05-19,,,,,2.0,
3869757186,SAP FICO – AMS Consultant,"Scottsdale, AZ",NR Consulting,2024-04-18,2024-05-18,,65.0,70.0,HOURLY,4.0,
3871530154,Customer Service Representative 1 (Promo Roll),"Pennsylvania, United States",Comcast,2024-03-25,2024-05-18,,,,,297.0,15.0
3873178671,Senior Commercial HVAC Estimator,"Sacramento, CA","Cooper Oates Air Conditioning, Inc.",2024-04-16,2024-05-16,,85000.0,120000.0,YEARLY,9.0,
3874150857,Maintenance Technician,"Kansas City, MO",US Farathane,2024-04-17,2024-05-17,,,,,7.0,
3878814926,Shelter Team Member with emphasis in Customer Care,"Cheyenne, WY",Cheyenne Animal Shelter,2024-04-15,2024-05-15,,,,HOURLY,3.0,
3884427967,Machining - Grinding Specialist,"Muskegon, MI",SKF Group,2024-04-05,2024-05-05,,,,,3.0,
3884428994,Pool Remodel Salesman,"Santa Ana, CA",OC Poolscapes,2024-04-05,2024-10-02,,,,YEARLY,9.0,
3884429636,Senior Scientific Project Manager - Genomics,"Huntsville, AL",Discovery Life Sciences,2024-04-05,2024-05-05,,,,,6.0,
3884429787,Senior Robotics Engineer (Commercial Grade),"Ridgewood, NJ",techolution,2024-04-05,2024-05-05,,,,,6.0,1.0
3884429864,Enterprise Account Executive - Pacific North West (SLED),"Oregon, United States",Info-Tech Research Group,2024-04-05,2024-05-05,,,,,3.0,
3884430273,Rehab Therapy Manager,"Danville, VA",Department of Behavioral Health and Developmental Services,2024-04-05,2024-05-05,,,,,6.0,
3884430513,"Business Controlling, Full Value Chain Americas","Blue Bell, PA",SKF Group,2024-04-05,2024-05-05,,,,,2.0,
3884430549,Sales Administrative Assistant,Greater Rockford Area,"Obsidian Manufacturing Industries, Inc.",2024-04-05,2024-10-02,,,,,11.0,1.0
3884430607,Business Development Manager,New York City Metropolitan Area,JD Ross Energy,2024-04-05,2024-05-05,,130000.0,150000.0,YEARLY,4.0,
3884431480,CNC Operator 2nd Shift,"Hanover, PA",SKF Group,2024-04-05,2024-05-05,,,,,3.0,
3884431496,Industrial Maintenance Technician,"Muskegon, MI",SKF Group,2024-04-05,2024-05-05,,,,,5.0,
3884431637,Rental Linen & Uniform Sales,"Las Cruces, NM","American Linen and Uniform Supply of NM, Inc.",2024-04-05,2024-05-05,,50000.0,75000.0,YEARLY,1.0,
3884431655,Universal Banker ,"Garland, TX",Harmony Bank,2024-04-05,2024-10-02,,,,,24.0,1.0
3884431694,"2024-2025 Humanities Teacher - Cox, Clyde ES","Las Vegas, NV",Clark County School District,2024-04-05,2024-05-05,,,,,4.0,
3884431796,Instructional Coach,"Des Moines, IA",Des Moines Public Schools,2024-04-05,2024-05-05,,,,,13.0,1.0
3884432411,Fluorescent Penetrant Inspector,"Winsted, CT",SKF Group,2024-04-05,2024-05-05,,,,,3.0,
3884432517,Opera Cloud PM,"Las Vegas, NV",Tekshapers,2024-04-05,2024-05-05,,,,,7.0,
3884433350,Account Sales Executive- Fresno/ Clovis,"Fresno County, CA",Jackson Family Wines,2024-04-05,2024-05-05,,,,,5.0,
3884433393,Production Supervisor,"Cleveland, OH",Prime Management Group Inc.,2024-04-05,2024-05-05,,,,,4.0,
3884433741,Shop Technician,"Victoria, TX",Thunderbird Services,2024-04-05,2024-05-05,,,,,6.0,
3884433926,SAP BO Admin - Windows Platform,"Minneapolis, MN",Ventures Unlimited Inc,2024-04-05,2024-05-05,,,,,20.0,2.0
3884433996,Sr. Product Marketing Manager,"Newark, NJ","Sunrise Systems, Inc.",2024-04-05,2024-05-05,,45.0,50.0,HOURLY,39.0,7.0
3884434113,"Field Service Technician, BU","Sacramento, CA",Volvo Construction Equipment,2024-04-05,2024-05-05,,38.0,51.0,HOURLY,5.0,
3884434138,People Analyst,"Salt Lake City, UT",The Better Being Co.,2024-04-05,2024-05-05,,,,,10.0,2.0
3884434211,Quality Assurance Engineer (323816),"Memphis, TN","IDR, Inc.",2024-04-05,2024-05-05,,55.0,65.0,HOURLY,106.0,19.0
3884434396,Operations Research,"Arlington, VA",United States Marine Corps,2024-04-05,2024-05-05,,,,,68.0,7.0
3884434866,Fiber Construction Manager,"Downers Grove, IL",Lorien,2024-04-05,2024-04-12,,45.0,48.0,HOURLY,22.0,
3884435029,Data Entry Specialist,San Francisco Bay Area,Aquent,2024-04-05,2024-05-05,,20.0,24.0,YEARLY,42.0,5.0
3884435771,Account Executive,United States,Goosehead Insurance,2024-04-05,2024-05-05,,,,,17.0,1.0
3884435870,CNC Maintenance Mechanic,"Alsip, IL",Ingersoll Rand,2024-04-05,2024-05-05,,,,MONTHLY,4.0,
3884436024,Associate Project Manager Series,"New York, NY",Metropolitan Transportation Authority,2024-04-05,2024-05-05,,85147.0,119553.0,YEARLY,18.0,
3884436039,Editorial Assistant,"Spokane, WA",The Spokesman-Review,2024-04-05,2024-05-05,,,,HOURLY,6.0,
3884436146,Registered Nurse,"Philadelphia, PA",AccentCare,2024-04-05,2024-05-05,,78000.0,85000.0,YEARLY,3.0,
3884436194,"Senior Government Operations Analyst, Tariffs",United States,Lumen Technologies,2024-04-05,2024-05-05,,63980.0,98760.0,YEARLY,40.0,9.0
3884436300,Senior Graphic Designer - Presentations,"New York, NY",HARMAN International,2024-04-05,2024-05-05,,,,,6.0,1.0
3884436896,Nurse - CNA - LTC,"Appleton, WI",Solomon Page,2024-04-05,2024-05-05,,,,,7.0,
3884436907,Commercial Helper I,"Chula Vista, CA",Republic Services,2024-04-05,2024-05-05,,,,HOURLY,8.0,
3884437439,Service Technician,"Elmhurst, IL",Ingersoll Rand,2024-04-05,2024-05-05,,,,,9.0,
3884437442,Service Technician,"Dallas, TX",Ingersoll Rand,2024-04-05,2024-05-05,,,,,4.0,
3884437498,Territory Sales Executive - Environmental Solutions,"San Diego, CA",Republic Services,2024-04-05,2024-05-05,,80850.0,127050.0,YEARLY,7.0,
3884437511,Business Analyst 4,"Richmond, VA","V-Soft Consulting Group, Inc.",2024-04-05,2024-05-05,,,,,125.0,15.0
3884437602,"Sales Representative I, Pain Interventions - San Antonio, TX","San Antonio, TX",Medtronic,2024-04-05,2024-05-05,,,,,6.0,
3884437603,Office Accountant/Manager,"Omaha, NE",Insight Global,2024-04-05,2024-05-05,,,,,5.0,
3884437819,Technical Scrum Master,"Philadelphia, PA",Noblis,2024-04-05,2024-05-05,,85600.0,149800.0,YEARLY,25.0,8.0
3884438001,Regional Sales Manager (B2B exp selling services req OTE 100-120k+),"Springfield, Massachusetts Metropolitan Area",#twiceasnice Recruiting,2024-04-05,2024-05-05,,90000.0,105000.0,YEARLY,30.0,
3884438206,Electrical Estimator,"Phoenix, AZ",Switch Electric,2024-04-05,2024-05-05,,,,,13.0,
3884438221,Manufacturing Engineer,"Portsmouth, NH",Leddy Group,2024-04-05,2024-05-05,,,,,44.0,6.0
3884438892,Analyst,"Fenton, MO",Trans Advantage®,2024-04-05,2024-05-05,,,,,25.0,1.0
3884439188,Assistant Office Manager,"Pickerington, OH",North American Dental Group (NADG),2024-04-05,2024-05-05,,,,,2.0,
3884439442,Nurse - RN - Med Surg,"Bluffton, IN",Solomon Page,2024-04-05,2024-05-05,,,,,6.0,
3884439550,Accounts Payable Manager,"Tampa, FL",LHH,2024-04-05,2024-05-05,,,,,48.0,2.0
3884439697,Master Maint Mech,"Vacaville, CA",Genentech,2024-04-05,2024-05-05,,,,,7.0,
3884439918,Junior Groomer,"South Gate, CA",Petco,2024-04-05,2024-05-05,,10.0,17.0,HOURLY,9.0,
3884440420,"Director, Design Verification Engineering",San Francisco Bay Area,SBT,2024-04-05,2024-05-05,,,,,8.0,
3884440743,Groomer,"Maricopa, AZ",Petco,2024-04-05,2024-05-05,,,,,5.0,
3884441060,"Wind Technician I- Hennessey, OK","Hennessey, OK",Enel North America,2024-04-05,2024-05-05,,,,,4.0,
3884441088,Nurse - LPN - LTC,"Springfield, VT",Solomon Page,2024-04-05,2024-05-05,,,,,6.0,
3884441100,Driver - CDL (B),"Bend, OR",Republic Services,2024-04-05,2024-05-05,,,,,8.0,
3884441278,Electrical Assembler,"Chesapeake, VA",Insight Global,2024-04-05,2024-05-05,,18.0,27.0,HOURLY,17.0,2.0
3884441316,Claire's South County Mall Part Time,"St Louis, MO",Claire's,2024-04-05,2024-05-05,,,,,4.0,
3884441442,Ground Operations Crew,"Jamaica, NY",JetBlue,2024-04-05,2024-05-05,,,,HOURLY,48.0,10.0
3884441631,Sales Assistant,"Richmond, IN",Claire's,2024-04-05,2024-05-05,,,,,9.0,
3884441789,System Engineer,"Orlando, FL",W3Global,2024-04-05,2024-05-05,,,,,33.0,2.0
3884441807,Nurse Practitioner- Starting Pay -$120k,"Mishawaka, IN",W3Global,2024-04-05,2024-05-05,,,,,6.0,
3884442091,Junior Account Executive,"Milwaukee, WI",Venture Connections,2024-04-05,2024-05-05,,13.0,18.0,HOURLY,23.0,2.0
3884442160,General Dentist,"Burton, MI",Henry Schein Dental Recruitment Services,2024-04-05,2024-05-05,,,,,9.0,
3884442417,Senior Analytical Scientist,"Ridgefield, CT",Fladger Associates,2024-04-05,2024-05-05,,,,,33.0,7.0
3884442457,Sr. Project / Program Manager - HYBRID,"Falls Church, VA",Connection,2024-04-05,2024-05-05,,,,,18.0,1.0
3884442606,Electrical Integration Engineer,"Mountain View, CA",Morson Talent,2024-04-05,2024-05-05,,,,,34.0,2.0
3884443182,Labs FSP - Associate Research Scientist,"Summit, NJ",Thermo Fisher Scientific,2024-04-05,2024-05-05,,,,,39.0,3.0
3884443627,System Analyst III,"Columbus, OH",Experis,2024-04-05,2024-05-05,,,,,16.0,1.0
3884444186,New Home Sales Associate - Nashville,"Nashville, TN",Richmond American Homes,2024-04-05,2024-05-05,,,,,8.0,
3884444376,"***AP Lead || Onsite in Houston, TX***","Houston, TX",Vaco,2024-04-05,2024-04-19,,,,,46.0,10.0
3884444399,Facilities Project Manager,"Hawaii, United States",Hawaii State Department of Education,2024-04-05,2024-05-05,,,,,32.0,5.0
3884444607,After Hours Data Center Engineer,United States,Experis,2024-04-05,2024-05-05,,,,,115.0,11.0
3884445947,Regulatory Operations Manager - Multiple Positions Open,"New York, NY",Saatchi & Saatchi Wellness,2024-04-05,2024-05-05,,,,,51.0,1.0
3884446191,Technical Writer,"Dallas, TX",GlobalLogic,2024-04-05,2024-05-05,,,,,35.0,8.0
3884446791,Club General Manager,"Austin, TX",Gecko Hospitality (Corporate),2024-04-05,2024-05-05,,110000.0,120000.0,YEARLY,41.0,6.0
3884448485,Senior PHP Developer,"Denver, CO",RadGov Inc.,2024-04-05,2024-05-05,,,,,98.0,40.0
3884449084,Accounts Payable/Accounts Receivable Manager,Greensboro--Winston-Salem--High Point Area,AppleOne Employment Services,2024-04-05,2024-05-05,,70000.0,80000.0,YEARLY,27.0,3.0
3884452337,Patient Care Coordinator,"Sausalito, CA",BlueWave Medicine,2024-04-05,2024-05-05,,,,,19.0,1.0
3884498691,Registered Nurse (RN) Care Coordinator - Oncology GI,"Charlottesville, VA",UVA Health,2024-04-05,2024-05-05,,,,,4.0,
3884800888,2nd Shift Test Technician,"Wallingford, CT",The Reserves Network,2024-04-05,2024-05-06,,,,,4.0,
3884801297,Vice President Finance,United States,Beyer & Kelley LLC,2024-04-05,2024-05-05,,260000.0,300000.0,YEARLY,190.0,31.0
3884801458,Senior Cloud Engineer(Golang),"San Francisco, CA",BayOne Solutions,2024-04-06,2024-05-06,,90.0,100.0,HOURLY,13.0,3.0
3884804274,Manager FP&A,"Houston, TX",Waylin Partners,2024-04-06,2024-10-03,,,,,30.0,2.0
3884804492,Data Privacy Officer,"Atlanta, GA",The Adecco Group,2024-04-06,2024-05-06,,,,YEARLY,8.0,
3884804591,Continuous Improvement Production Supervisor,"Loganville, GA",Confidential,2024-04-06,2024-10-03,,65000.0,85000.0,YEARLY,17.0,4.0
3884804930,Facilities Manager,"Portage, MI",Portage District Library,2024-04-06,2024-05-06,,,,,7.0,
3884805573,Lead Java Developer,"Columbus, OH",Compunnel Inc.,2024-04-06,2024-05-06,,,,,13.0,1.0
3884805577,Senior Application Security Engineer,"Seattle, WA",Eigen Labs,2024-04-05,2024-05-06,,225000.0,250000.0,YEARLY,13.0,2.0
3884805690,Administrative Assistant,"Huntington Beach, CA",,2024-04-06,2024-05-06,,,,,2.0,
3884805743,Financial Representative,"San Jose, CA","Transamerica Financial Advisors, Inc.",2024-04-06,2024-10-03,,,,,22.0,1.0
3884806723,Project Cost Controller,"Jackson, MI",EPITEC,2024-04-06,2024-05-06,,,,,13.0,
3884807774,Senior Buyer,"Vernon Hills, IL",Tetra Pak,2024-04-06,2024-05-06,,,,,13.0,
3884807798,2024-2025 - GENERAL RESOURCE ROOM TEACHER - VALLEY HS,"Las Vegas, NV",Clark County School District,2024-04-06,2024-05-06,,,,,5.0,
3884808730,"Director, Employee Availability &amp; Labor Cost/Absentee Control","New York, NY",Metropolitan Transportation Authority,2024-04-06,2024-05-06,,,,,2.0,
3884808793,Haul Truck Driver,"Highland, UT",Summit Materials,2024-04-06,2024-05-06,,,,HOURLY,8.0,1.0
3884809589,Store Manager,"Arlington, TX",The Guitar Center Company,2024-04-06,2024-05-06,,,,,2.0,
3884809629,Accounting Clerk,San Diego Metropolitan Area,"Freedom, Inc.",2024-04-06,2024-05-06,,,,,6.0,
3884809655,Maintenance Technician,"Aurora, CO",Associa,2024-04-06,2024-05-06,,,,,5.0,
3884811143,Truck Driver - Local Class B - Penske Logistics,"Bordentown, NJ",Penske Logistics,2024-04-06,2024-05-06,,,,HOURLY,7.0,
3884812103,Truck Driver - Local Class A - Average $78000 Annually - Penske Logistics,"Winchester, KY",Penske Logistics,2024-04-06,2024-05-06,,,,,5.0,
3884813091,Interim VP of Patient Care Services/CNO,"Ketchikan, AK",AMN Healthcare Leadership Solutions,2024-04-06,2024-05-06,,,,,5.0,
3884814729,"Finance Manager, Capital Improvements","Paramus, NJ",Veolia North America,2024-04-06,2024-05-06,,,,,16.0,6.0
3884818829,Store Manager,"Goldsboro, NC",Staples Stores,2024-04-05,2024-05-06,,,,,9.0,
3884818831,Cashier Associate,"Miami, FL",Southeastern Grocers,2024-04-06,2024-05-06,,,,,5.0,
3884818922,Staff Nurse (RN) - Per Diem,"Sacramento, CA",Satellite Healthcare / WellBound,2024-04-05,2024-05-06,,,,,5.0,
3884818944,Nurse - RN - Med Surg,"Kula, HI",Solomon Page,2024-04-06,2024-05-06,,,,,6.0,
3884818969,Project Coordinator,"Downers Grove, IL",ARCO/Murray,2024-04-06,2024-05-06,,,,,10.0,
3884820680,HQ District Sales Manager,United States,NAPA Auto Parts,2024-04-06,2024-05-06,,,,,26.0,3.0
3884820706,Inside Sales and Service Representative,"East Syracuse, NY",Ingersoll Rand,2024-04-06,2024-05-06,,,,,5.0,
3884821973,Account Manager - 1438,"Nashville, TN",FloodGate Medical,2024-04-06,2024-05-06,,,,,8.0,
3884822958,Groomer,"Houston, TX",Petco,2024-04-05,2024-05-06,,,,,11.0,
3884823128,Precision Assembler - 2nd Shift,"Mocksville, NC",Ingersoll Rand,2024-04-06,2024-05-06,,,,HOURLY,6.0,
3884823184,Data Engineer (SAP ECC To HANA Migration),"Charlotte, NC","V-Soft Consulting Group, Inc.",2024-04-06,2024-05-06,,,,,31.0,8.0
3884823612,Sr. Regional Sourcing Specialist,"Westlake, LA",LyondellBasell,2024-04-05,2024-05-06,,,,,6.0,
3884823735,Dog Trainer,"Gresham, OR",Petco,2024-04-05,2024-05-06,,,,,4.0,
3884824737,Sales Specialist,"Pasadena, CA",Petco,2024-04-05,2024-05-06,,,,,7.0,
3884825560,Lead Sales Associate,"Edmond, OK",Petco,2024-04-05,2024-05-06,,,,,4.0,
3884827148,Salesperson,"Dallas, TX",Teliolabs Communications Inc.,2024-04-06,2024-05-06,,,,,2.0,
3884827467,People Business Partner - Retail,"San Francisco, CA",Rothy's,2024-04-05,2024-05-06,,106000.0,125000.0,YEARLY,4.0,
3884828322,Store General Manager - C,"Spring Hill, TN",Petco,2024-04-05,2024-05-06,,,,,13.0,
3884829876,Summer Intern - PMO Project Manager,"Kennesaw, GA","Yamaha Motor Corporation, USA",2024-04-06,2024-05-06,,,,,7.0,
3884831173,Sr iOS Engineer (Boston),"Boston, MA",Experis,2024-04-05,2024-05-06,,,,,7.0,
3884831770,Certified Occupational Therapist Assistant (COTA),"Hilo, HI",Life Care Centers of America,2024-04-06,2024-05-06,,,,,6.0,
3884832576,QA Clinical Supplies Specialist (Hybrid Schedule),"Rahway, NJ",Piper Companies,2024-04-06,2024-05-06,,,,,7.0,1.0
3884832831,Human Resource Generalist,"Denver, CO","E2 Consulting Engineers, Inc.",2024-04-06,2024-05-06,,,,,6.0,
3884835408,Registered Dietitian,"Kapolei, HI",Life Care Centers of America,2024-04-06,2024-05-06,,,,,5.0,
3884836215,Substance Use Disorder Counselor CADC/CAC - Hybrid,"Cartersville, GA",Acadia Healthcare,2024-04-06,2024-05-06,,,,,5.0,
3884836367,Physical Therapist (PT) Agency Free Facility,"New Market, VA",Life Care Centers of America,2024-04-06,2024-05-06,,,,,5.0,
3884838882,Construction and Trades Safety Professional - EHS,"Kalamazoo, MI",Eurofins PSS Insourcing Solutions,2024-04-06,2024-05-06,,,,,4.0,
3884841916,PLANT MANAGER,"Franklin, IN","Berry Global, Inc.",2024-04-06,2024-05-06,,,,,9.0,
3884842800,RN - Hospice of North Iowa - Homecare - Full Time - Days,"Woodlyn, PA",Trinity Health,2024-03-12,2024-05-06,,,,,5.0,
3884847129,Summer Intern 2024 - Public and Patient Engagement,"Washington, United States",Patient-Centered Outcomes Research Institute (PCORI),2024-04-06,2024-05-06,,,,HOURLY,9.0,1.0
3884847999,Data Analyst (Korean),United States,Lightcast,2024-04-06,2024-05-06,,,,,44.0,7.0
3884848517,Senior Writer - Corporate Communications,"Chicago, IL",UL Solutions,2024-04-05,2024-05-06,,,,,8.0,
3884849595,Part-Time Retail Sales Associate,"Lake Ozark, MO",Kohl's,2024-04-06,2024-05-06,,,,HOURLY,6.0,
3884850852,Data Analyst (Japanese),United States,Lightcast,2024-04-06,2024-05-06,,,,,5.0,
3884854561,Client Advocate - Natural Resources,"Houston, TX",WTW,2024-03-14,2024-05-06,,,,,6.0,
3884854807,Showroom Administrative Assistant,"Bluffton, SC",Rampart Supply a division of Cregger Company,2024-04-06,2024-05-06,2024-04-06,,,HOURLY,7.0,
3884855077,Relationship Banker,"Wildwood, MO",Bank of America,2024-04-06,2024-05-06,,,,,6.0,
3884856209,"Compounder (2nd Shift) - Princeton, NJ","Princeton, NJ",dsm-firmenich,2024-04-06,2024-05-06,,,,,5.0,
3884857695,Senior ETL Data Engineer - Reinsurance - Remote,United States,Avesta Computer Services,2024-04-06,2024-05-06,,,,,28.0,11.0
3884859115,Customer Care/Warranty Service Manager,"Minneapolis, MN",David Weekley Homes,2024-04-06,2024-05-06,,,,,8.0,
3884859201,Graphic Designer,New York City Metropolitan Area,,2024-04-06,2024-05-06,,,,,39.0,22.0
3884859327,"Behavioral Health Consultant - LMFT, LPCC, LCSW or Psycologist","San Marcos, CA",TrueCare,2024-04-06,2024-05-06,,77919.0,120000.0,YEARLY,4.0,
3884860122,Senior Front-End Engineer (remote),"Juneau, AK",myGwork - LGBTQ+ Business Community,2024-04-06,2024-05-06,,130000.0,160000.0,YEARLY,19.0,2.0
3884860256,FX Documentation Associate,New York City Metropolitan Area,Phaxis,2024-04-06,2024-05-06,,30.0,35.0,HOURLY,6.0,1.0
3884861021,"Co-Founder (Sales, No Salary)","Ohio, United States",Chaibag - A Specialty Chai Co.,2024-04-06,2024-10-03,,,,,10.0,
3884865472,Sales Manager,"Norwich, CT",J. Galt,2024-04-06,2024-05-06,,,,,5.0,
3884868815,Sales Manager,"York, PA",J. Galt,2024-04-06,2024-05-06,,,,,4.0,
3884893672,Content Developer | Bio & Psychology,United States,Way2Class,2024-04-06,2024-05-06,,,,,2.0,
3884894701,"Travel Nurse RN - OR - $2,553 per week in Arcata, CA","Arcata, CA",TravelNurseSource,2024-04-06,2024-05-06,,,,,2.0,
3884894976,Facilities Laborer/Maintenance,"Milwaukee, WI","Wisconsin Community Services, Inc.",2024-04-06,2024-05-06,,,,,2.0,
3884896493,"Internal Medicine Job Near Nashville, TN","Nashville, TN",Atlantic MEDsearch,2024-04-06,2024-04-26,,,,,1.0,
3884896525,"Travel Nurse RN - ER/Trauma - $2,062 per week in Dyersville, IA","Dyersville, IA",TravelNurseSource,2024-04-06,2024-05-06,,,,,2.0,
3884896641,Digital Marketing Specialist,United States,Clean Power Marketing Group,2024-04-06,2024-05-06,,,,,14.0,6.0
3884897492,Sales Manager,"Akron, OH",J. Galt,2024-04-06,2024-05-06,,,,,3.0,
3884899293,Sales Manager,"Appleton, WI",J. Galt,2024-04-06,2024-05-06,,,,,2.0,
3884899886,Property Maintenance | Mental Health,"Clifton, NJ",Collaborative Support Programs of NJ,2024-04-06,2024-05-06,,,,,1.0,
3884899919,Human Resources Recruiter,"Ottumwa, IA",Career Systems Development Corp,2024-04-06,2024-05-06,,,,,2.0,
3884899920,Registered Nurse,"San Jose, CA",Career Systems Development Corp,2024-04-06,2024-05-06,,,,,2.0,
3884906708,Internal Wholesaler- Small Market (Retirement Solutions),"Appleton, WI",Principal Financial Group,2024-04-05,2024-05-05,,57000.0,77900.0,YEARLY,4.0,
3884910768,State Testing Nursing Assistant (STNA),"Hillsboro, OH",Ciena Healthcare,2024-04-05,2024-05-05,,,,,4.0,
3884913814,Nursing Assistant,"Flint, MI",McLaren Health Care,2024-04-05,2024-05-05,,,,HOURLY,6.0,1.0
3884914252,Software Dev Engineer III,"Redmond, WA",Aditi Consulting,2024-04-05,2024-05-05,,,,,10.0,
3884915452,"Senior Partner Specialist, Xerox","Chandler, AZ",Insight,2024-04-05,2024-05-05,,,,,5.0,
3884915873,Procurement Manager,"Charlotte, NC",ANDRITZ Feed and Biofuel,2024-04-05,2024-05-05,,,,,6.0,
3884916263,Licensed Practical Nurse,"Charlotte, NC",Pride Health,2024-04-05,2024-05-05,,4500.0,5000.0,MONTHLY,8.0,
3884916733,Accounts Support Specialist - Lanier Family Practice - Forsyth,"Cumming, GA",Northside Hospital,2024-04-05,2024-05-05,,,,,4.0,
3884916794,Administrative Professional Sr (Onsite),"Cobb County, GA",Georgia Institute of Technology,2024-04-05,2024-05-05,,,,,4.0,
3884917043,Cloud Engineer,"San Francisco, CA",Computech Corporation,2024-04-05,2024-05-05,,65.0,75.0,HOURLY,83.0,35.0
3884917418,Auto Glass Installation Technician Trainee,"Longmont, CO",Safelite,2024-04-05,2024-05-05,,22.0,33.0,HOURLY,9.0,1.0
3884917499,Material Handler,"Colorado Springs, CO",Holcim,2024-04-05,2024-05-05,,,,HOURLY,7.0,
3884918481,Airport Deputy General Manager - Chief Commercial Officer,"Atlanta, GA",City of Atlanta,2024-04-05,2024-05-05,,,,,136.0,2.0
3884918854,Forklift Operator,"Conroe, TX","Unimacts Global, LLC",2024-04-05,2024-05-05,,,,,12.0,1.0
3884919105,Auto Glass Installation Technician Trainee,"Union City, CA",Safelite,2024-04-05,2024-05-05,,,,,4.0,
3884919199,"Sr. Manager, Land and Environment","Chicago, IL",Holcim,2024-04-05,2024-05-05,,,,,4.0,
3884920499,"Oncology MSL, Multiple Territories ",United States,Meet,2024-04-05,2024-05-05,,140000.0,190000.0,YEARLY,15.0,2.0
3884924066,Chief Marketing Officer,"New York, NY",Girl Scouts of the USA,2024-04-05,2024-05-05,,325000.0,375000.0,YEARLY,188.0,19.0
3884925073,Registered Nurse (RN) Intensive Care Nights,"Stafford Springs, CT",Trinity Health Of New England,2024-03-11,2024-05-05,,,,,5.0,
3884925499,Powerpoint/Presentation Specialist,"Jersey City, NJ",LTIMindtree,2024-04-05,2024-05-05,,100000.0,130000.0,YEARLY,14.0,3.0
3884925952,Summer Temporary - Certified Nursing Assistant (CNA) - 3 South (24/E/N),"Plymouth, MA",Beth Israel Lahey Health,2024-04-05,2024-05-05,,,,,6.0,
3884927834,Leave & Disability Examiner,United States,The Standard,2024-04-05,2024-05-05,,,,HOURLY,28.0,4.0
3884928716,Product Manager (1909050),"Atlanta, GA",Tier4 Group,2024-04-05,2024-05-05,,,,,178.0,55.0
3884929366,Summer Temporary - Certified Nursing Assistant (CNA) - 3 South (36/E/N),"Plymouth, MA",Beth Israel Lahey Health,2024-04-05,2024-05-05,,,,,4.0,
3884929684,Airport Services - General Operator,"Los Angeles, CA","Oshkosh AeroTech, LLC",2024-04-05,2024-05-05,,,,,12.0,
3884930507,Licensed Practical Nurse - Full-Time All Shifts,"Sturgeon Bay, WI","North Shore Healthcare, LLC",2024-04-05,2024-05-05,,,,HOURLY,4.0,
3884930600,Pump Mechanic/Assembler - 1st shift ($19.91+/hr.),"Appleton, WI",Pierce Manufacturing,2024-04-05,2024-05-05,,,,HOURLY,4.0,
3884933089,"Emergency Room Environmental Service Associate - Full Time, Night Shift (Nazareth)","Philadelphia, PA",Trinity Health Mid-Atlantic,2024-04-05,2024-05-05,,,,,7.0,
3884933114,"Mental Health Provider, Generalist","Madison, WI",University Health Services,2024-04-05,2024-05-05,,,,YEARLY,8.0,
3884934912,Low Latency Java Developer,New York City Metropolitan Area,BAMM Staffing,2024-04-05,2024-05-05,,,,,107.0,18.0
3884937111,Senior Accountant - West Omaha Headquarters - One of Nebraska’s Best Corporations - HEMPHILL EXCLUSIVE!,"Omaha, NE",Hemphill - Search • Consulting • Staffing,2024-04-05,2024-05-05,,73000.0,86000.0,YEARLY,5.0,
3884937134,Asset Visibility Logistic Analyst (CIPBO),"Liberty, NC",V2X Inc,2024-04-05,2024-05-05,,,,,10.0,
3884937289,Supervisor- Process Operations,"Kershaw, SC",OceanaGold Corporation,2024-04-05,2024-05-05,,,,,12.0,
3884937349,Archaeological Technician (On-Call),"Los Angeles, CA",Kleinfelder,2024-04-05,2024-05-05,,,,,6.0,
3884939241,Hybrid (Only W2 role) :: Cobol Engineer :: Pittsburgh PA :: contract ,"Pittsburgh, PA",Visionary Innovative Technology Solutions LLC,2024-04-05,2024-05-05,,,,,10.0,
3884939373,ECE LBD High School Teacher #1 - Valley High School - JOB ID 30180 (2024-2025) - Start Time 8:40,"Louisville, KY",Jefferson County Public Schools,2024-04-05,2024-05-05,,,,,3.0,
3884988890,Airport Ramp Agent- F9,"Kenner, LA",GAT Airline Ground Support,2024-04-05,2024-05-05,,,,,7.0,
3884991624,"Event Coordinator, Transportation Partner Experience","Seattle, WA",Amazon,2024-04-02,2024-05-06,,,,,39.0,4.0
3884992276,"Senior Partner Solutions Architect, Financial Services","Chicago, IL",Amazon Web Services (AWS),2024-04-02,2024-05-06,,122900.0,239000.0,YEARLY,6.0,
3884992280,"Program Manager- Senior Reliability, Maintenance, and Engineering (RME) Planner, Global Planning Team","Denver, CO",Amazon,2024-03-11,2024-05-06,,59300.0,142800.0,YEARLY,5.0,
3884993113,CNA - SNF-West Wing - Sharp Chula Vista Medical Center - Night Shift - FT,"Chula Vista, CA",Sharp HealthCare,2024-04-05,2024-05-06,,,,,8.0,
3884996356,"Software Development Manager, Alexa Entertainment Discovery Team","Seattle, WA",Amazon,2024-03-14,2024-05-06,,148000.0,287700.0,YEARLY,3.0,
3885100365,Nurse Practitioner,"Chiefland, FL",PedIM Healthcare,2024-04-06,2024-05-06,,,,,2.0,
3885100806,Dental Assistant (10 hours a week,"Ottumwa, IA",Career Systems Development Corp,2024-04-06,2024-05-06,,,,,1.0,
3885100810,Security Officer,"Ottumwa, IA",Career Systems Development Corp,2024-04-06,2024-05-06,,,,,2.0,
3885101069,"Travel Nurse RN - PCU - $2,272 per week in Madison, WI","Madison, WI",TravelNurseSource,2024-04-06,2024-05-06,,,,HOURLY,2.0,
3885101682,"Weekend Physical Therapist - $10,000 Bonus","Columbia, SC",Interim HealthCare Inc.,2024-04-06,2024-05-06,,,,,2.0,
3885101748,Apartment Maintenance Supervisor - LangTree Lake Norman,"Mooresville, NC",Grubb Properties,2024-04-06,2024-05-06,,,,,2.0,
3885101996,BIM Modeler,Detroit Metropolitan Area,"Hatzel & Buehler, Inc",2024-04-06,2024-05-06,,,,,4.0,
3885102315,Full Time Distribution Specialist,"Spencer, IA",Arnold Motor Supply,2024-04-06,2024-05-06,,,,,1.0,
3885102421,Social Development Director,"Bronx, NY",Career Systems Development Corp,2024-04-06,2024-05-06,,,,,1.0,
3885102543,Licensed Vocational Nurse (LVN),"Visalia, CA",Quail Park Communities,2024-04-06,2024-05-06,,,,,2.0,
3885102677,CERTIFIED NURSING ASSISTANT,"Salisbury, NC",Liberty Healthcare and Rehabilitation Services,2024-04-06,2024-05-06,,,,,2.0,
3885103809,Special Education Teacher,"Plevna, MT",,2024-04-06,2024-05-06,,,,,2.0,
3885104395,Data migration Architect with Windchill,"Minneapolis, MN",Troy Consultancy,2024-04-06,2024-05-06,,,,,2.0,
3885104429,HOME CARE PHYSICAL THERAPIST PT,"Fayetteville, NC",Liberty Healthcare and Rehabilitation Services,2024-04-06,2024-05-06,,,,,1.0,
3885105108,"Physical Therapist - PT - Pensacola - Crestview, FL","Pensacola, FL",Great Strides Rehabilitation,2024-04-06,2024-05-06,,,,,1.0,
3885105172,Front_Desk_Administrator,United States,,2024-04-06,2024-05-06,,,,,3.0,
3885105395,LICENSED PRACTICAL NURSE (LPN) - THE FOLEY CENTER AT CHESTNUT RIDGE,"Blowing Rock, NC",Liberty Healthcare and Rehabilitation Services,2024-04-06,2024-05-06,,,,,2.0,
3885105454,Marketing Coordinator,"Chicago, IL",ROOT3 Marketing & Business Development,2024-04-06,2024-10-03,,,,,,
3885106434,Data Analyst-CA,"California, United States",ATC,2024-04-06,2024-05-06,,,,,3.0,
3885107883,Database Support Analyst,Los Angeles Metropolitan Area,"Milestone Technologies, Inc.",2024-04-06,2024-05-06,,,,,5.0,
3885107970,"Corporate Controller, General Ledger","New York, NY",Newmark,2024-04-06,2024-05-06,,,,,2.0,
3885108039,REGISTERED NURSE SUPERVISOR (RN) - ROYAL PARK REHABILITATION AND HEALTH CENTER,"Matthews, NC",Liberty Healthcare and Rehabilitation Services,2024-04-06,2024-05-06,,,,,2.0,
3885108043,LICENSED PRACTICAL NURSE (LPN) - THE FOLEY CENTER AT CHESTNUT RIDGE,"Blowing Rock, NC",Liberty Healthcare and Rehabilitation Services,2024-04-06,2024-05-06,,,,,2.0,
3885108073,HOME CARE REGISTERED NURSE,"Siler City, NC",Liberty Healthcare and Rehabilitation Services,2024-04-06,2024-05-06,,,,,2.0,
3885108686,Project Management Coach,"Virginia, United States",Syllaby,2024-04-06,2024-05-06,,,,,12.0,
3885109686,Mortgage Loan Officer,United States,,2024-04-06,2024-05-06,,,,,1.0,
3885109872,Community Education Specialist,"Toledo, Ohio Metropolitan Area","Keep Toledo/Lucas County Beautiful, Inc.",2024-04-07,2024-05-07,,37000.0,41000.0,YEARLY,13.0,
3885109963,US Marketing Specialist-Social Media,"Seattle, WA",Roborock,2024-04-07,2024-10-04,,,,,7.0,1.0
3885110339,Administrative Assistant,"Houston, TX",,2024-04-06,2024-10-03,,,,,7.0,2.0
3885110416,Controller,"Reno, NV",Sierra Executive Solutions Inc,2024-04-06,2024-05-06,,110000.0,120000.0,YEARLY,3.0,
3885110728,Injector,Greater Phoenix Area,Russ Lyon Sotheby's International Realty,2024-04-07,2024-10-04,,,,,4.0,
3885110733,Festival Perimeter Staff,"San Francisco, CA",Stern Grove Festival Association,2024-04-07,2024-10-04,,,,,,
3885111344,Registered Dietitian,"Pasadena, CA",Your Life Nutrition ,2024-04-06,2024-05-06,,,,,3.0,
3885111467,Legal Secretary,"Bridgewater, NJ",LHH,2024-04-06,2024-05-06,,,,,2.0,
3885111483,Sales Account Executive,"Tampa, FL",Lavu Inc.,2024-04-06,2024-05-06,,,,,3.0,
3885112484,Copy Editor ,New York City Metropolitan Area,CGTN,2024-04-07,2024-05-07,,,,,4.0,
3885112508,Bartender,"Las Vegas, NV",Drybar,2024-04-07,2024-05-07,,,,HOURLY,2.0,
3885113163,Executive Assistant,"Bellevue, WA",Sogeti,2024-04-06,2024-05-06,,,,,2.0,
3885113173,Salesperson,Cape Coral Metropolitan Area,,2024-04-06,2024-05-06,,,,,3.0,
3885113291,SQL Developer,United States,,2024-04-07,2024-10-04,,,,,134.0,62.0
3885114149,Assistant Director of Hotel Operations - The J Resort - 4/6/2024,"Reno, NV",Sierra Executive Solutions Inc,2024-04-06,2024-05-06,,68000.0,102000.0,YEARLY,2.0,
3885114176,Public Figure Protection / Executive Protection Team Lead,"Menlo Park, CA",Gavin de Becker & Associates,2024-04-06,2024-05-06,,70000.0,90000.0,YEARLY,2.0,
3885114196,Doctor,"Warrenville, IL","Health Doctors, Ltd. ",2024-04-06,2024-05-06,,,,,2.0,
3885115057,Social Media Strategist,Los Angeles Metropolitan Area,Ettika,2024-04-07,2024-10-04,,,,,2.0,
3885115187,Medical Aesthetician,"San Antonio, Texas Metropolitan Area",Prime Vitality Wellness,2024-04-07,2024-10-04,,16.0,24.0,HOURLY,3.0,
3885313417,Union Delivery Truck Driver - CDL Class A,"Maryland Heights, MO",Ferguson ,2024-04-06,2024-05-06,,,,,7.0,
3885349901,"AVP, Client Services Manager","West Chester, OH",Synchrony,2024-04-05,2024-05-06,,75000.0,130000.0,YEARLY,15.0,
3885805690,"Manager, Product Management - Card","Richmond, VA",Capital One,2024-04-06,2024-05-06,,,,,4.0,
3885805911,Registered Nurse - Cancer Center - PRN Tier 1,"Lebanon, PA",WellSpan Health,2024-04-05,2024-05-06,,,,,6.0,
3885806695,"Software Engineer, Full Stack","McLean, VA",Capital One,2024-04-06,2024-05-06,,,,,51.0,9.0
3885806699,"Sr Business Analyst, Travel Growth","McLean, VA",Capital One,2024-04-06,2024-05-06,,,,,6.0,
3885807498,"Senior Software Engineer, Back End (GoLang)","Chicago, IL",Capital One,2024-04-06,2024-05-06,,,,,4.0,
3885807503,"Lead Software Engineer, Back End","McLean, VA",Capital One,2024-04-06,2024-05-06,,,,,7.0,
3885807877,Data  entry,United States,Optima Bio Supply Ltd,2024-04-06,2024-05-06,,,,,200.0,43.0
3885809747,Front Desk Associate/Security Rep,"Chandler, AZ",Insight,2024-04-06,2024-05-06,,,,,7.0,
3885810350,Data Engineer,"Plano, TX",Capital One,2024-04-06,2024-05-06,,,,,20.0,1.0
3885811633,Service Assistant,"Miami, FL",Tesla,2024-04-06,2024-05-06,,,,,20.0,1.0
3885811817,Financial Advisor,"Santa Rosa, CA",Edward Jones,2024-04-06,2024-05-06,,,,,6.0,
3885811837,"Retail Data Analyst | Hybrid - Aurora, IL","Aurora, IL",Old Second National Bank,2024-04-05,2024-05-06,,,,,6.0,
3885811897,Golf Services,"King of Prussia, PA",Topgolf,2024-04-06,2024-05-06,,,,,4.0,
3885812456,Branch Office Administrator,"Dunkirk, MD",Edward Jones,2024-04-06,2024-05-06,,24.0,31.0,HOURLY,6.0,
3885812712,"Event Sales Manager | Benefits Include: Paid Vacation, Medical, Dental, Vision, 401K, and MANY MORE! ","Sacramento, CA",Hyatt Regency,2024-04-06,2024-05-06,,64848.0,78700.0,YEARLY,4.0,
3885813301,Account Sales Representative,"New Orleans, LA",Natera,2024-04-05,2024-05-06,,,,,11.0,2.0
3885815086,Assistant Construction Manager Intern,"Plymouth, MA",Toll Brothers,2024-04-06,2024-05-06,,,,,5.0,
3885819120,Line Cook,"Scottsdale, AZ",Topgolf,2024-04-06,2024-05-06,,,,,5.0,
3885820456,Radiation Oncologist,"Madison, WI",UW School of Medicine and Public Health,2024-04-06,2024-05-06,,,,,6.0,
3885822777,Tax Manager,"South St Paul, MN",CyberCoders,2024-04-05,2024-05-06,,110000.0,160000.0,YEARLY,4.0,
3885824395,Cook,"Fort Collins, CO",Raising Cane's Chicken Fingers,2024-04-06,2024-05-06,,15.85,16.5,HOURLY,4.0,
3885824734,Project Manager - K-12/Municipal Construction,"Sarasota, FL",CyberCoders,2024-04-05,2024-05-06,,,,,4.0,
3885824923,Infrastructure Engineer,"Dallas, TX",TEKsystems,2024-04-05,2024-05-06,,,,,5.0,
3885825124,Native Nations UW Administrative Coordinator,"Madison, WI",University of Wisconsin-Madison,2024-04-06,2024-05-06,,,,,4.0,
3885825307,Occupational Therapist OT Home Health PRN,"Jefferson City, MO",Elara Caring ,2024-04-06,2024-05-06,,,,,4.0,
3885825514,Supervisor-Food + Nutrition (Patient Care Services),"New York, NY",NYU Langone Health,2024-04-05,2024-05-06,,,,,7.0,
3885825893,Patient Service Representative,"San Diego, California, United States",TEKsystems,2024-04-05,2024-05-06,,,,,4.0,
3885825903,Medical Receptionist,"West Babylon, NY",TEKsystems,2024-04-05,2024-05-06,,,,HOURLY,6.0,
3885826056,Underwriting Specialist - Intern,"Atlanta, GA",NFP,2024-04-05,2024-05-06,,,,,5.0,
3885826289,Cook,"Bloomingdale, IL",Raising Cane's Chicken Fingers,2024-04-06,2024-05-06,,16.0,17.5,HOURLY,6.0,
3885826583,Roadway Engineer/Roadway Designer,"Columbus, OH",CyberCoders,2024-04-05,2024-05-06,,70000.0,110000.0,YEARLY,4.0,
3885826587,Remote International Tax Manager - 180k -200k,"Pittsburgh, PA",CyberCoders,2024-04-05,2024-05-06,,,,,4.0,
3885826605,Senior Tax Associate,"San Francisco, CA",CyberCoders,2024-04-05,2024-05-06,,90000.0,120000.0,YEARLY,4.0,
3885826864,Customer Service Specialist,"Newton, IA",TEKsystems,2024-04-05,2024-05-06,,,,HOURLY,7.0,
3885827353,Host Associate-Food Service,"New York, NY",NYU Langone Health,2024-04-05,2024-05-06,,,,,6.0,
3885827656,Maintenance Technician-2nd Shift,"Elgin, IL",TC Transcontinental,2024-04-05,2024-05-06,,25.0,35.0,HOURLY,3.0,
3885827745,REMOTE - SQL Server DBA (Solar Winds Required And W2),"Houston, TX",TEKsystems,2024-04-05,2024-05-06,,,,,5.0,
3885828075,Claims Adjuster - Centralized,NAMER,Progressive Insurance,2024-04-06,2024-05-06,,,,,29.0,5.0
3885828603,School Psychologist Opportunity For 24/25 School Year,"Tucson, AZ",Maxim Healthcare Staffing,2024-04-05,2024-05-06,,,,,5.0,
3885828625,Retail Merchandiser - Electronics - Part Time,"Juneau, AK",ActionLink,2024-04-06,2024-05-06,,,,HOURLY,4.0,
3885829250,Medical Equipment Field Technician,"North Haven, CT",Cardinal Health,2024-04-06,2024-05-06,,,,HOURLY,5.0,
3885829549,CNA (Certified Nursing Assistant) - ST,"Bangor, ME",Maxim Healthcare Staffing,2024-04-05,2024-05-06,,,,,4.0,
3885829894,Business Development Representative,"Draper, UT",Proofpoint,2024-04-06,2024-05-06,,,,,6.0,
3885830093,"Lead Engineer, EE Digital Hardware Design","Phoenix, AZ",Nikola Corporation,2024-04-06,2024-05-06,,,,,5.0,
3885830665,Production Supervisor - Ready To Cook (Evening Shift),"Raeford, NC","Butterball, LLC",2024-04-06,2024-05-06,,,,,5.0,
3885832533,Staff Software Engineer - Big Data Federal,"San Diego, CA",ServiceNow,2024-04-06,2024-05-06,,142700.0,249800.0,YEARLY,4.0,
3885833837,Manager of PACU,"Riverside, CA",Riverside Community Hospital,2024-04-06,2024-05-06,,118539.2,177819.2,YEARLY,5.0,
3885834176,Speech Language Pathologist - 1 Month Contract,"Albany, CA",Maxim Healthcare Staffing,2024-04-05,2024-05-06,,,,,4.0,
3885836177,Director of Plant Operations,"Las Vegas, NV",MountainView Hospital,2024-04-06,2024-05-06,,106766.4,160160.0,YEARLY,8.0,1.0
3885836672,Mental Health RN,"Englewood, CO",Springstone,2024-04-05,2024-05-06,,36.0,48.0,HOURLY,6.0,
3885837174,Director of Safety,"Englewood, CO",Swedish Medical Center,2024-04-06,2024-05-06,,86153.6,129209.6,YEARLY,4.0,
3885837176,Labor Delivery Certified Surgical Technologist,"Reston, VA",Reston Hospital,2024-04-06,2024-05-06,,,,,4.0,
3885843938,Traveling Electrician,"Evansville, IN",Tradesmen International,2024-04-05,2024-05-06,,,,,6.0,
3885844374,Leadership Coach - WashU Leads,"St Louis, MO",Washington University in St. Louis,2024-04-06,2024-05-06,,,,,4.0,
3885848414,Traffic Clerk at Guard Shack,"Allentown, PA",Lineage,2024-04-06,2024-05-06,,,,,11.0,1.0
3885850268,Processor - U.S. Based Remote,"Denver, CO",Secured Land Transfers,2024-04-05,2024-05-06,,20.0,30.0,HOURLY,8.0,
3885850965,Senior Billing Representative,"Iowa City, IA",C.H. Robinson,2024-04-04,2024-05-06,,,,,8.0,
3885852142,Assistant Project Controls Consultant,"San Francisco, CA",WSP in the U.S.,2024-04-05,2024-05-06,,67700.0,80600.0,YEARLY,4.0,
3885852341,C++ Algo Software Engineer - Chicago/New York- Leading Quant-Driven Market-Maker,"Chicago, IL",Jobs via eFinancialCareers,2024-03-12,2024-05-06,,,,,11.0,
3885855633,"Registered Nurse - MICU - Part Time, Nights","Patchogue, NY",Long Island Community Hospital,2024-04-06,2024-05-06,,52.05,65.0,HOURLY,5.0,
3885855743,MS Travel LPN - Job Id: JO03715786,"South Hill, VA",Health Carousel Nursing & Allied Health,2024-04-06,2024-05-06,,,,,5.0,
3885856172,Driver,"Grapevine, TX",Aimbridge Hospitality,2024-04-06,2024-05-06,,,,,5.0,
3885857263,"Controller, CPA","Arvin, CA",Creative Financial Staffing (CFS),2024-04-06,2024-05-06,,130000.0,190000.0,YEARLY,5.0,
3885858346,Accounting Analyst - Progression,"Simsbury, CT",Creative Financial Staffing (CFS),2024-04-06,2024-05-06,,70000.0,80000.0,YEARLY,5.0,
3885860038,Retail Sales Associate,"La Mesa, CA","Burlington Stores, Inc.",2024-04-06,2024-05-06,,,,HOURLY,4.0,
3885861110,RAD Travel Interventional Radiology Technologist - Job Id: JO03715815,"Baltimore, MD",Health Carousel Nursing & Allied Health,2024-04-06,2024-05-06,,,,MONTHLY,4.0,
3885861741,"Locum Hospitalist Physician job in Portsmouth, NH - Make $180/hr - $200/hr","Portsmouth, NH",Aya Locums,2024-04-06,2024-05-06,,,,,6.0,
3885861753,Retail Store Manager,"Durango, CO",Spectrum,2024-04-06,2024-05-06,,,,,6.0,
3885864387,"Retail Sales Specialist (Bilingual Spanish) - $18.00 per hour, plus commission and incentives!","Columbus, OH",Spectrum,2024-04-06,2024-05-06,,,,,3.0,
3885864920,Lead Cabling Technician,"San Francisco, CA",Energy Jobline,2024-04-06,2024-05-06,,,,,7.0,
3885866321,"Retail Sales Specialist - $20.00 per hour, plus commission and incentives!","Biddeford, ME",Spectrum,2024-04-06,2024-05-06,,,,,4.0,
3885866851,Assembler - 3rd (11pm - 7am),"Wooster, OH",Energy Jobline,2024-04-06,2024-05-06,,,,HOURLY,5.0,
3885868289,Culture & People Business Partner,"Atlanta, GA",Beazley,2024-04-06,2024-05-06,,110000.0,130000.0,YEARLY,7.0,
3885869232,Community Director - EX,"Lake Forest, CA",FPI Management,2024-04-06,2024-05-06,,73000.0,83000.0,YEARLY,7.0,
3885869325,Quality Food Safety Technician II,"Northfield, MN",Energy Jobline,2024-04-06,2024-05-06,,,,,5.0,
3885880529,Host,"Washington, DC",National Democratic Club,2024-04-06,2024-05-06,,,,,8.0,
3886210814,CFO - Insurance MGU/MGA - Remote,"New York, NY",Oliver James,2024-04-06,2024-04-16,,,,,2.0,
3886213400,Junior Software Engineer,Washington DC-Baltimore Area,Rexus Group,2024-04-06,2024-05-06,,,,,90.0,11.0
3886213529,Detection  & amp; Investigation Associate - Complex Investigations,"Birmingham, AL",PNC,2024-04-06,2024-05-06,,,,,2.0,
3886216239,Shipment Analyst,"New York, United States",FFL Prosper,2024-04-07,2024-05-07,,25.0,30.0,HOURLY,2.0,
3886218051,Structural Engineer,"Scotia, NY",BrandSafway,2024-04-07,2024-05-07,,,,,27.0,3.0
3886442606,Veterinary Assistant,"Fridley, MN",Petco,2024-04-08,2024-05-09,,,,,4.0,
3886443632,retail sales associate lodge,"Brick, NJ",DICK'S Sporting Goods,2024-04-09,2024-05-09,,,,,3.0,
3886447747,INSTRUMENT/STER PROCESSOR,"Ann Arbor, MI",University of Michigan,2024-04-09,2024-05-09,,43804.0,45115.0,YEARLY,4.0,
3886448009,Retail Sales Associate Apparel,"Huntington, WV",DICK'S Sporting Goods,2024-04-09,2024-05-09,,,,,3.0,
3886448188,Sales Lead - Chico's,"Harrisburg, PA","Chico's FAS, Inc.",2024-04-09,2024-05-09,,,,,4.0,
3886448726,Azure Cloud Database Developer,United States,Piper Companies,2024-04-09,2024-05-09,,,,,4.0,
3886448729,Catering Sales Manager Hilton Hotel,"Galveston, TX","San Luis Resort, Spa and Conference Center",2024-04-09,2024-05-09,,,,,4.0,
3886448738,Counselor,"Reno, NV",,2024-04-09,2024-05-09,,,,,3.0,
3886448958,Receptionist,"Indianapolis, IN",H&R Block,2024-04-09,2024-05-09,,,,,5.0,
3886449055,Retail Cashier,"St Paul, MN",DICK'S Sporting Goods,2024-04-09,2024-05-09,,,,,4.0,
3886449183,"Environmental Technician, Lead","Alaska, United States",ASRC Federal,2024-04-09,2024-05-09,,,,,5.0,
3886450572,Tournament Coordinator Intern,"Dallas, TX",BearClaw Gaming,2024-04-09,2024-05-09,,150.0,2000.0,MONTHLY,2.0,
3886450586,Receptionist,"Greenville, NC",H&R Block,2024-04-09,2024-05-09,,,,,5.0,
3886450720,Sr. Cost Accountant,"Geneva, IL",OSI Group,2024-04-09,2024-05-09,,,,,4.0,
3886450788,Receptionist,"Lafayette, LA",H&R Block,2024-04-09,2024-05-09,,,,,8.0,
3886451335,Lead Installation Analysis Engineer,"Houston, TX",Core Group Resources,2024-04-09,2024-05-09,,,,,4.0,
3886451417,LPN Licensed Practical Nurse Weekend Baylor,"Boise, ID",Life Care Centers of America,2024-04-09,2024-05-09,,,,HOURLY,4.0,
3886451520,"IT Project Manager, Level I (Pantex)","Amarillo, TX",Akima,2024-04-09,2024-05-09,,,,,7.0,1.0
3886452791,Receptionist,"Kansas City, MO",H&R Block,2024-04-09,2024-05-09,,,,,5.0,
3886453384,Director Business Compliance,United States,Discover Financial Services,2024-03-26,2024-05-09,,173000.0,263400.0,YEARLY,7.0,
3886453442,Mental Health Clinician,"McMinnville, OR",Lutheran Community Services Northwest,2024-04-09,2024-05-09,,,,,5.0,
3886453669,Receptionist,"Queens, New York, United States",H&R Block,2024-04-09,2024-05-09,,,,,5.0,
3886454324,Receptionist,"Dallas, TX",H&R Block,2024-04-09,2024-05-09,,,,,4.0,
3886456179,Account Manager,"Chicago, IL",Ingersoll Rand,2024-04-09,2024-10-06,,,,,40.0,3.0
3886457088,Receptionist,"Danbury, CT",H&R Block,2024-04-09,2024-05-09,,,,,4.0,
3886457985,New Home Sales | Career Information Session,"Ocala, FL","NVR, Inc.",2024-04-09,2024-05-09,,,,,4.0,
3886458895,Business Relationship Officer,"Carson, CA",East West Bank,2024-04-09,2024-05-09,,,,,4.0,
3886460793,3rd Grade Teacher - Tucson - 2024-2025,"Tucson, AZ",The Academies of Math and Science,2024-04-09,2024-05-09,,44770.0,50550.8,YEARLY,5.0,
3886461749,Quality Food Safety Manager,"Meadville, PA",Post Consumer Brands,2024-04-09,2024-05-09,,,,,7.0,
3886462676,RN - Emergency Department - Part Time - Days,"Mason City, IA",Trinity Health,2024-04-09,2024-05-09,,,,,4.0,
3886464738,Audiologist - Fairbanks AK,"Fairbanks, AK",The Job Network,2024-04-09,2024-05-09,,,,,5.0,
3886465255,Branch Operations Lead,"Carson, CA",East West Bank,2024-04-09,2024-05-09,,23.0,25.0,HOURLY,5.0,
3886465258,Business Relationship Officer,"Irvine, CA",East West Bank,2024-04-09,2024-05-09,,,,,5.0,
3886465586,Customer Success Manager,United States,Oracle,2024-04-02,2024-05-09,,,,,171.0,24.0
3886465630,RN Critical Care Float Pool – Day Shift,"Everett, WA",The Job Network,2024-04-09,2024-05-09,,43.91,82.43,HOURLY,5.0,
3886466010,Account Manager,"Louisville, KY",Trane Technologies,2024-04-04,2024-05-09,,,,YEARLY,6.0,
3886466156,Associate Team Leader,"Boise, ID",H&R Block,2024-04-09,2024-05-09,,,,,4.0,
3886466289,Dental Hygienist - choose your own schedule,"Fredericksburg, VA",The Job Network,2024-04-09,2024-05-09,,55.0,75.0,HOURLY,4.0,
3886468201,RN Fellow - Tele Cardiac 4S *PHCMC June 2024*,"Mission Hills, KS",The Job Network,2024-04-09,2024-05-09,,46.65,73.84,HOURLY,4.0,
3886468239,RN Wound Specialist - Home Health,"Tukwila, WA",The Job Network,2024-04-09,2024-05-09,,44.48,70.41,HOURLY,5.0,
3886468242,"Physical Therapist (PT) - $5,000.00 Sign On Bonus Available","Hamburg, PA",The Job Network,2024-04-09,2024-05-09,,,,,6.0,
3886468483,Part-Time Stockroom Operations Associate (Early Morning),"Jersey City, NJ",Kohl's,2024-04-09,2024-05-09,,,,,6.0,
3886469211,Physical Therapist Assistant (PTA),"Mount Airy, MD",The Job Network,2024-04-09,2024-05-09,,,,,4.0,
3886476972,Commercial Card Relationship Manager - Payments - Vice President,"Elgin, IL",myGwork - LGBTQ+ Business Community,2024-04-09,2024-05-09,,,,,5.0,
3886477794,"Social Studies Teacher, Middle School","Los Angeles, CA",Westmark School,2024-04-09,2024-10-06,,67000.0,85000.0,YEARLY,21.0,
3886478586,Relationship Banker,"Hazelwood, MO",Bank of America,2024-04-09,2024-05-09,,,,,5.0,
3886479617,Teacher,"Portland, TX",GREGORY-PORTLAND ISD,2024-04-09,2024-05-09,,,,,6.0,1.0
3886479947,Legal AI Tutor (JD Required),United States,Mercor,2024-04-09,2024-10-06,,,,HOURLY,27.0,7.0
3886481231,Relationship Banker,"Northbrook, IL",Bank of America,2024-04-09,2024-05-09,,,,,4.0,
3886481545,Corporate Accounting VP/Controller - Top Investment Firm,"Dallas, TX","Cyperus Group, Inc",2024-04-09,2024-05-09,,150000.0,170000.0,YEARLY,22.0,1.0
3886482467,Director of Real Estate Development,"Scottsdale, AZ",Rise Above Enterprises Dev LLC,2024-04-09,2024-05-09,,,,,8.0,
3886482691,Human Resources Specialist,United States,Peace Corps,2024-04-09,2024-05-09,,,,,6.0,
3886485393,Process Engineer,"Chico, CA",Nanotech Energy ,2024-04-09,2024-05-09,,,,,14.0,
3886487211,"Sr. Radio Frequency Network Engineer, SBG","San Diego, CA","DSS, Inc.",2024-04-09,2024-05-09,,,,,3.0,
3886809854,Associate,United States,,2024-04-09,2024-05-09,,,,,10.0,1.0
3886825474,Senior Software Engineer,United States,CodeMonk,2024-04-09,2024-05-09,,,,,6.0,1.0
3886829574,Commercial Insurance Account Manager,"Tampa, FL",The Jonus Group,2024-04-08,2024-05-09,,,,,6.0,
3886833194,Prestige Beauty Advisor,"Waco, TX",Ulta Beauty,2024-04-09,2024-05-09,,,,,5.0,
3886834971,Market Development Manager - Hematology/Oncology,"Madison, WI",Thermo Fisher Scientific,2024-04-09,2024-05-09,,110000.0,140000.0,YEARLY,5.0,
3886838559,PT Produce Sales Associate,"Newark, DE",Food Lion,2024-04-09,2024-05-09,,,,,4.0,
3886840074,Operations Finance Analyst II,"North Carolina, United States",Thermo Fisher Scientific,2024-04-09,2024-05-09,,,,,5.0,
3886840509,PT Sales Associate Cashier,"Fayetteville, NC",Food Lion,2024-04-09,2024-05-09,,,,,4.0,
3886845701,Payee/Benefits Specialist,"Cincinnati, OH",Greater Cincinnati Behavioral Health Services,2024-04-09,2024-05-09,,,,,3.0,
3886846188,"Area Leisure Sales Manager, Hawaii","Wailea, HI",Accor - North & Central America,2024-04-08,2024-05-09,,86000.0,91000.0,YEARLY,4.0,
3886847187,"Housekeeping Supervisor, Grant Grove","Canyon, CA",Delaware North,2024-04-09,2024-05-09,,19.0,19.0,HOURLY,5.0,
3886848115,Front Desk Supervisor,"San Diego, CA",Accor - North & Central America,2024-04-09,2024-05-09,,,,HOURLY,7.0,
3886852357,Sr Social Media Specialist,United States,Fostio,2024-04-09,2024-05-09,,,,,6.0,
3886862697,RN Home Health,"Chehalis, WA",The Job Network,2024-04-09,2024-05-09,,,,,4.0,
3886863575,Physical Therapist (PT),"Oxnard, CA",The Job Network,2024-04-09,2024-05-09,,,,,4.0,
3886865500,Physical Therapist (PT),"Tulsa, OK",The Job Network,2024-04-09,2024-05-09,,,,,5.0,
3886866372,Nurse Practitioner I,"Fredericksburg, VA",The Job Network,2024-04-09,2024-05-09,,,,,5.0,
3886868037,Physical Therapist (PT),"Exton, PA",The Job Network,2024-04-09,2024-05-09,,,,,5.0,
3886873795,Front Desk Agent - Days Inn Encinitas,"Encinitas, CA",Remington Hospitality,2024-04-09,2024-05-09,,,,HOURLY,4.0,
3886875617,Consulente Commerciale,"Modena, UT",EdiliziAcrobatica® S.p.A.,2024-04-09,2024-05-09,,,,,4.0,
3886876694,Digital Marketing Sales Representative - Earn 6 figures,United States,Legacy Digital SEO,2024-04-09,2024-10-06,,,,,79.0,12.0
3886877698,Guest Experience Lead | Grand Boulevard Store,"Miramar Beach, FL",myGwork - LGBTQ+ Business Community,2024-04-09,2024-05-09,,,,,9.0,
3886877876,Barber,"San Diego, CA",DEES BEAUTY SALON,2024-04-09,2024-05-09,,,,,8.0,
3886878901,Receptionist,"Katy, TX",,2024-04-09,2024-05-09,,,,,7.0,1.0
3886879340,Pharmaceutical Manufacturing Plant Manager [28254],"Minden, NV",,2024-04-09,2024-05-09,,,,,14.0,4.0
3886880228,Account Manager,Detroit Metropolitan Area,Movement Search & Delivery,2024-04-09,2024-05-09,,100000.0,120000.0,YEARLY,3.0,
3886881432,Entry-Level Operability/SWAT Engineer,"Waukegan, IL",Revature,2024-04-09,2024-05-09,,,,,11.0,1.0
3886882164,Construction Project Manager,"Alexandria, LA",DSW,2024-04-09,2024-05-09,,,,,23.0,4.0
3886884862,SAC/Reporting Developer,United States,Optomi,2024-04-09,2024-05-09,,70.0,80.0,HOURLY,78.0,8.0
3886885222,Field Service Technician,"Wichita Falls, TX",Optomi,2024-04-09,2024-05-09,,55000.0,65000.0,YEARLY,17.0,
3886886429,Staff Accountant,United States,FlexTrades,2024-04-09,2024-05-10,,60000.0,65000.0,YEARLY,128.0,30.0
3886887189,Senior EVS Director,"Philadelphia, PA",Insight Global,2024-04-09,2024-05-09,,100000.0,249626.0,YEARLY,84.0,4.0
3886893748,Jira Administrator,"St Louis, MO",Adaptive Technology Insights,2024-04-09,2024-05-09,,,,,19.0,3.0
3886893763,Employment Specialist,"Kissimmee, FL",AppleOne Employment Services,2024-04-09,2024-05-09,,,,HOURLY,12.0,2.0
3887100363,Fleet Safety Analyst,"Bentonville, AR",Walmart,2024-04-09,2024-05-09,,80000.0,120000.0,YEARLY,26.0,6.0
3887100798,Account Executive - Construction,Atlanta Metropolitan Area,"Stealth Monitoring, Inc.",2024-04-09,2024-05-09,,,,,9.0,2.0
3887100804,Pricing and Costing Analyst,"New Jersey, United States",LHH,2024-04-09,2024-05-09,,76000.0,94000.0,YEARLY,29.0,13.0
3887100854,"Senior Vice President, Chief Information Officer","Chicago, IL",UChicago Medicine,2024-04-09,2024-05-09,,,,,131.0,18.0
3887101186,Project Planning Manager,"New York, United States",Mitchell Martin Inc.,2024-04-09,2024-05-09,2024-04-09,,,,8.0,
3887102043,Office_Manager Full time,United States,UMIYA MATAJI SANSTHA CHICAGO MIDWEST,2024-04-09,2024-05-09,,,,,13.0,1.0
3887102595,Customer Relationship Management Consultant,"Michigan, United States",EPITEC,2024-04-09,2024-05-09,,,,,79.0,14.0
3887102725,Customer Service Representative,"Austin, TX",SNI Companies,2024-04-09,2024-05-09,,,,HOURLY,10.0,2.0
3887105321,Desktop Support Specialist,"Tulsa, OK",Randstad Digital,2024-04-09,2024-05-09,,,,,40.0,2.0
3887106096,Assistant,"Denver, CO",Kutler Tax Resolution Inc.,2024-04-09,2024-05-09,,,,,1.0,
3887106339,Retail Sales - Shoes - Stonebriar Centre,"Frisco, TX",Nordstrom,2024-04-09,2024-05-09,,15.0,100.0,HOURLY,1.0,
3887107137,Income and Withholding Tax Data Analyst,"Minneapolis, MN",Minnesota Department of Revenue,2024-04-09,2024-05-09,,26.64,39.06,HOURLY,58.0,4.0
3887429980,Land Acquisition and Development Manager,"Asheville, NC",Quartz Properties,2024-04-05,2024-10-02,,,,,21.0,1.0
3887468596,Production Operations Manager,"Charlotte, NC",AgAmerica,2024-04-05,2024-10-02,,,,,77.0,10.0
3887469630,Director / Managing Director and Team Leader - Peninsula and South Bay,"Walnut Creek, CA",BMO U.S.,2024-04-05,2024-05-05,,153600.0,285600.0,YEARLY,6.0,
3887469780,Business Development Manager,United States,Charger Logistics Inc.,2024-04-05,2024-05-05,,,,,9.0,5.0
3887470450,Financial Director,"Beverly Hills, CA",GC Recruitment,2024-04-05,2024-05-05,,,,,14.0,4.0
3887470993,Respiratory Therapist,"Rapid City, SD",MedPro Healthcare Staffing,2024-04-05,2024-05-05,,,,,5.0,
3887471273,Safety Manager,"Fort Lauderdale, FL",Moss & Associates (Construction),2024-04-05,2024-05-05,,,,,18.0,1.0
3887471331,Electrical Instrumentation Project Engineer,Beaumont-Port Arthur Area,ANOTECH USA,2024-04-05,2024-05-05,,,,,6.0,
3887471349,Support Lead Part Time,"Troy, MI",Five Below,2024-04-05,2024-05-05,,,,,4.0,
3887472116,Part Time Associate Banker - Midlothian - 38 hours,"Midlothian, IL",BMO U.S.,2024-04-05,2024-05-05,,,,,5.0,
3887473432,Junior Designer,"Miami, FL",Art + Loom,2024-04-05,2024-10-02,,55000.0,80000.0,YEARLY,23.0,3.0
3887473511,Case Manager Registered Nurse,"Oklahoma City, OK",MedPro Healthcare Staffing,2024-04-05,2024-05-05,,,,,4.0,
3887474913,Director of Sales,United States,Charger Logistics Inc.,2024-04-05,2024-05-05,,,,,4.0,
3887475359,Executive Legal Assistant,Washington DC-Baltimore Area,elite personnel,2024-04-05,2024-05-05,,68000.0,75000.0,YEARLY,8.0,
3887475420,Senior Analyst,"Boston, MA",FAZ Forensics,2024-04-05,2024-05-05,,80000.0,90000.0,YEARLY,41.0,3.0
3887475844,In-house Paralegal,"Greenwich, CT",Trustpoint.One,2024-04-05,2024-05-05,,,,,26.0,5.0
3887476201,Social Media Marketing Specialist,United States,The Fountain Group,2024-04-05,2024-05-05,,,,HOURLY,7.0,2.0
3887476271,Technical Writer,"McLean, VA","Pyramid Consulting, Inc",2024-04-05,2024-05-05,,60.0,65.0,HOURLY,36.0,4.0
3887476796,HCP Marketing Specialist,"Skillman, NJ",Kenvue,2024-04-05,2024-05-05,,73000.0,131000.0,YEARLY,6.0,
3887478002,Business Development Representative,"Portland, OR",magicplan,2024-04-05,2024-05-05,,,,,10.0,
3887478665,Supplier Development Engineer,"Lincolnshire, IL",HydraForce Inc. ,2024-04-05,2024-05-05,,,,,4.0,
3887478738,ASSISTANT STORE MANAGER,"Syracuse, NY",Family Dollar,2024-04-05,2024-05-05,,,,,6.0,
3887479111,Service Tech Lead - Rental/Turaround,"Pasadena, TX",Vallen USA,2024-04-05,2024-05-05,,,,,5.0,
3887480049,Accounting Manager,"Bellingham, MA","Gray, Gray & Gray",2024-04-05,2024-05-06,,,,,12.0,1.0
3887480514,PT ASSISTANT STORE MANAGER,"Ayden, NC",Family Dollar,2024-04-05,2024-05-05,,,,,5.0,
3887482182,"Specialty Representative, Psychiatry - Manhattan, NY","New York, NY",AbbVie,2024-04-05,2024-05-05,,,,,8.0,
3887484013,Biologist,"Worcester, MA",The Fountain Group,2024-04-05,2024-05-05,,38.0,42.0,HOURLY,4.0,
3887485449,Business Sales Consultant,United States,Professional Diversity Network,2024-04-05,2024-05-05,,,,,11.0,1.0
3887489560,Environmental Planning Intern - Fall 2024,"Atlanta, GA",VHB,2024-04-05,2024-05-05,,19.0,28.0,HOURLY,17.0,3.0
3887490561,Sales Consultant,"Ogden, UT",Sysco,2024-04-05,2024-05-05,,,,,4.0,
3887491563,Sales Representative,"High Ridge, MO",Sysco,2024-04-05,2024-05-05,,,,,3.0,
3887492210,Junior Procurement and Planning Specialist,"Longwood, FL",,2024-04-05,2024-10-02,,65000.0,75000.0,YEARLY,11.0,1.0
3887492490,Sales Representative,"Providence, RI",Sysco,2024-04-05,2024-05-05,,,,,7.0,
3887492504,Sales Consultant,"Calera, AL",Sysco,2024-04-05,2024-05-05,,,,,3.0,
3887493878,Sales Representative - Stratton/St Clairsville OH,"Ohio, United States",ITG Brands,2024-04-05,2024-05-05,,,,,8.0,
3887495643,Risk Consultant,"Aliso Viejo, CA",Marsh McLennan Agency,2024-04-05,2024-05-05,,83375.0,135000.0,YEARLY,30.0,1.0
3887495906,Operations Associate (financial services),Miami-Fort Lauderdale Area,Ascendo Resources,2024-04-05,2024-05-05,,,,,30.0,7.0
3887496037,Public Safety Officer-All Shifts,"Boston, MA",Boston Medical Center (BMC),2024-04-05,2024-05-05,,,,,10.0,
3887496152,Senior Accountant,"Manhattan, NY",New York Disaster Interfaith Services (NYDIS),2024-04-05,2024-10-02,,80000.0,90000.0,YEARLY,10.0,1.0
3887496331,Auto Parts Coordinator,"Wheat Ridge, CO",Caliber Collision,2024-04-05,2024-05-05,,,,,5.0,
3887496501,Executive Assistant,"New York, NY",Coda Search│Staffing,2024-04-05,2024-05-05,,110000.0,115000.0,YEARLY,224.0,31.0
3887496577,Senior Accounting Manager,"Broward County, FL",The Greene Group,2024-04-05,2024-05-05,,130000.0,150000.0,YEARLY,39.0,5.0
3887497304,In-Store Shopper - Part Time Seasonal,"Tigard, OR",Whole Foods Market,2024-04-05,2024-05-05,,,,,10.0,
3887497612,"At Your Service Center Associate, Concord Sunvalley - Part Time","Concord, CA",Macy's,2024-04-05,2024-05-05,,,,,4.0,
3887497638,"Associate Scientist, QC","Concord, OH",Olon USA,2024-04-05,2024-05-05,,,,,5.0,
3887497962,FN HOSPITALITY ASSOCIATE,"Camden, NJ",Cooper University Health Care,2024-04-05,2024-05-05,,,,,6.0,
3887498515,Cost Analyst,"Akron, OH",Randstad USA,2024-04-05,2024-05-05,,,,,38.0,
3887498517,Supply Chain Analyst,"Everett, WA",Randstad USA,2024-04-05,2024-05-05,,40.71,56.89,HOURLY,8.0,
3887498700,Assistant Manager,"Phoenix, Arizona, United States",Serenity Healthcare,2024-04-05,2024-05-05,,,,,4.0,
3887499070,Technical Recruiter,"Denver, CO",Mondo,2024-04-05,2024-05-05,,,,,11.0,2.0
3887499080,Sales Data Analyst/Consultant,"West Des Moines, IA",Athene,2024-04-05,2024-05-05,,,,,6.0,1.0
3887499230,Produce Order Writer (Buyer / Inventory Replenishment),"Jackson, MS",Whole Foods Market,2024-04-05,2024-05-05,,,,,4.0,
3887499757,Lead Controls Engineer,"Bolingbrook, IL",Sterling Engineering,2024-04-05,2024-05-05,,125000.0,130000.0,YEARLY,20.0,1.0
3887571722,Director of Technical Marketing,United States,Confluent,2024-04-08,2024-05-09,,206280.0,247545.0,YEARLY,5.0,
3887571886,Linux Operations Administrator - 3rd Shift (9pm-5:30am),"Eagan, MN",TEKsystems,2024-04-08,2024-05-09,,,,,7.0,
3887571898,"Senior Data Engineer (Java, Spring boot, AWS)","Westlake, TX",Fidelity Investments,2024-04-08,2024-05-09,,,,,4.0,
3887572844,Account Representative (Entry-level),"Winchester, VA",TEKsystems,2024-04-08,2024-05-09,,,,,4.0,
3887573936,Sr. Digital Sales Rep,"San Diego, CA",ServiceNow,2024-04-09,2024-05-09,,69960.0,108540.0,YEARLY,14.0,1.0
3887574168,Senior Controls Engineer,"Hartland, WI",ManpowerGroup,2024-03-15,2024-05-09,,,,,4.0,
3887574493,2024 Intern - Software Development Engineer,"San Jose, CA",Adobe,2024-04-08,2024-05-09,,,,,4.0,
3887574882,Geospatial Analyst,"State Farm, VA",CACI International Inc,2024-04-08,2024-05-09,,33700.0,60000.0,YEARLY,5.0,
3887575584,BBW Key Holder-WESTGATE SHOPPING CENTER,"Rochester, NY",Bath & Body Works,2024-04-09,2024-05-09,,,,,5.0,
3887575624,Senior Credit Risk Review Officer/Credit Risk Review Consultant,"Honolulu, HI",Bank of Hawaii,2024-04-09,2024-05-09,,,,,4.0,
3887575694,Machine Operator Lead - 2nd Shift,"Tempe, AZ","Swire Coca-Cola, USA",2024-04-09,2024-05-09,,,,,6.0,
3887576113,Seasonal Associate - Southern Hills,"Sioux City, IA",Victoria’s Secret & Co.,2024-04-09,2024-05-09,,11.0,13.25,HOURLY,8.0,
3887576867,Power Quality Specialist III,"Chandler, AZ","Prism Professional Services Group, LLC.",2024-04-09,2024-05-09,,,,,2.0,
3887577717,Training Coordinator Back-Up,"Savanna, IL",Zurn Elkay Water Solutions,2024-04-09,2024-05-09,,,,,5.0,
3887578048,SQL DBA,"Radford, VA",TEKsystems,2024-04-08,2024-05-09,,,,,5.0,
3887578127,"Senior Software Engineer, Applied AI/ML, Audio/Video","New York, NY",Adobe,2024-04-09,2024-05-09,,,,,25.0,3.0
3887579061,"Senior Therapeutic Area Specialist, Neuro Psych (ST. LOUIS N)","Lawrence, NJ",Bristol Myers Squibb,2024-04-09,2024-05-09,,,,,9.0,
3887579778,Medical Office Specialist,"San Antonio, TX",HCA Healthcare,2024-04-09,2024-05-09,,,,,8.0,
3887579779,Transporter,"Miami, FL",HCA Florida Kendall Hospital,2024-04-09,2024-05-09,,,,,7.0,
3887580288,"Insurance Sales Agent - Omaha, NE","Omaha, NE",AAA-The Auto Club Group,2024-04-09,2024-05-09,,,,,5.0,
3887580717,RN Postpartum,"Draper, UT",Lone Peak Hospital,2024-04-09,2024-05-09,,,,,7.0,
3887581336,Charge Entry Specialist,"San Antonio, TX",HCA Healthcare,2024-04-09,2024-05-09,,,,,5.0,
3887582644,Cook,"Bountiful, UT",Lakeview Hospital,2024-04-09,2024-05-09,,,,,8.0,
3887585109,Senior Administrative Assistant,"Nashville, TN",HCA Healthcare,2024-04-09,2024-05-09,,,,,6.0,
3887590634,Industrial Engineer & Process Engineer I - V,"Moon, PA",FedEx Ground,2024-04-09,2024-05-09,,55328.0,134368.0,YEARLY,17.0,3.0
3887595619,Ensamblador de Precisión - FLS,"Pasadena, TX",Flowserve Corporation,2024-04-09,2024-05-09,,,,,6.0,
3887596505,"Registered Nurse (RN) - Acute Care, Gastrointestinal Diagnostic Lab, FT, Variable","Greenville, SC",Prisma Health,2024-04-08,2024-05-09,,,,,4.0,
3887596675,Associate Creative Director - Copy,"Philadelphia, PA",Klick,2024-03-15,2024-05-09,,,,,15.0,
3887599956,Room Service Server,"Dana Point, CA",Aimbridge Hospitality,2024-04-09,2024-05-09,,16.0,19.2,HOURLY,4.0,
3887681316,Salesperson,"Austin, TX",Moocah Herdsmen Hemp,2024-04-17,2024-05-17,,,,,33.0,3.0
3887700482,"Retail Sales Associate, Santan Village - Flex","Gilbert, AZ",Macy's,2024-04-05,2024-05-05,2024-04-06,,,,10.0,
3887700833,Equipment Finance Collections Specialist II,"Jacksonville, FL",First Citizens Bank,2024-04-05,2024-05-05,,,,,7.0,
3887701179,Assistant Manager,"Utah County, UT",Serenity Healthcare,2024-04-05,2024-05-05,,,,,14.0,
3887702020,Pre-K Apprentice Teacher,"New York, NY",Uncommon Schools,2024-04-05,2024-05-05,,,,,5.0,
3887702154,Delivery Driver CDL B,"Opa-Locka, FL",The Chefs'​ Warehouse,2024-04-05,2024-05-05,,,,,7.0,
3887702161,Senior Video Editor,"San Francisco, CA","TalentBurst, an Inc 5000 company",2024-04-05,2024-05-05,,55.0,65.0,HOURLY,55.0,13.0
3887702422,Product System Security Engineer (SSE),"Patuxent River, MD",Sabre Systems Inc.,2024-04-05,2024-05-05,,,,,6.0,
3887702427,"CRITICAL CARE TECHNICIAN - MED SURG, TELEMETRY, KELEMAN 8","Camden, NJ",Cooper University Health Care,2024-04-05,2024-05-05,,,,,6.0,
3887703087,Interior Design Assistant,"Marco Island, FL",Interior Talent,2024-04-05,2024-05-05,,,,,33.0,7.0
3887703290,Volunteer: Producers/Programmers for Senior Internet Radio Station Nostalgic Radio!,"Los Angeles, CA",VolunteerMatch,2024-04-05,2024-05-05,,,,,5.0,
3887704975,Chief Development Officer,"Fort Lauderdale, FL","InSite Group, LLC",2024-04-05,2024-10-02,,,,,130.0,13.0
3887705156,People Experience Partner,"Atlanta, GA",JLL,2024-04-05,2024-05-05,,,,,34.0,3.0
3887706888,Associate Director of Graduate Student Services,"Middletown, CT",Wesleyan University,2024-04-05,2024-05-05,,61300.0,72300.0,YEARLY,66.0,5.0
3887707036,Volunteer: Domestic Violence Crisis Line,"Forest Park, IL",VolunteerMatch,2024-04-05,2024-05-05,,,,,9.0,
3887707913,Executive Assistant,"Charlotte, NC",Charlotte Regional Visitors Authority,2024-04-05,2024-05-05,,,,,21.0,2.0
3887709224,Food Service Manager,"Columbia, SC",Corporate Chefs,2024-04-05,2024-05-05,,,,,5.0,
3887712534,Human Resources Manager,"Saline, MI",Venteon,2024-04-05,2024-05-05,,100000.0,120000.0,YEARLY,7.0,1.0
3887712815,EY-Parthenon - Strategy Realized - Advanced Manufacturing & Mobility - Director,"Boston, MA",EY-Parthenon,2024-04-05,2024-05-05,,205000.0,235000.0,YEARLY,4.0,
3887713414,Presales Consultant,"Greensboro, NC",apexanalytix,2024-04-05,2024-05-05,,,,,43.0,5.0
3887713738,"Field Service Technician – 100% Travel (Rotational Position 4 weeks traveling, 1 week off)","Pendleton, OR",Invenergy,2024-04-05,2024-05-05,,,,,4.0,
3887714182,Assistant Food and Beverage Operations Manager,"Dallas, TX",Marriott International,2024-04-05,2024-05-05,,23.08,30.29,HOURLY,36.0,2.0
3887714473,Assembly Operator - 2nd Shift,"St Charles, MO",Newco Coffee,2024-04-05,2024-05-05,2024-04-05,,,,7.0,
3887714495,Senior Data Warehouse Engineer,"Richmond, VA",Magnify,2024-04-05,2024-05-05,,110000.0,135000.0,YEARLY,52.0,16.0
3887715456,Digital Marketing Manager,Greater Boston,Pursuit,2024-04-05,2024-05-05,,,,,17.0,9.0
3887715508,Optometrist (OD) - Part Time,"Katy, TX",MyEyeDr.,2024-04-05,2024-05-05,,,,,4.0,
3887717084,Health Program Administrator - 88050 (NY HELPS),"Albany, NY",New York State Department of Health,2024-04-05,2024-05-05,,47925.0,80248.0,YEARLY,15.0,
3887718140,"Guest Service Agent, Front Office - Signia by Hilton Orlando Bonnet Creek",Greater Orlando,Signia by Hilton Orlando Bonnet Creek,2024-04-05,2024-05-05,,,,,18.0,
3887719033,Construction Superintendent,"Chicago, IL",Scott Humphrey Corporation,2024-04-05,2024-05-05,,110000.0,150000.0,YEARLY,22.0,6.0
3887719112,Lifestyle Director - Hennersby Hollow,"Pleasanton, TX",CCMC,2024-04-05,2024-05-05,,,,,8.0,
3887719230,Underwriting Trainee- Graduate Development Program,"Richfield, OH",National Interstate Insurance Company,2024-04-05,2024-05-05,,,,,4.0,
3887722181,Software Quality Engineer (Associate or Mid-Level),"Everett, WA",Boeing,2024-04-05,2024-05-05,,,,,35.0,2.0
3887723181,Legal Assistant (REMOTE),United States,Talentify.io,2024-04-05,2024-05-05,,,,YEARLY,31.0,5.0
3887724269,Administrative Assistant,"Cambridge, MA",BCforward,2024-04-05,2024-05-05,,22.0,25.0,HOURLY,43.0,2.0
3887832712,Medical Assistant II,"Burlington, VT",The University of Vermont Medical Center,2024-04-05,2024-05-06,,,,,9.0,
3887833689,Part Time Licensed Talk Therapist,"Centennial, CO",Thriveworks,2024-04-05,2024-05-06,,,,YEARLY,5.0,
3887835576,"Manager, Clinical Contracts & Finance - I","Foster City, CA",Integrated Resources Staffing Pvt Ltd,2024-04-06,2024-05-06,,,,,32.0,2.0
3887836442,Certified - Secondary Math Teacher – La Vista Middle School,"Papillion, NE",Papillion La Vista Community Schools,2024-04-05,2024-05-06,,,,,9.0,
3887837835,EMT / Paramedic,Greater Minneapolis-St. Paul Area,CAREonsite,2024-04-06,2024-05-06,,,,,4.0,
3887837842,Business Solutions Consultant,United States,Horizon Payments,2024-04-06,2024-05-06,,,,,40.0,5.0
3887837940,Registered Nurse - RN - LTAC,"Akron, OH",CareerStaff Unlimited,2024-04-06,2024-05-06,,,,,5.0,
3887838207,Teacher,"New Bern, NC",Riverside Leadership Academy,2024-04-05,2024-05-05,,,,,6.0,1.0
3887839205,Registered Nurse - RN - LTAC,"Philadelphia, PA",CareerStaff Unlimited,2024-04-06,2024-05-06,,,,,2.0,
3887839213,Registered Nurse - RN - 1:1 School Nurse,"Milford, MA",CareerStaff Unlimited,2024-04-06,2024-05-06,,,,,2.0,
3887839233,Planning Analytics Manager,United States,Vertisystem,2024-04-06,2024-05-06,,,,HOURLY,33.0,4.0
3887839390,Structural CADD Technician,"Asheville, NC","Johnson, Mirmiran & Thompson",2024-04-05,2024-05-06,,,,,5.0,
3887839391,Banquet House Attendant,"Washington, DC",YOTEL,2024-04-06,2024-05-06,,,,,13.0,1.0
3887840140,Registered Nurse - RN - Skilled Nursing Facility,"Montgomeryville, PA",CareerStaff Unlimited,2024-04-06,2024-05-06,,13824.0,831891.0,YEARLY,3.0,
3887841115,Registered Nurse - RN - Skilled Nursing Facility,"Wayne, PA",CareerStaff Unlimited,2024-04-06,2024-05-06,,,,,3.0,
3887841116,Registered Nurse - RN - Rehab - Travel,"Lebanon, PA",CareerStaff Unlimited,2024-04-06,2024-05-06,,,,,3.0,
3887841212,"Travel/LOCAL CONTRACT - LTC Licensed Practical Nurse **up to 1,600/wk** (LPN)","Ferrum, VA",Connected Health Care,2024-04-05,2024-05-06,,,,,5.0,
3887845002,Full-Time Registered Nurse: Long-Term Care (RN),"Ladysmith, WI",Connected Health Care,2024-04-05,2024-05-06,,,,,4.0,
3887845005,"Travel/Contract Speech Language Pathologist *up to $2,400/wk*","Lubbock, TX",Connected Health Care,2024-04-05,2024-05-06,,,,,4.0,
3887850813,Universal Banker-7,"Millersville, MD",Sandy Spring Bank,2024-04-06,2024-05-06,,,,,5.0,
3887853721,Instrument Fitter,"Freeport, TX",Advantage Technical,2024-04-06,2024-05-06,,28.0,33.0,HOURLY,3.0,
3887853960,"Territory Manager, CPR EMS",United States,ZOLL Medical Corporation,2024-04-06,2024-05-06,,,,,48.0,
3887855874,Aquatics Director,"Everett, WA",The Y (YMCA),2024-04-05,2024-05-06,,,,,6.0,
3887855878,Cash Office Responsible,"Meridian, ID",H&M,2024-04-06,2024-05-06,,,,,6.0,
3887856246,AVP Financial Analyst - Commercial Transportation Finance,"Irving, TX",BMO U.S.,2024-04-06,2024-05-06,,87000.0,161400.0,YEARLY,7.0,
3887856298,Customer Experience Manager,"Lake Orion, MI",Five Below,2024-04-06,2024-05-06,,,,,8.0,
3887856385,CDL A Local Delivery Truck Driver,"Olathe, KS",Sysco,2024-04-06,2024-05-06,,,,,6.0,
3887859124,CDL A Local Delivery Truck Driver,"Charleston, SC",Sysco,2024-04-06,2024-05-06,,,,,6.0,
3887859486,Senior Finance Manager - BP Pulse,"Chicago, IL",bp,2024-04-06,2024-05-06,,,,,39.0,2.0
3887859678,Capital Campaign Director,"New Haven, CT",The Y (YMCA),2024-04-05,2024-05-06,,,,,11.0,
3887859893,Assistant Store Manager,"Orlando, FL",Hibbett,2024-04-06,2024-05-06,,,,,12.0,4.0
3887860157,Shipping Account Planner,"Palmetto, GA",PVH Corp.,2024-04-06,2024-05-06,,,,,10.0,
3887860250,Telemetry Registered Nurse,"Biddeford, ME",MedPro Healthcare Staffing,2024-04-06,2024-05-06,,,,,4.0,
3887860417,Retail Sales and Store Support,"Irvine, CA",Albertsons Companies,2024-04-05,2024-05-06,,,,,4.0,
3887860423,Front End Entry Level,"Portland, ME",Shaw's Supermarkets,2024-04-05,2024-05-06,,,,,5.0,
3887861057,Maintenance Technician B,"Palmetto, GA",PVH Corp.,2024-04-06,2024-05-06,,27.59,29.59,HOURLY,4.0,
3887861149,Psychiatric registered nurse,"Decatur, GA",MedPro Healthcare Staffing,2024-04-06,2024-05-06,,,,,4.0,
3887861451,STORE MANAGER,"Hamlin, NY",Dollar Tree Stores,2024-04-05,2024-05-06,,,,,6.0,
3887861972,Medical Assistant (Full-time & Part-time; On-Site),"Baltimore, MD",Health Care for the Homeless,2024-04-05,2024-05-06,,,,,7.0,
3887862021,Senior Analyst IT Business Analytics Retail Marketing,"Tampa, FL",Ashley Furniture Industries,2024-04-05,2024-05-06,,,,,7.0,
3887862151,Bookkeeper,"Augusta, ME",Shaw's Supermarkets,2024-04-05,2024-05-06,,,,,8.0,
3887862154,"Store 0712-Grocery Manager - Assistant-Baton Rouge, TX","Baton Rouge, LA",Albertsons Companies,2024-04-05,2024-05-06,,,,,7.0,
3887862183,Vendor Managed Inventory Coordinator I- Integrated Supply,"De Soto, KS",Vallen USA,2024-03-26,2024-05-06,,,,,8.0,
3887865199,Digital CMS (Content Management System) Lead,United States,MetLife,2024-04-06,2024-05-06,,,,,6.0,
3887867034,Senior Project Manager,"Everett, WA",Helion,2024-04-05,2024-05-06,,140000.0,190000.0,YEARLY,5.0,
3887868806,Store Manager - Spencer's,"St Cloud, MN",Spencer's,2024-04-06,2024-05-06,,,,,7.0,
3887870653,Warehouse Coordinator,"McClellan Park, CA",MasTec Communications Group,2024-04-06,2024-05-06,,18.0,22.0,HOURLY,6.0,
3887870780,Material Hand Tech I WWS,"Phoenix, AZ",PGT Innovations,2024-04-06,2024-05-06,,,,,4.0,
3887871133,Assistant Store Manager - Spencer's,"Bozeman, MT",Spencer's,2024-04-06,2024-05-06,,,,,7.0,
3887871326,Director Registered Nurse (RN) - OR - Operating Room - $100K-150K per year - 1161465,"Detroit, MI",Vivian Health,2024-04-05,2024-05-06,,,,,7.0,
3887871328,Patient Care Technician - M8,"New Orleans, LA",LCMC Health,2024-04-05,2024-05-06,,,,,7.0,
3887871983,ALC or LPC Position,"Coffee County, AL","ENTERPRISE PROFESSIONAL COUNSELING ASSOCIATES, LLC",2024-04-06,2024-10-03,,,,,32.0,1.0
3887872152,Store Manager - Spencer's,"Butler, PA",Spencer's,2024-04-06,2024-05-06,,,,,6.0,
3887873017,Store Manager - Citrus Park,"Tampa, FL",Macy's,2024-04-05,2024-05-06,,,,,7.0,
3887873234,"CRITICAL CARE TECHNICIAN - MED SURG INCU, KELEMAN 10","Camden, NJ",Cooper University Health Care,2024-04-06,2024-05-06,,,,,5.0,
3887874062,Content Discovery/Research/Writing,San Francisco Bay Area,Braintrust,2024-04-06,2024-05-06,,,,,12.0,2.0
3887876161,Volunteer: Help victims become survivors with AVA,"Winnemucca, NV",VolunteerMatch,2024-04-06,2024-05-06,,,,,8.0,
3887876185,Volunteer: IT Infrastructure Architect,"Spokane, WA",VolunteerMatch,2024-04-06,2024-05-06,,,,,7.0,
3887877513,(US) Software Implementation Consultant - 12 Month Contract - Acute & Payer,United States,PointClickCare,2024-04-06,2024-05-06,,35.0,39.0,HOURLY,6.0,
3887879580,Audit Senior Associate,"Greenville, NC",FORVIS,2024-04-06,2024-05-06,,,,,7.0,
3887880255,DevOps Engineer ,United States,Forward Progress Staffing,2024-04-06,2024-05-06,,110000.0,160000.0,YEARLY,22.0,6.0
3887880659,Food Service Aide -St Charles,"Destrehan, LA",Ochsner Health,2024-04-06,2024-05-06,,,,,6.0,
3887881555,Principal IT Architect,"Peoria, IL",Caterpillar Inc.,2024-04-05,2024-05-06,,,,,13.0,
3887881759,"2026297 Network Engineer $200,000.00 with Security Clearance","Herndon, VA",ClearanceJobs,2024-04-04,2024-05-06,,,,,7.0,
3887881764,Seasonal Piecework Housekeeper,"Edgecomb, ME",Vacasa,2024-04-05,2024-05-06,,21.0,35.0,HOURLY,5.0,
3887882751,Sales and Service Route Class B Driver *5K SIGN ON BONUS*,"Highland, CA",Clean Harbors,2024-04-06,2024-05-06,,24.0,25.0,HOURLY,6.0,
3887882763,Quality Technician C with Security Clearance,"Rochester, NY",ClearanceJobs,2024-04-04,2024-05-06,,,,,6.0,
3887884569,Seasonal Piecework Housekeeper,"Manzanita, OR",Vacasa,2024-04-05,2024-05-06,,,,,4.0,
3887885624,"Manager, Customer Commercialization (Pet)","Orrville, OH",The J.M. Smucker Co.,2024-04-06,2024-05-06,,,,,9.0,
3887886318,Seasonal Laundry Attendant,"York County, ME",Vacasa,2024-04-05,2024-05-06,,,,,4.0,
3887886394,International Affairs Management Consultant with Security Clearance,"Arlington, NE",ClearanceJobs,2024-04-05,2024-05-06,,,,,7.0,
3887886716,"Senior Category Manager, Salty","Charlotte, NC",Circle K,2024-04-05,2024-05-06,,,,,663.0,1.0
3887887373,Android Developer,"Irving, TX",Motion Recruitment,2024-04-06,2024-05-06,,,,,4.0,
3887888322,Delivery Driver / CDL A required / Seasonal,"Alexandria, LA",PepsiCo,2024-04-06,2024-05-06,,,,HOURLY,7.0,
3887889016,Part Time Teller,"Dearborn, MI",Comerica Bank,2024-04-06,2024-05-06,,,,,7.0,
3887891159,Junior Category Manager,"Tempe, AZ",Circle K,2024-04-05,2024-05-06,,,,,6.0,
3887891189,NYC Only / Must have school environment experience / Middle School Facilities Manager,"New York, NY",Motion Recruitment,2024-04-06,2024-05-06,,,,,7.0,
3887891686,Sr. Ruby on Rails Engineer (Growth),"Huntsville, AL",Aha!,2024-04-06,2024-05-06,,,,,12.0,
3887892000,Lead Customer Service Representative,"West Columbia, SC",Circle K,2024-04-05,2024-05-06,,,,,3.0,
3887892853,Client Svc Lead Rep- Mailroom,"New York, NY",Canon Solutions America,2024-04-06,2024-05-06,,20.54,30.75,HOURLY,7.0,
3887892889,Software Engineer,United States,Pluralsight,2024-04-06,2024-05-06,,,,,134.0,27.0
3887893139,Adena- General Employment Application,"Columbus, OH",Adena Corporation,2024-04-06,2024-05-06,,,,,7.0,
3887895957,Part Time - Head Cashier - Flexible,"Kannapolis, NC","Lowe's Companies, Inc.",2024-04-06,2024-05-06,,,,,5.0,
3887895966,Full Time - Fulfillment Team Lead - Day,"Bremerton, WA","Lowe's Companies, Inc.",2024-04-06,2024-05-06,,17.5,18.2,HOURLY,6.0,
3887895967,Sales Floor Dept Supervisor - Flooring-Décor,"Johnstown, PA","Lowe's Companies, Inc.",2024-04-06,2024-05-06,,,,,5.0,
3887896956,Full Time - Sales Associate - Building Materials - Day,"Arlington, TX","Lowe's Companies, Inc.",2024-04-06,2024-05-06,,,,,5.0,
3887897611,Certified Veterinary Technician or Veterinary Assistant,"Tucson, AZ",Lakefield Veterinary Group,2024-04-06,2024-05-06,,,,,6.0,
3887897906,Full Time - Receiver/Stocker - Overnight,"Clarksville, IN","Lowe's Companies, Inc.",2024-04-06,2024-05-06,,,,,8.0,
3887897919,Full Time - Fulfillment Team Lead - Day,"Hillsboro, OH","Lowe's Companies, Inc.",2024-04-06,2024-05-06,,,,,6.0,
3887898522,Food Service Aide,"Paterson, NJ",St. Joseph's Health,2024-04-06,2024-05-06,,,,,6.0,
3887908779,MS Travel MT (CLS) - Job Id: JO03716480,"Eureka, CA",Health Carousel Nursing & Allied Health,2024-04-09,2024-05-09,,,,,5.0,
3887908780,Travel RRT - Job Id: JO03716405,"Rock Island, IL",Health Carousel Nursing & Allied Health,2024-04-09,2024-05-09,,,,MONTHLY,7.0,
3887910443,Warehouse - 2nd Shift,"Jenkins, PA","Tailored Brands, Inc.",2024-04-09,2024-05-09,,,,,4.0,
3887911355,Assistant Property Manager,"Haverhill, MA",Beacon Communities LLC,2024-03-15,2024-05-09,,,,,4.0,
3887912268,"Certified Occupational Therapy Assistant (COTA) - Rapid City, SD - Full Time","Rapid City, SD",Good Samaritan Society,2024-04-09,2024-05-09,,22.5,36.0,HOURLY,5.0,
3887913010,Seasonal Employee,"Houston, TX","Tailored Brands, Inc.",2024-04-09,2024-05-09,,,,,4.0,
3887913125,Travel RRT - Job Id: JO03716401,"Grand Junction, CO",Health Carousel Nursing & Allied Health,2024-04-09,2024-05-09,,,,,4.0,
3887913595,Copy of Construction Engineer Ill,"Austin, TX",AECOM,2024-04-09,2024-05-09,,70222.96,129912.47,YEARLY,4.0,
3887915892,Software Engineering Manager,"Seattle, WA",GE HealthCare,2024-04-08,2024-05-09,,,,,5.0,1.0
3887920067,Assistant Store Manager,"St Paul, MN",Holiday Stationstores,2024-04-08,2024-05-09,,,,,5.0,
3887927976,Enterprise Customer Success Manager,"New York, United States",Nimble ,2024-04-09,2024-05-09,,,,,5.0,
3887933355,Quality Inspector,"Fremont, CA",Tesla,2024-04-09,2024-05-09,,,,,5.0,1.0
3887933389,"BD Director, Response Logistics","Goodyear, AZ",Precision Talent Solutions,2024-04-09,2024-05-09,,,,,19.0,
3887933412,Accounting & Operations Manager,"Los Angeles, CA",Robert Walters,2024-04-09,2024-05-09,,,,,7.0,
3887933573,Chief Cloud Officer,United States,Confidencial,2024-04-09,2024-05-09,,,,,18.0,7.0
3887937699,Beauty Advisor,"Beaverton, OR",Ulta Beauty,2024-04-09,2024-05-09,,,,,2.0,
3887943761,IT Business Analysis,"Olympia, WA","Elegant Enterprise-Wide Solutions, Inc.",2024-04-09,2024-05-09,,,,,2.0,
3887945401,Agile Project manager,"Indianapolis, IN",Tata Consultancy Services,2024-04-09,2024-05-09,,,,,5.0,
3887948261,Area Sales Manager - East Coast,United States,Bergs Potter,2024-04-09,2024-05-09,,,,,5.0,
3887948306,Federal Account Executive,Washington DC-Baltimore Area,Zendr,2024-04-09,2024-05-09,,300000.0,340000.0,YEARLY,4.0,
3887984990,Faculty Group Practice Medical Assistant (35),"New York, NY",NYU Langone Health,2024-04-08,2024-05-09,,,,,6.0,
3887985722,"Software Engineer, Data Infrastructure at D. E. Shaw Research","New York, United States",D. E. Shaw Research,2024-04-09,2024-05-09,,230000.0,550000.0,YEARLY,4.0,
3887987545,Faculty Group Practice Radiologic Patient Flow Associate **Manhattan** Monday - Friday; 9AM - 5PM,"New York, NY",NYU Langone Health,2024-04-08,2024-05-09,,48274.09,50000.0,YEARLY,4.0,
3887991525,Weekend & Closing Selling Associate - Apache Mall,"Rochester, MN",Victoria’s Secret & Co.,2024-04-09,2024-05-09,,11.0,13.75,HOURLY,4.0,
3887999465,Proposal Estimating Engineer,"Metro Detroit, MI",Swisslog,2024-03-15,2024-05-09,2024-04-09,,,,4.0,
3888000686,Merchandising Part Time Days,"Massillon, OH","Lowe's Companies, Inc.",2024-04-06,2024-05-06,,,,,6.0,
3888000699,Part Time - Fulfillment Associate - Flexible,"Plymouth, IN","Lowe's Companies, Inc.",2024-04-06,2024-05-06,,,,,4.0,
3888000711,Full Time - Merchandising Service Associate - Day,"Ashtabula, OH","Lowe's Companies, Inc.",2024-04-06,2024-05-06,,,,,5.0,
3888000756,Merchandising Service Associate - Plant Service Lead,"Loganville, GA","Lowe's Companies, Inc.",2024-04-06,2024-05-06,,,,,5.0,
3888001547,Part Time - Fulfillment Associate - Flexible,"Conroe, TX","Lowe's Companies, Inc.",2024-04-06,2024-05-06,,,,,6.0,
3888003903,RN Nurse Residency Program,"St Cloud, MN",BAYADA Home Health Care,2024-04-05,2024-05-06,,,,,5.0,
3888003989,Cocinero - Principiante,"Denver, CO",Hyatt Hotels Corporation,2024-04-06,2024-05-06,,,,,8.0,
3888008693,Cocinero de preparación (Prep Cook),"Denver, CO",Hyatt Hotels Corporation,2024-04-06,2024-05-06,,,,,5.0,
3888010119,Inspector,"Philadelphia, PA",STV,2024-04-06,2024-05-06,,63147.0,84196.0,YEARLY,4.0,
3888010279,Licensed Practical Nurse (LPN) - Evening Shift,"Marlton, NJ",BAYADA Home Health Care,2024-04-05,2024-05-06,,,,HOURLY,5.0,
3888013707,International Associate Project Manager,"Florence, SC",ABB,2024-04-05,2024-05-06,,,,,9.0,
3888014199,Medical Field Case Manager,"Davenport, IA",Genex Services,2024-04-06,2024-05-06,,,,,5.0,
3888015309,Cleanroom Operator,"Wall, NJ","Spectrum Plastics Group, A DuPont Business",2024-04-06,2024-05-06,,,,,4.0,
3888016919,"1816 (Knightdale, NC) Store Manager - Division 1/Neighborhood Market","Knightdale, NC",Walmart,2024-04-06,2024-05-06,,,,,9.0,
3888020139,"Sr. Finance Manager, Strategic Finance (remote)","Costa Mesa, CA",Experian,2024-04-06,2024-05-06,,,,,35.0,4.0
3888021987,REGISTERED NURSE - OAK FOREST HEALTH & REHAB CENTER,"Winston-Salem, NC",Liberty Healthcare and Rehabilitation Services,2024-04-06,2024-05-06,,,,,2.0,
3888021995,Speech Language Pathologist,"Grapevine, TX",SimplyApply,2024-04-06,2024-05-06,,,,,5.0,
3888022971,Licensed Mental Health Counselor,"Jacksonville, FL",Complete Care Centers,2024-04-06,2024-05-06,,,,,2.0,
3888023894,RN SUPERVISOR - CAPITAL NURSING AND REHABILITATION CENTER,"Raleigh, NC",Liberty Healthcare and Rehabilitation Services,2024-04-06,2024-05-06,,,,,2.0,
3888024790,PHYSICAL THERAPIST (PT) - LIBERTY COMMONS OF HALIFAX COUNTY,"Weldon, NC",Liberty Healthcare and Rehabilitation Services,2024-04-06,2024-05-06,,,,,2.0,
3888024824,LICENSED PRACTICAL NURSE - CAPITAL NURSING AND REHABILITATION CENTER,"Raleigh, NC",Liberty Healthcare and Rehabilitation Services,2024-04-06,2024-05-06,,,,,2.0,
3888024856,Sales Manager,Des Moines Metropolitan Area,J. Galt,2024-04-06,2024-05-06,,,,,3.0,
3888024887,Experience Management-Senior Manager,"Lone Tree, CO",Verizon,2024-04-06,2024-05-06,,,,,2.0,
3888025674,LICENSED PRACTICAL NURSE - WESTFIELD REHABILITATION AND HEALTH CENTER,"Sanford, NC",Liberty Healthcare and Rehabilitation Services,2024-04-06,2024-05-06,,,,,2.0,
3888025704,LICENSED PRACTICAL NURSE (LPN) - LIBERTY COMMONS,"Wilmington, NC",Liberty Healthcare and Rehabilitation Services,2024-04-06,2024-05-06,,,,,2.0,
3888027118,CEO / Facility Administrator - Preston Plaza Surgery Center,"Dallas, TX",SCA Health,2024-04-06,2024-05-06,,,,,2.0,
3888027179,"Technician - Crown Point, IN","Crown Point, IN",Konecranes,2024-04-06,2024-05-06,,,,,2.0,
3888027191,Nurse Practitioner,"Salem, NC",Liberty Healthcare and Rehabilitation Services,2024-04-06,2024-05-06,,,,,2.0,
3888027768,Salesperson,United States,Security National Life Insurance Company,2024-04-06,2024-05-06,,,,,4.0,
3888027979,Travel Registered Nurse,"Atlanta, GA",SimplyApply,2024-04-06,2024-05-06,,,,,3.0,
3888028047,LICENSED PRACTICAL NURSE - MARY GRAN,"Clinton, NC",Liberty Healthcare and Rehabilitation Services,2024-04-06,2024-05-06,,,,,2.0,
3888028074,LICENSED PRACTICAL NURSE - KEMPTON OF HERMITAGE,"Hermitage, TN",Liberty Healthcare and Rehabilitation Services,2024-04-06,2024-05-06,,,,,2.0,
3888028081,DDS Residential Counselor - Northbridge House,"Northbridge, MA",Open Sky Community Services,2024-04-06,2024-05-06,,,,,2.0,
3888028105,REGISTERED NURSES (RN) - OAK FOREST,"Winston-Salem, NC",Liberty Healthcare and Rehabilitation Services,2024-04-06,2024-05-06,,,,,3.0,
3888028109,CERTIFIED NURSING ASSISTANT - PINEHURST HEALTHCARE & REHABILITATION CENTER,"Pinehurst, NC",Liberty Healthcare and Rehabilitation Services,2024-04-06,2024-05-06,,,,,,
3888029002,REGISTERED NURSE - HIGHLAND HOUSE,"Fayetteville, NC",Liberty Healthcare and Rehabilitation Services,2024-04-06,2024-05-06,,,,,2.0,
3888029035,HOSPICE REGISTERED NURSE,"Sanford, NC",Liberty Healthcare and Rehabilitation Services,2024-04-06,2024-05-06,,,,,2.0,
3888029584,ASME Design Engineer,"Fountain, CO","RMB Products, Inc.",2024-04-06,2024-05-06,,110000.0,120000.0,YEARLY,7.0,
3888030078,Sales Manager,"Lake Havasu City, AZ",J. Galt,2024-04-06,2024-05-06,,,,,2.0,
3888030088,Sales Manager,Washington DC-Baltimore Area,J. Galt,2024-04-06,2024-05-06,,,,,2.0,
3888030748,National Sales Specialist (Urgent need/Flexible Schedule/Remote),United States,The Smith Family Agency,2024-04-06,2024-05-06,,60000.0,200000.0,YEARLY,6.0,
3888031895,Direct Sales,United States,Healthcare Sharing School,2024-04-07,2024-05-07,,,,,8.0,1.0
3888032364,Lead Java Developer,"Reston, VA",Cloudious LLC,2024-04-06,2024-05-06,,,,,34.0,6.0
3888032433,Recovery Co-worker,"St Louis, MO",IKEA,2024-04-06,2024-05-06,,,,,2.0,
3888032611,Installation Technician,"Montgomery, PA",CSTK,2024-04-06,2024-05-06,,17.0,32.0,HOURLY,2.0,
3888033723,FT Customer Support Specialist (Work From Home),"Newport News, VA",RemoteWorker US,2024-04-07,2024-05-07,,,,HOURLY,4.0,
3888033728,Network Engineer,United States,Dice,2024-04-06,2024-05-07,,,,,4.0,
3888034496,Pest Control Technician,"Fayetteville, GA",Arrow Exterminators,2024-04-07,2024-05-07,,,,,6.0,
3888036142,Senior API Developer,United States,Atlas Inside,2024-04-07,2024-10-04,,,,,,
3888038001,Experienced Investigator (Part-Time),"Atlanta, GA",Brown Private Investigations,2024-04-07,2024-05-07,,,,,6.0,
3888038062,FT Administrative Assistant - Work From Home,"Chesapeake, VA",RemoteWorker US,2024-04-07,2024-05-07,,,,,6.0,
3888401058,Paratransit Ride Plan Optimizer,"Detroit, MI",Via,2024-04-09,2024-05-09,,19.0,21.0,HOURLY,4.0,
3888411480,Commercial Door Installer/Service Technician,"Chino, CA",Jobot,2024-04-09,2024-05-09,,25.0,35.0,HOURLY,5.0,
3888414171,Electrical Estimator,"Bedford, MA",Jobot,2024-04-09,2024-05-09,,90000.0,140000.0,YEARLY,4.0,
3888444670,Offsite Medical Assistant I-Marathon Medical,United States,Mount Sinai Health System,2024-04-09,2024-05-09,,,,,4.0,
3888453814,Part Time Universal Banker (20 Hours) Allerton Branch,"New York, NY",Jobs via eFinancialCareers,2024-04-09,2024-05-09,,24.05,31.37,HOURLY,5.0,
3888478407,Software Engineer II,"Burbank, CA",The Walt Disney Company,2024-04-09,2024-05-09,,107256.0,165440.0,YEARLY,4.0,
3888478543,Accountant,"Athens, GA",Staff Financial Group,2024-04-09,2024-05-09,,,,,6.0,
3888479343,Scheduling Specialist,"Lake Buena Vista, FL",The Walt Disney Company,2024-04-09,2024-05-09,,,,,241.0,
3888481083,Program Manager – Network/Cyber/AI – Legal Affairs,"Bellevue, WA",T-Mobile,2024-04-09,2024-05-09,,88800.0,120200.0,YEARLY,4.0,
3888482064,Air Export Agent,Charlotte Metro,Freight Appointments,2024-04-09,2024-05-09,,50000.0,70000.0,YEARLY,3.0,
3888484869,Sports-Minded Sales and Marketing Associate,Atlanta Metropolitan Area,New Acquisitions,2024-04-09,2024-05-09,,,,,10.0,
3888486409,Commercial Insurance Account Manager,Greater Philadelphia,Craig Bradford Associates,2024-04-09,2024-05-09,,90000.0,130000.0,YEARLY,33.0,1.0
3888487824,Maintenance - Level I,"Apache Junction, AZ","Equity LifeStyle Properties, Inc.",2024-04-09,2024-05-09,,,,,8.0,
3888488475,Remote Telesales Representative (B2B),"Dallas, TX",Confidential Sales Job,2024-04-09,2024-05-09,,60000.0,100000.0,YEARLY,44.0,11.0
3888490113,Entry Level Marketing,"Atlanta, GA",New Acquisitions,2024-04-09,2024-05-09,,,,,21.0,1.0
3888490186,Director Quality,"Melbourne, FL",Leonardo DRS,2024-04-09,2024-05-09,,,,,45.0,2.0
3888491242,Digital Product Manager,"Madison, NJ",OrganOx,2024-04-09,2024-05-09,,,,,45.0,9.0
3888491816,Data_Entry Part Time,United States,,2024-04-09,2024-05-09,,,,,33.0,12.0
3888498367,Clinical Documentation Improvement Specialist (CDIS) II,"San Diego, CA",Sharp HealthCare,2024-04-09,2024-05-09,,,,,11.0,1.0
3888800945,Associate Attorney,Atlanta Metropolitan Area,TBG | The Bachrach Group,2024-04-09,2024-05-09,,,,,14.0,2.0
3888802888,"Business Consultant-Sales - Santa Barbara, CA","Santa Barbara, CA",Hunter Engineering Company,2024-04-09,2024-05-09,,,,YEARLY,4.0,
3888804327,Collector-Equipment Finance/Skip Tracing,New York City Metropolitan Area,,2024-04-09,2024-05-09,,,,,6.0,
3888814075,Math/ELA Coaches Needed,"Jackson, MS",The Kirkland Group,2024-04-09,2024-10-06,,,,,38.0,1.0
3888819766,Senior Project Manager,"Bridgewater, NJ","PC Collins Company, LLC. ",2024-04-09,2024-05-09,,135000.0,190000.0,YEARLY,61.0,9.0
3888820903,Project Manager - Sitework Light Industrial Construction,"Atlanta, GA",Michael Page,2024-04-09,2024-04-23,,90000.0,120000.0,YEARLY,10.0,1.0
3888822664,Utility Driver,"Kent, WA",Bimbo Bakeries USA,2024-04-09,2024-05-09,,,,HOURLY,3.0,
3888824391,Nursing Assistant - General Medical 6T; 0.3 FTE; Night Shifts,"Madison, WI",UnityPoint Health,2024-04-09,2024-05-09,,,,,4.0,
3888824605,DMPK Director,"Cambridge, MA",Fraser Dove International,2024-04-09,2024-05-09,,,,,118.0,2.0
3888825361,International HR Director,United States,Project HOPE,2024-04-09,2024-05-09,,,,,354.0,80.0
3888826254,Wealth Management Assistant,"Beloit, WI",First National Bank and Trust,2024-04-09,2024-05-09,,,,,6.0,
3888930904,"Sr  Manager, Digital Strategy and Issues Management","New Brunswick, NJ",Johnson & Johnson,2024-04-09,2024-05-09,,118000.0,203550.0,YEARLY,13.0,
3888932948,"CT Technologist - Travel - $2,522 Per Week","Rock Island, IL",MASC Medical Recruitment Firm,2024-04-08,2024-05-09,,,,,4.0,
3888933756,"Registered Nurse (RN), Med Surg","Glen Burnie, MD",University of Maryland Medical System,2024-03-15,2024-05-09,,,,,4.0,
3888933773,Shaw Contract Hospitality- Carpet Designer,"Cartersville, GA",Shaw Industries,2024-04-09,2024-05-09,,,,,3.0,
3888933860,Mechanical Design Engineer,"Conover, NC",Actalent,2024-04-08,2024-05-09,,,,,4.0,
3888934761,Energy Advisor,"Grand Junction, CO",Actalent,2024-04-08,2024-05-09,,,,,5.0,
3888935662,Senior Scientist,"Germantown, MD",Actalent,2024-04-08,2024-05-09,,,,,6.0,
3888936417,Systems Engineer II,"Norfolk, VA","KMS Solutions, LLC",2024-04-08,2024-05-09,,,,,4.0,
3888937049,"Key Account Specialist (San Francisco, Redwood City & San Jose CA) Janssen Biotech, Inc","Redwood Valley, CA",Johnson & Johnson,2024-04-09,2024-05-09,,,,,4.0,
3888937991,ETS Engineer IV - Cloud Engineering (CRM Engineer IV),"Winchester, VA",Dice,2024-04-05,2024-05-09,,,,,6.0,
3888938159,Manufacturing Engineer,"Waukesha, WI",Actalent,2024-04-08,2024-05-09,,,,,4.0,
3888938160,Pharmacist,"Washington, DC",Actalent,2024-04-08,2024-05-09,,,,,5.0,
3888939033,Clinical Laboratory Technologist,"Brooklyn, NY",Actalent,2024-04-08,2024-05-09,,,,,4.0,
3888939038,Controls Engineer,"Columbus, OH",Actalent,2024-04-08,2024-05-09,,,,,5.0,
3888939625,"Modeling, Simulation & Training AI Solution Architect","Orlando, FL",Leidos,2024-04-09,2024-05-09,,144300.0,260850.0,YEARLY,4.0,
3888939786,Business Development Representative,"Salt Lake City, UT",ReliaQuest,2024-04-09,2024-05-09,,,,,4.0,
3888939874,Warehouse Order Picker,"Chesapeake, VA",Reyes Beverage Group,2024-04-08,2024-05-09,,,,,4.0,
3888940630,L&D Instructional Design Leader,United States,General Dynamics Information Technology,2024-04-09,2024-05-09,,92000.0,138000.0,YEARLY,18.0,3.0
3888941551,Adena- Ironworker/ Steel Erection,"Columbus, OH",Adena Corporation,2024-04-09,2024-05-09,,,,,2.0,
3888941653,Relief Account Manager,"Eagan, MN",Reyes Coca-Cola Bottling,2024-04-08,2024-05-09,,49376.0,61720.0,YEARLY,7.0,
3888942350,IT Field Services Technician II,"Fort Myers, FL",GenesisCare,2024-04-09,2024-05-09,,,,,5.0,
3888942568,Retail Sales - Men's Apparel - Westfarms,"Farmington, CT",Nordstrom,2024-04-09,2024-05-09,,,,HOURLY,4.0,
3888944268,Senior Heavy Equipment Operator,"Ridgeland, SC",WM,2024-04-08,2024-05-09,,,,,6.0,
3888944829,Child and Family Therapist,"San Francisco, CA",Homeless Children's Network,2024-04-09,2024-05-09,,,,,4.0,
3888945933,GE Production Technician – Ceramic Matrix Composites (CMC) – 3rd shift,"Asheville, NC",GE Aerospace,2024-04-08,2024-05-09,,,,,4.0,
3888946712,Rating & Ratemaking Insights Analyst II,United States,Allstate,2024-04-09,2024-05-09,,,,YEARLY,56.0,11.0
3888946932,Ironworker General Foreman,"Orange, TX",TIC - The Industrial Company,2024-04-09,2024-05-09,,,,,5.0,
3888949432,Senior Project Manager,"Lihue, HI",PCL Construction,2024-04-09,2024-05-09,,170000.0,185000.0,YEARLY,5.0,
3888951963,Peer Support Specialist I,"Raleigh, NC",RI International,2024-04-08,2024-05-09,,,,,5.0,
3888952161,Custom Trade Agent - 2nd Shift,"Memphis, TN",FedEx Logistics,2024-04-09,2024-05-09,,,,HOURLY,4.0,
3888952249,Warehouse Associate - Loader/Unloader - 3rd Shift,"Pembroke Pines, FL",Cintas,2024-04-08,2024-05-09,,,,,5.0,
3888953908,Seasonal Merchandising Service Associate - Weekends Preferred,"Huntsville, AL","Lowe's Companies, Inc.",2024-04-09,2024-05-09,,,,,4.0,
3888953918,Full Time - Sales Specialist - ProServices - Day,"Louisville, KY","Lowe's Companies, Inc.",2024-04-09,2024-05-09,,,,,5.0,
3888954719,Full Time - Delivery Coordinator - Day,"Garden City, NY","Lowe's Companies, Inc.",2024-04-09,2024-05-09,,18.0,25.2,HOURLY,4.0,
3888955609,Merchandising Service Manager,"Reynoldsburg, OH","Lowe's Companies, Inc.",2024-04-09,2024-05-09,,,,,8.0,
3888955628,Full Time - Sales Associate - Hardware - Day,"Kansas City, KS","Lowe's Companies, Inc.",2024-04-09,2024-05-09,,,,,4.0,
3888955721,Allied - General Radiology Technology - Travel,"Kaunakakai, HI",Protouch Staffing,2024-04-09,2024-05-09,,,,,2.0,
3888956246,Mortgage Loan Officer,"Scottsdale, AZ","SayGo Home Loans, LLC",2024-04-09,2024-05-09,,,,YEARLY,4.0,
3888958398,Senior Product Manager,United States,Ethos,2024-04-08,2024-05-09,,120000.0,201000.0,YEARLY,121.0,24.0
3888958420,Dental Hygienist,"Monroe, NY",Great Expressions Dental Centers,2024-04-09,2024-05-09,,,,HOURLY,4.0,
3888959284,Part Time - Loader/Cart Associate - Flexible,"Cookeville, TN","Lowe's Companies, Inc.",2024-04-09,2024-05-09,,,,,5.0,
3888959891,Assistant Store Manager - Kay Jewelers - Shops at La Cantera,"San Antonio, Texas Metropolitan Area",Signet Jewelers,2024-04-09,2024-05-09,,,,,7.0,
3888960727,Luxury Bridal Manager - Jared - Vista Ridge III,"Lewisville, TX",Signet Jewelers,2024-04-09,2024-05-09,,,,,6.0,
3888961918,"Spine Specialist (Houston, TX)","Houston, TX",Stryker,2024-04-08,2024-05-09,,,,,18.0,
3888963500,Non OHSU Student Worker,"Portland, OR",Oregon Health & Science University,2024-04-09,2024-05-09,,,,,5.0,
3888965335,Director of Quality Management,"Chicago, IL",Benesch,2024-04-08,2024-05-09,,,,,8.0,
3888966326,"Trauma Sales Associate - Boston South, MA","Boston, MA",Stryker,2024-04-08,2024-05-09,,,,,7.0,
3888972598,Servidor de eventos,"Flower Mound, Texas, United States",Hyatt Hotels Corporation,2024-04-09,2024-05-09,,,,,7.0,
3888972863,Delivery Driver (Full-Time),"Bear, DE",AutoZone,2024-04-09,2024-05-09,,,,,5.0,
3888972870,HVAC Programmer,"Fargo, ND",gpac,2024-04-09,2024-05-09,,70000.0,105000.0,YEARLY,4.0,
3888972881,Electrical Engineer - Senior Level,"Nashville, TN",gpac,2024-04-09,2024-05-09,,,,,7.0,
3888973743,Project/Field Manager,"Orlando, FL",gpac,2024-04-09,2024-05-09,,50000.0,70000.0,YEARLY,5.0,
3888973764,Lead Agricultural Technician,"Holyoke, CO",gpac,2024-04-09,2024-05-09,,30.0,45.0,HOURLY,5.0,
3888973840,Clinical Lab Scientist II,"Goleta, CA",Cottage Health,2024-04-09,2024-05-09,,52.0,79.0,HOURLY,6.0,
3888975060,Sales Consultant,"Maple Shade, NJ",CarMax,2024-04-09,2024-05-09,,,,,5.0,
3888975075,Delivery Driver (Full-Time),Greater Sacramento,AutoZone,2024-04-09,2024-05-09,,,,,6.0,
3888977258,Commercial Lines Manager,"Solon, OH",gpac,2024-04-09,2024-05-09,,,,,5.0,
3888978091,Baler/Compactor Technician,"Roanoke, TX",gpac,2024-04-09,2024-05-09,,50000.0,70000.0,YEARLY,4.0,
3888979093,Flooring Sales/Estimator Opportunity,"Merrillville, IN",gpac,2024-04-09,2024-05-09,,100000.0,120000.0,YEARLY,5.0,
3888997985,Teacher,"Redlands, CA",The Learning Experience,2024-04-09,2024-05-09,,17.0,20.0,HOURLY,3.0,
3888999716,ISSO GRC Risk Management Intelligence Lead,"Bellevue, WA",Meta,2024-03-15,2024-05-09,,173000.0,247000.0,YEARLY,6.0,
3889100708,Pasantía en operaciones hoteleras,"Denver, CO",Grand Hyatt,2024-04-09,2024-05-09,,,,,5.0,
3889101713,In-House Clinical Research Specialist,"Irvine, CA",Edwards Lifesciences,2024-04-09,2024-05-09,,,,,8.0,
3889101915,CWL System Engineer,"Manassas, VA",General Dynamics Mission Systems,2024-04-09,2024-05-09,,74050.4,82149.6,YEARLY,7.0,
3889103654,Electrical VDC Designer/Drafter,"Goodhue, MN",Knobelsdorff,2024-04-09,2024-05-09,,,,,16.0,
3889103915,Director of Rooms  ,"New York, NY",Hyatt Place,2024-04-09,2024-05-09,,,,,5.0,
3889103917,Intern - Chemistry R&D,"San Diego, CA","TriLink BioTechnologies, part of Maravai LifeSciences",2024-04-08,2024-05-09,,,,,6.0,1.0
3889103942,Project Manager,"Baton Rouge, LA",Entergy,2024-04-09,2024-05-09,,,,,26.0,2.0
3889104152,ISSO GRC Risk Management Intelligence Lead,"Menlo Park, CA",Meta,2024-03-15,2024-05-09,,173000.0,247000.0,YEARLY,8.0,
3889110699,Phlebotomist - Lab AdminGeneral - PRN,"San Antonio, TX",CHRISTUS Health,2024-04-09,2024-05-09,,,,,4.0,
3889112059,Reading Interventionist,"Kansas City, MO",KIPP KANSAS CITY,2024-04-09,2024-05-09,,,,,4.0,
3889113483,"Occupational Therapist, Phys Med Therapy Rehab - Full time","Lake Charles, LA",CHRISTUS Health,2024-04-09,2024-05-09,,,,,4.0,
3889113591,"Travel - CT Tech Job - $2,067/wk - $2,266/wk","Apple Valley, CA",Aya Healthcare,2024-04-09,2024-05-09,,,,,4.0,
3889114652,Mechanical Design Engineer,"San Francisco, CA",Job Juncture,2024-04-09,2024-05-09,,,,,4.0,
3889115318,"Per Diem (PRN) RRT job in Laguna Hills, CA - Make $700/shift","Laguna Hills, CA",Aya Healthcare,2024-04-09,2024-05-09,,,,,4.0,
3889115749,Senior Product Manager - NVIDIA GeForce Laptop Segment,"Santa Clara, CA",NVIDIA,2024-04-08,2024-05-09,,204000.0,310500.0,YEARLY,20.0,1.0
3889118869,Business Excellence Manager,"Buffalo Grove, IL",Abbott,2024-04-08,2024-05-09,,95000.0,190000.0,YEARLY,9.0,
3889119665,"F/T Post Commander *CCTV Experience* | Thousand Oaks, CA","Westlake Village, CA","Securitas Security Services USA, Inc.",2024-04-09,2024-05-09,,,,,4.0,
3889119689,"Security Supervisor's: $26.00/hour (Cambridge, MA)","Somerville, MA","Securitas Security Services USA, Inc.",2024-04-09,2024-05-09,,,,,5.0,
3889120661,Vehicle Retail Shift Lead Officer (1600 to 2200 hours),"Riverside, CA","Securitas Security Services USA, Inc.",2024-04-09,2024-05-09,,,,,4.0,
3889121580,Inventory Manager - Compulse,"Denver, CO",Sinclair Inc.,2024-04-09,2024-05-09,,100000.0,110000.0,YEARLY,8.0,
3889123143,Security Officer Level 2,"Carlsbad, NM","Securitas Security Services USA, Inc.",2024-04-09,2024-05-09,,,,HOURLY,4.0,
3889126926,Summer Intern,"Brooksville, FL",Nott Shots,2024-04-09,2024-10-06,,,,,4.0,
3889127033,"Customer Success Manager, SMB",United States,Supermove,2024-04-09,2024-05-09,,,,,129.0,8.0
3889127333,Night Auditor,"Raleigh, NC",Hyatt Hotels Corporation,2024-04-09,2024-05-09,,,,,7.0,
3889127539,Cook II - In-Room Dining (Full Time),"Rancho Palos Verdes, CA",Terranea Resort,2024-04-09,2024-05-09,,,,HOURLY,4.0,
3889128529,"AVP, Commercial Officer (Middle Markets - Midwest Region)","Overland Park, KS",CNA Insurance,2024-04-09,2024-05-09,,,,,4.0,
3889128909,Director of Rooms,"New York, NY",Hyatt Hotels Corporation,2024-04-09,2024-05-09,,80000.0,85000.0,YEARLY,6.0,
3889130270,Assistant Controller - VarcoMac,"Odenton, MD",VarcoMac LLC,2024-04-09,2024-05-09,,,,,7.0,
3889131111,"Director, Information Technology – Washington DC","Washington, DC",Cogent Communications,2024-04-09,2024-05-09,,,,,8.0,
3889131114,"Fiber Technician – Eau Claire, WI.","Eau Claire, WI",Cogent Communications,2024-04-09,2024-05-09,,45073.0,92456.0,YEARLY,8.0,
3889134266,Showroom Administrative Assistant,"Bluffton, SC",Rampart Supply a division of Cregger Company,2024-04-09,2024-05-09,,,,HOURLY,7.0,
3889152336,Emergency Room Registered Nurse,"Lansing, MI",Bluebird Staffing,2024-04-09,2024-05-09,,,,,4.0,
3889153774,Inventory Specialist,"Boulder, CO",Walgreens,2024-04-09,2024-05-09,,,,,2.0,
3889159939,Maintenance Mechanic - 1st Shift,"Liberty, SC","Reliable Automatic Sprinkler Co., Inc.",2024-04-09,2024-05-09,,,,,2.0,
3889168336,Loan Workout Officer,"Hauppauge, NY",Dime Community Bank,2024-04-09,2024-05-09,,140000.0,160000.0,YEARLY,4.0,
3889173179,"Restaurant Team Member, Evening Shift - Unit 537","Avondale, AZ",Whataburger,2024-04-09,2024-05-09,,,,,2.0,
3889175189,Records Manager,"Oregon, United States",UFCW,2024-04-09,2024-04-26,,,,,2.0,
3889218625,Sales Manager,"Bend, OR",J. Galt,2024-04-09,2024-05-09,,,,,3.0,
3889219832,Retail Sales Associate (Part-Time),"Cortez, CO",AutoZone,2024-04-09,2024-05-09,,,,,4.0,
3889221000,Sales Manager,"Jamestown, NY",J. Galt,2024-04-09,2024-05-09,,,,,4.0,1.0
3889234435,Sales Manager,"Jackson, MS",J. Galt,2024-04-09,2024-05-09,,,,,2.0,
3889238930,Sales Manager,"Knoxville, TN",J. Galt,2024-04-09,2024-05-09,,,,,3.0,
3889239293,Dental Assistant,"Wilmington, DE",Westside Family Healthcare,2024-04-09,2024-05-09,,,,,2.0,
3889244043,Sales Manager,"Dover, DE",J. Galt,2024-04-09,2024-05-09,,,,,2.0,
3889245354,Sales Manager,"Cookeville, TN",J. Galt,2024-04-09,2024-05-09,,,,,2.0,
3889254841,Commercial Roofing - Sheetmetal -  Knoxville TN Area,"Knoxville, TN","Rackley Roofing Company, Inc.",2024-04-09,2024-05-09,,,,,2.0,
3889278703,03315 Assistant Store Manager,"McKinney, TX",Sally Beauty,2024-04-09,2024-05-09,,,,,4.0,
3889281991,Sales Operations program manager,"Texas, United States",NetApp,2024-04-09,2024-05-09,,,,,,
3889282162,Imaging: Special Procedures Technologist,"Bismarck, ND",MedPro Healthcare Staffing,2024-04-09,2024-05-09,,,,,3.0,
3889282164,Oncology Registered Nurse,"Baltimore, MD",MedPro Healthcare Staffing,2024-04-09,2024-05-09,,,,,4.0,
3889282217,Site Reliability Engineer,Greater St. Louis,iBridge Solutions,2024-04-09,2024-05-09,,,,,1.0,
3889284707,Kitting Team Lead- Level IV 2nd Shift,"Rocky Mount, NC",Cummins Inc.,2024-04-09,2024-05-09,,,,,4.0,
3889287243,Materials Technician (3rd Shift),"Maxton, NC",Cummins Inc.,2024-04-09,2024-05-09,,,,,5.0,
3889287394,District Manager (PLCB Retail Operations Manager 1) - District 12 - Region 2,"Home, PA",Commonwealth of Pennsylvania,2024-04-09,2024-05-09,,,,,5.0,
3889287565,CMA or RMA,"Pinehurst, NC",Pinehurst Surgical Clinic,2024-04-09,2024-05-09,,,,,3.0,
3889287623,Assistant Registered Nurse (RN) - Med Surg - $32-52 per hour - R106887,"Elkhorn, WI",Vivian Health,2024-04-09,2024-05-09,,,,,5.0,
3889288082,Graduate Program,Lancaster Metropolitan Area,EF English First ,2024-04-09,2024-05-09,,,,,3.0,
3889288208,"Director, In Store","Aventura, FL",Macy's,2024-04-08,2024-05-09,,,,,4.0,
3889296308,"Weekend Physical Therapist - $10,000 Bonus","Columbia, SC",Interim HealthCare Inc.,2024-04-09,2024-05-09,,,,,2.0,
3889296329,Production Operator,"Sweetwater, TX",Georgia-Pacific LLC,2024-04-09,2024-05-09,,,,HOURLY,3.0,
3889297094,Volunteer: Help your neighbor in their greatest time of need! Join the Red Cross Disaster Action Team,"Bakersfield, CA",VolunteerMatch,2024-04-09,2024-05-09,,,,,3.0,
3889299245,200052,"Uniontown, PA",WVU Medicine,2024-04-09,2024-05-09,,,,,2.0,
3889404560,Procurement Specialist,United States,,2024-04-09,2024-10-06,,15.0,25.0,HOURLY,2.0,
3889412620,Personal Banker I,"Lawrenceburg, IN",Civista Bank,2024-04-09,2024-05-09,,,,,2.0,
3889412917,Business Requirements Analyst - Full Time Remote - BAH,United States,Talentify.io,2024-04-09,2024-05-09,,,,,5.0,
3889412935,Graduate Program,"Colorado, United States",EF English First ,2024-04-09,2024-05-09,,,,,2.0,
3889414167,Clinical Research Assistant,United States,Boston Children's Hospital,2024-04-09,2024-05-09,,,,,11.0,
3889414999,ENGINEER with Security Clearance,"Naval Academy, MD",ClearanceJobs,2024-04-08,2024-05-09,,,,,4.0,
3889415659,Long Term Disability Claims Specialist - National Remote,United States,Talentify.io,2024-04-09,2024-05-09,,,,YEARLY,6.0,
3889415886,IT SPECIALIST (NETWORK/INFOSEC) with Security Clearance,"Naval Base, VA",ClearanceJobs,2024-04-08,2024-05-09,,,,,4.0,
3889415915,Cleared Security Officer - DOD Site with Security Clearance,"Colorado Springs, CO",ClearanceJobs,2024-04-08,2024-05-09,,,,HOURLY,4.0,
3889415934,Armed Tactical Security Officer (DOD) Cleared with Security Clearance,"Troy, AL",ClearanceJobs,2024-04-08,2024-05-09,,20.4,26.52,HOURLY,4.0,
3889416412,SEC Reporting - SR Analyst - Remote,United States,Talentify.io,2024-04-09,2024-05-09,,,,,5.0,
3889417085,"Solar Engineer, Sr. Analyst","Miami, FL",ib vogt GmbH,2024-04-09,2024-05-09,,,,,6.0,
3889417873,Director of Substation Engineering,"St Louis, MO",Metric Geo,2024-04-09,2024-06-08,,160000.0,250000.0,YEARLY,14.0,
3889418196,AIRCRAFT MECHANIC with Security Clearance,"Hurlburt Field, FL",ClearanceJobs,2024-04-08,2024-05-09,,,,,6.0,
3889421739,"Occupational Therapist - OT - Crestview, FL","Crestview, FL",Great Strides Rehabilitation,2024-04-09,2024-05-09,,,,,4.0,
3889421740,"Board Certified Music Therapist - Crestview, FL","Crestview, FL",Great Strides Rehabilitation,2024-04-09,2024-05-09,,,,,4.0,
3889425127,Summer Mail Specialist,"College Station, TX",The Reynolds and Reynolds Company,2024-04-09,2024-05-09,,,,,5.0,
3889425149,"Senior Product Designer and UX Architect, Data & Analytics","New York, NY",Alter Domus,2024-04-09,2024-05-09,,,,,6.0,
3889427527,Lead Business Execution Consultant-Global Privacy Utility Privacy Notices,"Charlotte, NC",Wells Fargo,2024-04-09,2024-05-09,,,,,4.0,
3889428111,Diesel Mechanic / Fleet Technician A,"Manor, TX",Reyes Fleet Management,2024-04-08,2024-05-09,,,,,6.0,
3889428876,Service Sales Representative - First Aid and Safety,"Bend, OR",Cintas,2024-04-08,2024-05-09,,,,,5.0,
3889433684,Landscape Architect,"Coral Gables, FL",,2024-04-09,2024-05-09,,,,,6.0,
3889434548,Mortgage Loan Officer,"Miami, FL","Cornerstone First Mortgage, LLC",2024-04-09,2024-05-09,,55000.0,65000.0,YEARLY,4.0,
3889434805,Retail Sales – Part Time,"Anchorage, AK","Lowe's Companies, Inc.",2024-04-09,2024-05-09,,,,,5.0,
3889436516,Full Time - Sales Specialist - Millwork - Day,"Phoenix, AZ","Lowe's Companies, Inc.",2024-04-09,2024-05-09,,,,,4.0,
3889437315,Registered Nurse,"Camden, AL",YesCare,2024-04-09,2024-05-09,,,,,6.0,
3889440429,"Clinical Pharmacy Manager, Pediatrics - 1884905","San Antonio, TX",RightWorks,2024-04-09,2024-05-09,,,,,5.0,
3889442873,Restaurant Manager,"Woodway, TX",Goodwin Recruiting,2024-04-09,2024-05-09,,,,,4.0,
3889442888,Coffee Equipment Service Technician-Chicago,"Elk Grove Village, IL",Goodwin Recruiting,2024-04-09,2024-05-09,,20.0,25.0,HOURLY,4.0,
3889442963,Part Time Sales (16 and 17 Years Old),"Encinitas, CA",AutoZone,2024-04-09,2024-05-09,,,,,4.0,
3889443757,Cadete - Comidas y bebidas,"Koloa, HI",Grand Hyatt,2024-04-09,2024-05-09,,,,,5.0,
3889444272,Customer Service Representative,"Ogden, UT",A Hiring Company,2024-04-09,2024-05-09,,,,,2.0,
3889450869,Travel Nurse (RN) Tele (Telemetry),"Nashua, NH",Epic Travel Staffing,2024-04-09,2024-05-09,,,,,5.0,
3889474937,"Executive Mixed Reality Producer, Entertainment Experiences","Los Angeles, CA",Meta,2024-04-08,2024-05-09,,184000.0,258000.0,YEARLY,6.0,
3889478681,"Associate General Counsel, Product (Youth)","Austin, TX",Meta,2024-04-08,2024-05-09,,226000.0,304000.0,YEARLY,4.0,
3889481301,Senior Payroll Specialist,"San Diego, CA",Proven Recruiting,2024-04-09,2024-05-09,,,,,4.0,
3889482465,"Instructor, Educational Psychology K-12 | Full-time Faculty/Salaried – Teacher Preparatory","Houston, TX",Western Governors University,2024-04-09,2024-05-09,,59900.0,89900.0,YEARLY,5.0,
3889483400,Division Chief of Training - HSE Fire and Rescue,"Lebanon, IN",Eli Lilly and Company,2024-04-08,2024-05-09,,,,,6.0,
3889485994,X Ray Tech,"Huntsville, AL",Urgent Team,2024-04-09,2024-05-09,,,,,,
3889487970,Electrical Engineer,"Middletown, RI",SAIC,2024-04-08,2024-05-09,,,,,5.0,
3889489651,Principal Test Engineer,"Huntsville, AL",SAIC,2024-04-08,2024-05-09,,,,,10.0,
3889490012,Assistant Project Manager,"Albany, NY",MacFawn Fire & Flood Restoration,2024-04-09,2024-05-09,,50000.0,60000.0,YEARLY,9.0,
3889491915,RN - Miamisburg - U1W Clinical Decision Unit - FT/Nights,"Miamisburg, OH",Kettering Health,2024-04-09,2024-05-09,,,,,2.0,
3889493598,Kundenberater (m/w/d) Inbound für Meetings & Events,"Denver, CO",Jobs.de - Kariera Group,2024-04-09,2024-05-09,,,,,6.0,
3889494484,"Territory Field Admissions Rep - El Paso, TX","El Paso, TX","Universal Technical Institute, Inc.",2024-04-09,2024-05-09,,,,,5.0,
3889494553,RN - Beavercreek - ICU - FT/Nights,"Beavercreek, OH",Kettering Health,2024-04-09,2024-05-09,,,,,4.0,
3889499871,Fund Accountant,"New York, NY",Arrow Search Partners,2024-04-09,2024-05-09,,80000.0,100000.0,YEARLY,8.0,2.0
3889700451,Government Services Project Manager,Greensboro--Winston-Salem--High Point Area,The Brooks Group,2024-04-09,2024-05-09,,41000.0,45000.0,YEARLY,4.0,
3889700612,Front End Developer,"New York, NY",Arrow Search Partners,2024-04-09,2024-05-09,,130000.0,170000.0,YEARLY,117.0,52.0
3889701772,Technical Manager P&C,United States,Metric Geo,2024-04-09,2024-05-09,,110000.0,180000.0,YEARLY,5.0,1.0
3889702670,Senior Commercial Insurance Account Manager - Cyber & Technology 9501,"Dallas, TX",Capstone Search Group,2024-04-09,2024-05-07,,,,,4.0,
3889703368,Navy Recruiting Subject Matter Expert,United States,The Brooks Group,2024-04-09,2024-10-06,,70.0,90.0,HOURLY,7.0,
3889703619,Administrative Assistant Intern,"Vienna, VA",Radiant Digital,2024-04-09,2024-05-09,,,,,5.0,
3889704458,Manufacturing Company Accountant,"Fort Myers, FL","Quality Precast Solutions, LLC",2024-04-09,2024-05-09,,,,,9.0,
3889704485,Regional Head of Trademanagement AM,"Miami, FL",DHL Global Forwarding,2024-04-09,2024-05-09,,,,,24.0,1.0
3889704506,Financial Professional,"Providence, RI",Gorra Financial Group,2024-04-09,2024-05-09,,,,,1.0,
3889707928,Sales Manager,"Toledo, Ohio Metropolitan Area",J. Galt,2024-04-09,2024-05-09,,,,,9.0,1.0
3889709363,Registered Investment Advisor,"Newburgh, NY",Compass Asset Management Group,2024-04-09,2024-05-09,,,,,12.0,
3889711156,Dental Office Manager,"Gonzales, TX",Altius Dental ,2024-04-09,2024-05-09,,,,,2.0,
3889712351,"Senior Director, Talent Acquisition Solutions (Leading Global Pharmaceutical Co.) ","Westchester County, NY",The Talent Magnet,2024-04-09,2024-05-09,,250000.0,275000.0,YEARLY,254.0,40.0
3889712965,Service Specialist,"California, United States",Epiq,2024-04-09,2024-05-09,,,,,5.0,
3889713300,Sales Manager,"Nashville, TN",J. Galt,2024-04-09,2024-05-09,,,,,24.0,1.0
3889714313,Mechanical Engineer II - architectural engineering consulting environment,"Rockville, MD",Brightpath Associates LLC,2024-04-09,2024-05-09,,,,,5.0,
3889714940,PT Produce Sales Associate,"Plattsburgh, NY",Hannaford Supermarkets,2024-04-09,2024-05-09,,,,,5.0,
3889716818,PT Sales Associate Cashier,"Plattsburgh, NY",Hannaford Supermarkets,2024-04-09,2024-05-09,,15.0,21.8,HOURLY,6.0,
3889717592,ASST DIRECTOR OF NURSING - ROYAL PARK REHABILITATION AND HEALTH CENTER,"Matthews, NC",Liberty Healthcare and Rehabilitation Services,2024-04-09,2024-05-09,2024-04-09,,,,9.0,
3889717689,SPEECH LANGUAGE PATHOLOGIST,"Weldon, NC",Liberty Healthcare and Rehabilitation Services,2024-04-09,2024-05-09,2024-04-09,,,,6.0,
3889717691,Temporary Health Services Assistant (Indio and Riverside),"Riverside County, CA",County of Riverside,2024-04-09,2024-05-09,,,,,6.0,
3889718484,"Counsel, Washington, DC","Washington, DC",Cogent Communications,2024-04-09,2024-05-09,,,,,15.0,
3889719381,Manager Solutions Architect,"Roanoke, VA",Verizon,2024-04-09,2024-05-09,,,,,14.0,3.0
3889719447,Global Account Manager,Charlotte Metro,Cogent Communications,2024-04-09,2024-05-09,,,,,15.0,
3889719474,"Manager, EH&S and Compliance- Washington DC","Washington, DC",Cogent Communications,2024-04-09,2024-05-09,,,,,13.0,1.0
3889720801,LICENSED PRACTICAL NURSE (LPN) - THE FOLEY CENTER AT CHESTNUT RIDGE,"Blowing Rock, NC",Liberty Healthcare and Rehabilitation Services,2024-04-09,2024-05-09,2024-04-09,,,,6.0,
3889723909,Senior Recruiter,"Cincinnati, OH",Beehive Industries,2024-04-09,2024-05-09,,,,,38.0,6.0
3889725530,PHYSICAL THERAPIST (PT) - LIBERTY COMMONS OF ROWAN COUNTY,"Salisbury, NC",Liberty Healthcare and Rehabilitation Services,2024-04-09,2024-05-09,2024-04-09,,,,6.0,
3889726461,HOME CARE OCCUPATIONAL THERAPIST OT,"Roanoke Rapids, NC",Liberty Healthcare and Rehabilitation Services,2024-04-09,2024-05-09,2024-04-09,,,,7.0,
3889726867,Exciting Opportunity: Project Manager - Data Management Remote Role,United States,Bayforce,2024-04-09,2024-05-09,,,,,377.0,125.0
3889728593,REGISTERED NURSE (RN) - YADKIN NURSING CARE CENTER,"Yadkinville, NC",Liberty Healthcare and Rehabilitation Services,2024-04-09,2024-05-09,2024-04-09,,,,6.0,
3889732682,LICENSED PRACTICAL NURSE - BERMUDA COMMONS,"Advance, NC",Liberty Healthcare and Rehabilitation Services,2024-04-09,2024-05-09,2024-04-09,,,,6.0,
3889732998,Senior Program Manager,"Bethesda, MD","A-TEK, Inc.",2024-04-09,2024-05-09,,,,,81.0,12.0
3889734825,HOME CARE REGISTERED NURSE,"Siler City, NC",Liberty Healthcare and Rehabilitation Services,2024-04-09,2024-05-09,2024-04-09,,,,6.0,
3889735267,LICENSED PRACTICAL NURSE (LPN) - YADKIN NURSING CARE CENTER,"Yadkinville, NC",Liberty Healthcare and Rehabilitation Services,2024-04-09,2024-05-09,2024-04-09,,,,6.0,
3889735812,SUPPORT NURSE (LPN) - BRADLEY CREEK HEALTH CENTER,"Wilmington, NC",Liberty Healthcare and Rehabilitation Services,2024-04-09,2024-05-09,2024-04-09,,,,6.0,
3889740225,Learning Specialist - Facilitator,"Irving, TX",7-Eleven,2024-04-09,2024-05-09,,,,,12.0,3.0
3889740239,HOSPICE REGISTERED NURSE,"Clinton, NC",Liberty Healthcare and Rehabilitation Services,2024-04-09,2024-05-09,2024-04-09,,,,5.0,
3889741441,HOME CARE PHYSICAL THERAPIST PT,"Ahoskie, NC",Liberty Healthcare and Rehabilitation Services,2024-04-09,2024-05-09,2024-04-09,,,,6.0,
3889741774,Sales Estimator,"Virginia Beach, VA",,2024-04-09,2024-05-09,,,,,5.0,
3889741967,LICENSED PRACTICAL NURSE - WOODLANDS NURSING AND REHABILITATION CENTER,"Fayetteville, NC",Liberty Healthcare and Rehabilitation Services,2024-04-09,2024-05-09,2024-04-09,,,,4.0,
3889742925,CERTIFIED NURSING ASSISTANT - PISGAH MANOR,"Candler, NC",Liberty Healthcare and Rehabilitation Services,2024-04-09,2024-05-09,2024-04-09,,,,5.0,
3889743856,HOSPICE AIDE - CNA,"Candler, NC",Liberty Healthcare and Rehabilitation Services,2024-04-09,2024-05-09,2024-04-09,,,,9.0,
3889743989,LICENSED PRACTICAL NURSE - LIBERTY COMMONS OF LEE COUNTY,"Sanford, NC",Liberty Healthcare and Rehabilitation Services,2024-04-09,2024-05-09,2024-04-09,,,,5.0,
3889745079,GoLang Developer (Capital One Experience Required) - ***W2 Only***,"Richmond, VA",Convergenz,2024-04-09,2024-05-09,,73.0,80.0,HOURLY,66.0,2.0
3889745237,LPC Associate,"Pearland, TX",Thriveworks,2024-04-09,2024-05-09,,40000.0,55000.0,YEARLY,7.0,
3889745576,Public Relations Account Supervisor,"Miami, FL",rbb Communications,2024-04-09,2024-05-09,,,,,10.0,2.0
3889747108,LICENSED PRACTICAL NURSE - KEMPTON OF HERMITAGE,"Hermitage, TN",Liberty Healthcare and Rehabilitation Services,2024-04-09,2024-05-09,2024-04-09,,,,5.0,
3889747634,REGISTERED NURSE - WOODLANDS NURSING AND REHABILITATION CENTER,"Fayetteville, NC",Liberty Healthcare and Rehabilitation Services,2024-04-09,2024-05-09,2024-04-09,,,,6.0,
3889748163,CERTIFIED NURSING ASSISTANT - PINEHURST HEALTHCARE & REHABILITATION CENTER,"Pinehurst, NC",Liberty Healthcare and Rehabilitation Services,2024-04-09,2024-05-09,2024-04-09,,,,5.0,
3889748369,CERTIFIED NURSING ASSISTANT - OAK FOREST HEALTH & REHAB CENTER,"Winston-Salem, NC",Liberty Healthcare and Rehabilitation Services,2024-04-09,2024-05-09,2024-04-09,,,,7.0,
3889748642,System Administrator,"Richmond, VA",Vector Recruiting LLC,2024-04-09,2024-05-09,,100000.0,110000.0,YEARLY,24.0,5.0
3889750136,CERTIFIED NURSING ASSISTANT - OAK FOREST HEALTH & REHAB CENTER,"Winston-Salem, NC",Liberty Healthcare and Rehabilitation Services,2024-04-09,2024-05-09,2024-04-09,,,,5.0,
3889750974,Prevailing Wage Specialist,"Columbus, Ohio Metropolitan Area","Elford, Inc",2024-04-09,2024-05-09,,,,,12.0,
3889750981,Associate Chiropractor Relocation Assistance,"Leesburg, FL",Complete Care Centers,2024-04-09,2024-05-09,2024-04-09,,,,8.0,
3889751054,LICENSED PRACTICAL NURSE - OAK FOREST HEALTH & REHAB CENTER,"Winston-Salem, NC",Liberty Healthcare and Rehabilitation Services,2024-04-09,2024-05-09,2024-04-09,,,,5.0,
3889753680,Pro Bono project for law student,United States,,2024-04-09,2024-05-09,,,,,15.0,
3889754495,Sales Consultant (Average $75K - $350K),United States,Agency of Valor,2024-04-09,2024-05-09,,,,,139.0,22.0
3889758584,Enterprise Application Architect,"Harrisburg, PA",Motion Recruitment,2024-04-09,2024-05-09,,75.0,80.0,HOURLY,23.0,4.0
3889760398,Catering Sales Manager,"Charleston, SC",Williams Hospitality Search,2024-04-09,2024-10-06,,,,,33.0,2.0
3889761307,"Sr. Java Developer (Addison, Chandler, Seattle)","Addison, TX",Matlen Silver,2024-04-09,2024-05-09,,,,HOURLY,243.0,48.0
3889762002,Director of Retail Operations,"Palm Beach Gardens, FL",Frontline Source Group ,2024-04-09,2024-05-09,,150000.0,180000.0,YEARLY,101.0,17.0
3889762289,Graphic Designer,"Forest Lake, MN",JP Ecommerce Inc,2024-04-09,2024-05-09,,50000.0,65000.0,YEARLY,25.0,3.0
3889767900,SAP PAPM,United States,ALOIS Solutions,2024-04-09,2024-05-09,,,,,14.0,
3889769997,Principal Electrical Engineer,"Laurel, MD",WSSC Water,2024-04-09,2024-10-06,,96368.0,163826.0,YEARLY,19.0,
3889770508,Senior Program Manager,United States,Hexaware Technologies,2024-04-09,2024-06-08,,140000.0,145000.0,YEARLY,99.0,32.0
3889770820,Environmental Health & Sustainability Manager,"Sycamore, IL",CareersInFood.com,2024-04-09,2024-05-09,,,,,13.0,1.0
3889772331,Production Supervisor,"Calhoun, GA",Tarkett,2024-04-09,2024-10-06,,,,,31.0,3.0
3889777426,Estate Specialist/Tax Accountant - Private Client Services,"Minneapolis, MN",Ballard Spahr LLP,2024-04-09,2024-05-09,,,,,7.0,2.0
3890886966,Site Reliability Engineer,United States,Insight Global,2024-04-11,2024-05-11,,,,HOURLY,10.0,1.0
3890887462,Mid-Level Litigation/Trademark Associate,"Chicago, IL","Pattishall, McAuliffe, Newbury, Hilliard & Geraldson LLP",2024-04-11,2024-10-08,,170000.0,220000.0,YEARLY,4.0,
3890889833,Licensed Practical Nurse (LPN)/ School Aide,"Altoona, PA","Pyramid Healthcare, Inc.",2024-04-11,2024-05-11,,,,,3.0,
3890889877,地区财务Assistant,"El Segundo, CA",AIR CHINA LIMITED ( NORTH AMERICA),2024-04-11,2024-05-11,,,,,4.0,
3890892611,Project Manager,"Indianapolis, IN",ElitAire,2024-04-11,2024-05-11,,,,,3.0,
3890893424,Senior Business Analyst,"Ohio, United States","Ashley Ellis, Inc",2024-04-11,2024-05-11,,50.0,65.0,HOURLY,3.0,
3890893429,Remote Role - Pega Administrator,United States,R4Solutions Inc,2024-04-11,2024-05-11,,,,,15.0,1.0
3890893461,Director of Fundraising,"Sioux Falls, SD",Sheryl Johnson for Congress,2024-04-11,2024-10-08,,4500.0,6000.0,YEARLY,2.0,
3890893469,Electronic Design Engineer,"Irvine, CA",Ultimate Staffing,2024-04-11,2024-05-11,,85000.0,140000.0,YEARLY,6.0,
3890893478,Field Manager,"Las Vegas, NV",American Greetings,2024-04-11,2024-05-11,,,,,2.0,
3890893553,Controller,"East Peoria, IL",Cullinan Properties,2024-04-11,2024-05-11,,,,,2.0,
3890893956,Customer Relationship Specialist,"New Berlin, WI",Manpower,2024-04-11,2024-05-11,,,,,2.0,
3890894253,Customer Experience Specialist,"City of Industry, CA",Brighton Collectibles,2024-04-11,2024-05-11,,22.0,24.0,HOURLY,4.0,
3890894306,Food Safety & Compliance Manager,"Durham, NC",Greene Resources,2024-04-11,2024-05-11,,70000.0,90000.0,YEARLY,2.0,
3890895170,Sales Support Specialist at a green building consulting firm,"Los Angeles, CA",GAIA,2024-04-11,2024-05-11,,80000.0,95000.0,YEARLY,2.0,
3890896017,Software Engineer (.NET/C#),United States,Corps Team,2024-04-11,2024-05-11,,51.42,53.42,HOURLY,85.0,37.0
3890896118,Environmental Health Safety Engineer,"Phoenix, AZ",,2024-04-11,2024-05-11,,,,,2.0,
3890896125,Part-Time Remote Project Data Contributor (No experience needed) – WFH - Anywhere in US,"Dayton, OH",TransPerfect,2024-04-11,2024-05-11,,,,,3.0,
3890897213,Administrative Assistant,"New York, NY",Creative Business Inc.,2024-04-11,2024-10-08,,,,HOURLY,1.0,
3891002483,"Head, Technology & Digital Imaging","Stanford, CA","The Hoover Institution, Stanford University",2024-04-11,2024-05-11,,110000.0,169000.0,YEARLY,3.0,1.0
3891004221,Recruiter,"Stoughton, MA","Riley Brothers, LLC",2024-04-11,2024-05-11,,,,,,
3891008397,Security Governance Manager,"Columbus, IN",Toyota Material Handling,2024-04-11,2024-05-11,,,,,2.0,
3891009079,CT TECH,"Weymouth, MA",South Shore Health,2024-04-11,2024-05-11,,,,,3.0,
3891009902,Senior Executive Recruiter,"Tampa, FL",FinTrust Connect,2024-04-11,2024-05-11,,,,,,
3891010605,Client Relationship Manager 1,"Chicago, IL",Kantar,2024-04-11,2024-05-11,,,,YEARLY,3.0,
3891012468,Project Manager,"Miami, FL",Coforge,2024-04-11,2024-05-11,,,,,5.0,
3891013733,Diesel Mechanic,"Hudson, WI",Rinvio (Ignite Recruitment),2024-04-11,2024-05-11,,,,,3.0,
3891014472,Human Resources Business Partner,"Findlay, OH",Blanchard Valley Health System,2024-04-11,2024-10-08,,73000.0,95000.0,YEARLY,2.0,1.0
3891018253,Associate Attorney- litigation,Miami-Fort Lauderdale Area,Confidential Jobs,2024-04-11,2024-05-11,,,,,2.0,
3891018860,Senior Project Advocate,"Scottsdale, AZ",ADVOCATE - Residential Construction Advisors,2024-04-11,2024-05-11,,80000.0,120000.0,YEARLY,3.0,
3891021395,Assembly,"Salisbury, NC",The Reserves Network,2024-04-11,2024-05-11,,,,HOURLY,4.0,
3891022007,Enterprise Consulting Sales,"Orange County, CA",Shelgin Partners Recruiting Agency,2024-04-11,2024-05-11,,,,YEARLY,2.0,
3891024000,1st - Forklift / Turret Operator,"Timberlake, NC",The Reserves Network,2024-04-11,2024-05-11,,,,HOURLY,4.0,
3891027923,Outside Sales Representative - Medical Equipment,"Largo, FL",Lincare,2024-04-11,2024-05-11,,,,,3.0,
3891039116,Sr Program Manager,"Atlanta, GA",WestRock Company,2024-04-11,2024-05-11,,,,,2.0,
3891039391,"Full-Time Store Manager Trainee,","Willoughby, OH",ALDI USA,2024-04-11,2024-05-11,,,,HOURLY,4.0,
3891061938,Hardware Verification Engineer,United States,Entegee,2024-04-11,2024-05-11,,55.0,58.0,HOURLY,2.0,
3891066994,Project Advocate,"Scottsdale, AZ",ADVOCATE - Residential Construction Advisors,2024-04-11,2024-05-11,,40000.0,70000.0,YEARLY,2.0,
3891069906,Application Engineer,"Calumet City, IL",Gasvoda Group,2024-04-11,2024-10-08,,75000.0,90000.0,YEARLY,4.0,
3891069949,"Solar Senior Project Manager, Construction","Boulder, CO",Scout Clean Energy,2024-04-11,2024-05-12,,,,,2.0,
3891070676,Facilities Tech 3 - Electrician,"Durham, NC",bioMérieux,2024-04-11,2024-05-11,,,,,4.0,
3891070678,"Manufacturing Technical Lead, Line 4 - Day Shift","Durham, NC",bioMérieux,2024-04-11,2024-05-11,,,,,4.0,
3891070712,Technical Support Specialist,"Eagan, MN",Insight Global,2024-04-11,2024-05-11,,,,,2.0,
3891070744,HR & Administrative Manager,"Durham, NC",CARsgen Therapeutics,2024-04-11,2024-05-11,,,,,2.0,
3891070863,Oracle Revenue Lead,United States,Sumeru Inc,2024-04-11,2024-05-11,,,,,8.0,
3891070878,Lead Android Developer ,"Alpharetta, GA",Martin Street Inc,2024-04-11,2024-05-11,,,,,,
3891071118,Lead Front End Developer ,"Ashburn, VA",Us Technology International Private Limited,2024-04-11,2024-05-11,,,,,2.0,
3891071518,Software Engineer,"Chicago, IL",Equity Residential,2024-04-11,2024-05-11,,,,,5.0,
3891071531,Sr. Cloud Software Engineer (GOLANG),"Plano, TX",Calance,2024-04-11,2024-05-11,,75.0,80.0,HOURLY,5.0,
3891071634,Senior Electrical Engineer,"Austin, Texas Metropolitan Area",Glumac,2024-04-11,2024-05-11,,130000.0,160000.0,YEARLY,2.0,
3891071643,Paralegal,"Helena, MT","Silverman Law Office, PLLC",2024-04-11,2024-10-08,,55000.0,80000.0,YEARLY,3.0,
3891072445,Quality Manager,"Richfield, WI",Server Products,2024-04-11,2024-05-11,,,,,2.0,
3891072480,Financial Advisor Launch Program,"Monterey, CA",Northwestern Mutual,2024-04-11,2024-05-11,,,,,1.0,
3891072493,Personal Lines Account Manager - GDW,"Greensboro, NC",Correll Insurance Group,2024-04-11,2024-05-11,,,,,3.0,
3891073275,"Solar Project Manager, Construction","Boulder, CO",Scout Clean Energy,2024-04-11,2024-05-12,,,,,2.0,
3891073321,Outside Sales Representative,"Fresno, CA",Ernest,2024-04-11,2024-05-11,,60000.0,73000.0,YEARLY,1.0,
3891073340,"Supervisor, Manufacturing Maintenance - Night Shift","Durham, NC",bioMérieux,2024-04-11,2024-05-11,,,,,4.0,
3891073422,Sr. Full Stack WordPress WooCommerce Developer,"Morristown, NJ",The HRT Club,2024-04-11,2024-05-11,,,,,2.0,
3891073868,Non-Destructive Testing Level III Specialist,"Ladson, SC",SKF Group,2024-04-11,2024-05-11,,90000.0,120000.0,YEARLY,3.0,
3891073920,Regional Controller ,"Sunnyvale, CA",Compass Group USA,2024-04-11,2024-05-11,,142000.0,170000.0,YEARLY,2.0,
3891073921,Customer Service Representative Fueler/Washer,"Tuscaloosa, AL",Penske Truck Leasing,2024-04-11,2024-05-11,,,,,5.0,
3891074209,Intensive Care Unit (ICU) RN - Indianapolis - $42 - $57/hr,"Indianapolis, IN",The Job Network,2024-04-11,2024-05-11,,,,,3.0,
3891074328,Computer Systems Engineer,United States,Apex Systems,2024-04-11,2024-05-11,,50.0,58.0,HOURLY,1.0,
3891074394,Event Manager,"Germantown, MD",QIAGEN,2024-04-11,2024-05-11,,,,,4.0,
3891074408,B2B Inside Sales,Dallas-Fort Worth Metroplex,Mentis Group,2024-04-11,2024-10-08,,,,,2.0,
3891074573,Maintenance Coordinator,"Chicago, IL",Penske Truck Leasing,2024-04-11,2024-05-11,,,,,4.0,
3891075367,Construction Coordinator,"Canton, OH",Eckinger Construction Company,2024-04-11,2024-05-11,,,,,2.0,
3891075397,Oracle Fusion Analytics Warehouse HCM Developer,United States,Enterprise Peak,2024-04-11,2024-05-11,,,,,8.0,
3891075869,Director of Engineering and Maintenance,"Wilder, ID",Judge Direct Placement,2024-04-11,2024-05-11,,,,,2.0,
3891076067,Program Manager,"Redmond, WA",Fōcus - an Ōnin Group company,2024-04-11,2024-05-11,,,,HOURLY,,
3891076124,"Senior Manager, Application Development",United States,1/ST Technology - Xpressbet and AmTote International,2024-04-11,2024-05-12,,,,,1.0,
3891076185,Sr Material Handler,"Hazelwood, MO",bioMérieux,2024-04-11,2024-05-11,,,,,3.0,
3891076317,Healthcare Recruiter (Entry-level),"Phoenix, AZ",Medasource,2024-04-11,2024-05-11,,45000.0,60000.0,YEARLY,2.0,
3891076321,Learning and Development Program Manager,"Chicago, IL",Hillview Consulting Solutions,2024-04-11,2024-05-11,,50.0,55.0,HOURLY,1.0,
3891076410,Wellness Rehabilitation Specialist - Part-Time/Wage,"Abingdon, VA",Department of Behavioral Health and Developmental Services,2024-04-11,2024-05-11,,,,HOURLY,4.0,
3891076423,Virologist,"Gaithersburg, MD",Fladger Associates,2024-04-11,2024-05-11,,,,,3.0,
3891076676,Accounts Receivable Manager,"Tempe, AZ",Arizona State University,2024-04-11,2024-05-11,,,,YEARLY,,
3891076726,Conservation Campaign Manager,"Indiana, United States",Indiana Conservation Voters,2024-04-18,2024-10-15,,,,YEARLY,28.0,
3891076754,Mentor - AMP,"Bronx, NY",The New York Foundling,2024-04-11,2024-05-11,,50872.5,58172.5,YEARLY,2.0,
3891076842,Accounting Manager,"Montgomery County, PA",Aspire Staffing Group,2024-04-11,2024-05-11,,90000.0,110000.0,YEARLY,2.0,
3891076896,Quality Assurance Team Leader (Manager),"Smithfield, UT",Schreiber Foods,2024-04-11,2024-05-11,,,,,5.0,
3891077078,Dishwasher,"Lovettsville, VA",The Restaurant at Patowmack Farm,2024-04-11,2024-05-11,,,,,4.0,
3891077221,Account Executive,"Mesa, AZ",Goosehead Insurance Agency,2024-04-11,2024-05-11,,53000.0,90000.0,YEARLY,3.0,
3891077590,Customer Success Manager,"San Francisco, CA",Ansa,2024-04-11,2024-05-11,,150000.0,180000.0,YEARLY,1.0,
3891077607,Principal Consultant (Treasury Domain),"Atlanta, GA",Avance Consulting,2024-04-11,2024-05-11,,,,,2.0,
3891079016,Civil / Structural Field Engineer,"Georgetown, KY",TekWissen ®,2024-04-11,2024-05-11,,50.0,55.0,HOURLY,1.0,
3891079298,Parttime Administrative Assistant,"Richmond, VA",Insight Global,2024-04-11,2024-05-11,,16.0,17.0,HOURLY,2.0,
3891079386,Manager - Branch 2,"Denver, CO",Airgas,2024-04-11,2024-05-11,,75000.0,85000.0,YEARLY,5.0,
3891080153,Mechanical Engineer,"Greensboro, NC",Confidential,2024-04-11,2024-05-11,,110000.0,120000.0,YEARLY,2.0,
3891080226,Part-time Administrative Assistant,"Ann Arbor, MI",Center Design Studio,2024-04-11,2024-10-08,,20.0,25.0,HOURLY,3.0,
3891080309,Sr Robotics Manufacturing Engineer,"Ridgewood, NJ",techolution,2024-04-11,2024-05-11,,120000.0,160000.0,YEARLY,3.0,
3891081235,Integration Engineer,"El Segundo, CA",Flip,2024-04-11,2024-05-11,,65000.0,80000.0,YEARLY,3.0,1.0
3891083077,Part-Time Work From Home as Audio Collector,"Marshfield, MA",TransPerfect,2024-04-11,2024-05-11,,,,,,
3891083398,Oracle Technical Manager lead (W2 or 1099 ONLY),"Boston, MA","Infotech Spectrum Inc,",2024-04-11,2024-05-11,,,,,2.0,
3891084024,Associate Attorney,"Fort Lauderdale, FL",Wicker Smith,2024-04-11,2024-05-11,,,,,3.0,
3891087905,Data Management Group Leader,"McLean, VA",MITRE,2024-04-11,2024-05-11,,,,,3.0,
3891088945,Principal Machine Learning Engineer (Remote),"Bethesda, MD","Teaching Strategies, LLC",2024-04-11,2024-05-11,,,,,3.0,
3891089938,CDL Shuttle Driver,"Chattanooga, TN","Coca-Cola Bottling Company UNITED, Inc.",2024-04-11,2024-05-11,,,,,4.0,
3891091571,Junior Analyst,"Orange, CA",GITSIT Solutions,2024-04-11,2024-05-11,,24.5,31.5,HOURLY,4.0,
3891098150,Product Marketing Specialist,Los Angeles Metropolitan Area,Confidential,2024-04-11,2024-05-11,,80000.0,100000.0,YEARLY,1.0,
3891111445,Senior Trust Officer,"Salt Lake City, UT",Bank of Utah,2024-04-18,2024-05-18,,,,,14.0,
3891250227,Assistant Controller,"Winsted, CT",The Job Network,2024-04-12,2024-05-12,,,,,5.0,
3891250884,2024-2025 Grade 3 Teacher- Reedom ES,"Las Vegas, NV",Clark County School District,2024-04-12,2024-05-12,,,,,4.0,
3891251519,Truck Driver - CDL Class A - Penske Logistics,"Durham, NC",Penske Logistics,2024-04-12,2024-05-12,,,,,4.0,
3891251848,Social Media Strategist,"Chicago, IL",Saatchi & Saatchi (We Are Saatchi),2024-04-12,2024-05-12,,,,,8.0,
3891252269,Estimator - General Contractor,"Fallbrook, CA",The Job Network,2024-04-12,2024-05-12,,,,,4.0,
3891253220,Social Media Marketing Intern,"California, United States",Social View Agency,2024-04-12,2024-05-12,,,,,3.0,1.0
3891253811,Operations Support Specialist,"Covington, LA",Airgas,2024-04-12,2024-05-12,,,,,4.0,
3891255634,Sr. Data Analytics Engineer,"Redmond, WA",Wimmer Solutions,2024-04-12,2024-05-12,,65.0,80.0,HOURLY,10.0,4.0
3891257259,"Manager, Service Information","Fountain Valley, CA",Hyundai Motor America,2024-04-12,2024-05-12,,85400.0,122000.0,YEARLY,5.0,
3891259795,Customer Service Representative (Bilingual-French) (140418),"Somerset, NJ",Atrium,2024-04-11,2024-05-12,,,,,3.0,
3891262247,Pharm Tech Spec - Spec Pharm,"Phoenix, AZ",Phoenix Children's,2024-04-12,2024-05-12,,,,,5.0,
3891263978,Design Engineer,"Sidney, OH",Ingersoll Rand,2024-04-12,2024-05-12,,,,,4.0,
3891265454,Store Parts Professional,"Phoenix, AZ",NAPA Auto Parts,2024-04-12,2024-05-12,,,,,6.0,
3891266115,CNC Machine Operator - 2nd Shift,"Alsip, IL",Ingersoll Rand,2024-04-12,2024-05-12,,,,,3.0,
3891266446,"Business Intelligence Administrator, Tableau",United States,GitLab,2024-04-12,2024-05-12,,78400.0,168000.0,YEARLY,5.0,
3891267697,Third Key PT,"Colorado Springs, CO",Claire's,2024-04-12,2024-05-12,,,,,6.0,
3891268301,Customer Service Representative - CSR,"Tualatin, OR","SBM Management Services, LP",2024-04-12,2024-05-12,,,,,5.0,
3891269565,Supervisor/Manager Part-Time,"Rialto, CA",Claire's,2024-04-12,2024-05-12,,,,,4.0,
3891270004,Ultrasound Tech - Radiology,"Valparaiso, IN",Solomon Page,2024-04-12,2024-05-12,,,,,5.0,
3891270650,Vetco Veterinary Assistant,"Hillside, IL",Petco,2024-04-11,2024-05-12,,,,,3.0,
3891270666,Sales Associate,"Beaumont, TX",Petco,2024-04-11,2024-05-12,,,,,4.0,
3891271513,Supervisor/Manager Part-Time- Icing -Irving Mall,"Irving, TX",Claire's,2024-04-12,2024-05-12,,,,,5.0,
3891271870,Braille Transcriber,United States,BIG Language Solutions,2024-04-12,2024-10-09,,,,,13.0,
3891272376,Sales Associate,"Rochester, MN",Petco,2024-04-11,2024-05-12,,,,,3.0,
3891274770,Receptionist,"Linden, NJ",H&R Block,2024-04-12,2024-05-12,,,,,4.0,
3891275513,Cyber Security Engineer,"Patterson, OH",Akima,2024-04-12,2024-05-12,,,,,4.0,
3891278671,Inspector Apprentice - Manheim,"San Antonio, TX",Cox Automotive Inc.,2024-04-12,2024-05-12,,,,,8.0,
3891279192,Mental Health Therapist (Part-time),"Sacramento, CA",Sacramento Children's Home,2024-04-12,2024-05-12,,,,,5.0,
3891279582,Receptionist,"Perth Amboy, NJ",H&R Block,2024-04-12,2024-05-12,,,,,6.0,
3891282411,Data Entry Specialist,"Franklin, TN",Russell Tobin,2024-04-12,2024-05-12,,,,,5.0,
3891282814,Advanced Business Intelligence Analyst,"Ann Arbor, MI",Trinity Health,2024-04-11,2024-05-12,,,,,4.0,
3891283506,Radar Lead Systems Engineer,"Dallas, TX",Raytheon,2024-04-11,2024-05-12,,118000.0,246000.0,YEARLY,4.0,
3891284362,Receptionist,San Angelo Area,H&R Block,2024-04-12,2024-05-12,,,,,4.0,
3891284809,"Laboratory Support Tech, Days","Maywood, IL",Trinity Health,2024-04-11,2024-05-12,,,,,4.0,
3891285618,Seasonal Driver,"Windsor, CO",SiteOne Landscape Supply,2024-04-12,2024-05-12,,,,,3.0,
3891285623,Yard Associate - Bilingual Preferred (English/Spanish),"San Marcos, CA",SiteOne Landscape Supply,2024-04-12,2024-05-12,,20.0,22.0,HOURLY,3.0,
3891287709,"Sales Executive Merchant Regional (Denver, CO - Virtual)","Denver, CO",myGwork - LGBTQ+ Business Community,2024-04-12,2024-05-12,,39840.0,65740.0,YEARLY,5.0,
3891287924,"Branch Manager - Lower Midtown, New York, NY","New York, NY",JPMorgan Chase & Co.,2024-04-12,2024-05-12,,,,,8.0,1.0
3891288679,Associate Team Leader,"Menifee, CA",H&R Block,2024-04-12,2024-05-12,,,,,5.0,
3891288838,Nursing Assistant - Horizon House,"Anchorage, AK",The Job Network,2024-04-12,2024-05-12,,18.0,26.82,HOURLY,3.0,
3891292027,Real Estate Asset Management Lead (Americas),"Bothell, WA",Pfizer,2024-04-12,2024-05-12,,149200.0,248600.0,YEARLY,5.0,
3891292150,LPN (Per Diem/On Call) - Extended Care,"Anchorage, AK",The Job Network,2024-04-12,2024-05-12,,27.58,43.01,HOURLY,4.0,
3891292416,"Supervisor, Central Activation","New York, NY",Publicis Media,2024-04-12,2024-05-12,,,,,2.0,
3891800645,Computer Vision/ Machine Learning Engineer,"Seattle, WA",Mainz Brady Group,2024-04-12,2024-05-12,,,,,4.0,
3891801566,Electrical Field Supervisor / (Hybrid) Field Project Manager,"Wilmington, NC",Tiello,2024-04-12,2024-05-12,,90000.0,115000.0,YEARLY,8.0,
3891801574,Environmental Specialist,"Trenton, NJ",NJ Department of Environmental Protection,2024-04-12,2024-05-12,,,,HOURLY,3.0,
3891802420,Senior Financial Analyst/ Project Manager,"Puyallup, WA",Swire Shipping,2024-04-12,2024-05-12,,100000.0,110000.0,YEARLY,21.0,1.0
3891805176,Production Shift Manager,"Bridgewater, NJ",Roldan Executive Search Group,2024-04-12,2024-10-09,,,,,7.0,
3891805682,"Prenatal Account Manager, El Paso","El Paso, TX",BillionToOne,2024-04-12,2024-05-12,,,,,2.0,
3891806151,Publicist,United States,,2024-04-12,2024-10-09,,,,,31.0,3.0
3891806246,"Sr. Architect, IT - Enterprise Architecture,","Deerfield, IL",Baxter International Inc.,2024-04-12,2024-05-12,,136000.0,187000.0,YEARLY,4.0,
3891807529,Digital Transformation Business Analyst,"Council, AR",Rural City of Wangaratta,2024-04-12,2024-05-12,,,,,2.0,
3891808297,Copywriter,"New York, NY",PXP,2024-04-12,2024-05-12,,64500.0,101500.0,YEARLY,4.0,
3891808305,"Prenatal Account Manager, East Bay","Concord, CA",BillionToOne,2024-04-12,2024-05-12,,115000.0,165000.0,YEARLY,5.0,
3891809036,"Banquet Cook, Part-time - Crowne Plaza Milwaukee South","Milwaukee, WI",Remington Hospitality,2024-04-12,2024-05-12,,,,,5.0,
3891809206,Technical Sales Representative,United States,,2024-04-12,2024-05-12,,,,,2.0,
3891810390,Business Matching Manager,"New York, United States",Hong Kong Trade Development Council,2024-04-12,2024-05-12,,,,,3.0,
3891814492,Therapist - Remote,"Rancho Cucamonga, CA",Guideline Healthcare,2024-04-12,2024-04-30,,100000.0,135000.0,YEARLY,1.0,
3891815007,Fleet Mechanic,"Kingston, NY",Path Engineering,2024-04-12,2024-04-26,,,,,1.0,
3891817692,"Travel Nurse RN in Laconia, NH - Excellent Benefits 2024-04-11","Laconia, NH",TravelNurseSource,2024-04-12,2024-05-12,,,,,1.0,
3891819103,"Travel Nurse RN - Oncology in New Brunswick, NJ - Excellent Benefits 2024-04-11","New Brunswick, NJ",TravelNurseSource,2024-04-12,2024-05-12,,,,,1.0,
3891819580,Java Developer,"Fort Lauderdale, FL",NAVA Software Solutions,2024-04-12,2024-05-07,,,,,1.0,
3891831765,Manufacturing Engineer,"St Paul, VA",The Job Network,2024-04-12,2024-05-12,,,,,2.0,
3891832723,Care Team Face Visit Specialist,"Las Vegas, NV",The Job Network,2024-04-12,2024-05-12,,,,,2.0,
3891835445,Maintenance Technician,"Kansas City, MO",The Job Network,2024-04-12,2024-05-12,,,,,2.0,
3891836400,Office Administrators (A3066),"Mentor, OH",The Job Network,2024-04-12,2024-05-12,,,,,2.0,
3891837028,Physician Liaison,"Kansas City, MO",The Job Network,2024-04-12,2024-05-12,,,,,2.0,
3891838120,Truck Technician,"St Cloud, MN",The Job Network,2024-04-12,2024-05-12,,,,,2.0,
3891841325,Quality Technician,"Prince George, VA",The Job Network,2024-04-12,2024-05-12,,,,,2.0,
3891842189,Senior FP&A Analyst,"Dallas, TX",The Job Network,2024-04-12,2024-05-12,,,,,2.0,
3891843027,Entry Level Oracle Financial Technology Consultant,"Goshen, IN",Revature,2024-04-12,2024-05-12,,,,,2.0,
3894201416,Wealth Sales Assistant Rgst,"Athens, TN",Old National Bank,2024-04-11,2024-05-11,,,,,4.0,
3894202906,Performance Analyst,"Greenwood Village, CO",Morgan Stanley,2024-04-11,2024-05-11,,,,,7.0,
3894204197,PRINCIPAL FIELD APPLICATIONS ENGINEER (Hybrid),"Troy, MI",TE Connectivity,2024-04-11,2024-05-11,,,,,5.0,
3894204522,Sales Representative,"Stafford, TX",ITT Inc.,2024-04-11,2024-05-11,,65900.0,98500.0,YEARLY,5.0,
3894207322,Legal Analyst (Mid-Level) P&C Insurance,"Tampa, FL",USAA,2024-04-11,2024-05-11,,74210.0,141830.0,YEARLY,5.0,
3894207329,Model Validator Lead - Model Risk Audit,"San Antonio, TX",USAA,2024-04-11,2024-05-11,,,,,3.0,
3894209280,PI Systems Engineer,"San Leandro, CA",AVEVA,2024-04-11,2024-05-11,,,,,3.0,
3894210130,Fullstack Software Engineer - Mid Level,"Tampa, FL",USAA,2024-04-11,2024-05-11,,,,,4.0,
3894210676,Business Development Manager - Audio North America,Raleigh-Durham-Chapel Hill Area,Amphenol,2024-04-11,2024-05-11,,,,,7.0,2.0
3894211568,Azure network and infrastructure engineer,United States,Datasys Consulting and Software Inc.,2024-04-11,2024-05-11,,,,,6.0,2.0
3894211817,OSP Fiber Residential ISP Technicians,"Melbourne, FL",TelForce Group LLP,2024-04-11,2024-05-11,,,,,,
3894218268,Workplace Receptionist,"Chicago, IL",Aditi Consulting,2024-04-11,2024-05-11,,,,,2.0,
3894232932,Administrative Assistant to Analysts | Hedge Fund | 80-95K - Midtown East,"New York, NY",TBG | The Bachrach Group,2024-04-11,2024-06-10,,80.0,95.0,YEARLY,3.0,
3894244534,Cassandra DBA ,"Denver, CO",Visionary Innovative Technology Solutions LLC,2024-04-11,2024-05-11,,,,,5.0,
3894268729,Delivery Truck Driver - CDL,"Chicopee, MA",Ferguson ,2024-04-11,2024-05-11,,20.22,32.3,HOURLY,4.0,
3894273078,"Applied Scientist II, ADAM IDEA (Identity and Diagnostics Engineering for Advertising)","New York, NY",Amazon,2024-04-08,2024-05-11,,136000.0,222200.0,YEARLY,3.0,
3894273575,Desktop Support Administrator - Wi-Fi Protected Setup (WPS),"Lincolnshire, IL",Confidential,2024-04-11,2024-05-11,,,,HOURLY,3.0,
3894273662,Production Supervisor - 3rd Shift,"Twinsburg, OH",AAM - American Axle & Manufacturing,2024-04-11,2024-05-11,,,,,3.0,
3894278745,Infectious Disease Scientist,"Lansdale, PA",eTeam,2024-04-11,2024-05-11,,47.0,47.42,HOURLY,3.0,
3894280944,Patient Care Technician (PCT),"Columbus, IN",WellNow Urgent Care,2024-04-11,2024-05-11,,,,HOURLY,3.0,
3894280945,Clinic Shift Lead,"Buffalo, NY",WellNow Urgent Care,2024-04-11,2024-05-11,,,,,5.0,
3894281950,Marketing & Business Development Specialist-Regulatory,"Washington, DC",Open Systems Technologies,2024-04-11,2024-05-11,,100000.0,140000.0,YEARLY,4.0,
3894282431,Driver Manager - Days,"Olathe, KS","TransAm Trucking, Inc.",2024-04-11,2024-05-11,,,,,3.0,
3894282750,Transit Training Instructor,"Washington, DC",RATP Dev USA,2024-04-11,2024-05-11,,,,,5.0,
3894284192,Software Developer,"Philadelphia, PA",TRIMAH TECHNOLOGIES LLC,2024-04-11,2024-05-11,,75.0,80.0,HOURLY,8.0,
3894285731,RN- 2 Heart,"Waterloo, IA",UnityPoint Health,2024-04-11,2024-05-11,,,,,5.0,
3894285747,Business Manager - Enterprise Consumer Data,"McLean, VA",Capital One,2024-04-11,2024-05-11,,,,,3.0,
3894285749,"Senior Data Scientist, Experimentation & Personalization","Cambridge, MA",Capital One,2024-04-11,2024-05-11,,,,,3.0,
3894285847,School Based Speech-Language Pathologist Assistant SLPA,"Gadsden, AL","Team Builders Recruiting and Consulting, LLC",2024-04-11,2024-05-11,,,,,5.0,
3894286140,Linux/Unix Administrator,"Plano, TX",Visionary Innovative Technology Solutions LLC,2024-04-11,2024-05-11,,,,,1.0,
3894286588,Operations Coordinator,"Portland, ME",Diversified Communications HQ,2024-04-09,2024-05-11,,,,,4.0,
3894286601,Supervisor Clinic Office II-Occupational Health,"West Des Moines, IA",UnityPoint Health,2024-04-11,2024-05-11,,,,,4.0,
3894287043,Patient Care Technician (PCT),"Parma, OH",WellNow Urgent Care,2024-04-11,2024-05-11,,,,HOURLY,4.0,
3894287123,Account Services Specialist II,United States,Ultimus Fund Solutions,2024-04-11,2024-05-11,,,,,2.0,
3894287202,Software Engineer,"Fargo, ND",AmericanAg,2024-04-11,2024-05-11,,,,,5.0,
3894288137,Trade Support Administrator,"Chicago, IL",MA CAPITAL U.S. LLC,2024-04-11,2024-05-11,,75000.0,95000.0,YEARLY,2.0,
3894289292,Senior Administrative Assistant (Administrative Support Assistant III) - Card Operations,"Richmond, VA",Capital One,2024-04-11,2024-05-11,,,,,2.0,
3894289398,"Diversity, Equity, and Inclusion Manager","Chicago, IL",Oakleaf Partnership Limited,2024-04-11,2024-05-11,,135000.0,160000.0,YEARLY,1.0,
3894289596,Chief Data Officer,United States,Confidencial,2024-04-11,2024-05-11,,,,,,
3894290326,Die Technician,"Florida, United States",Norsk Hydro,2024-04-11,2024-05-11,,,,,1.0,
3894291087,Peri-Operative Assistant,"Marshalltown, IA",UnityPoint Health,2024-04-11,2024-05-11,,,,,4.0,
3894291497,Collections Account Manager I,"Utah, United States",Snap Finance,2024-04-11,2024-05-11,,,,,1.0,
3894292641,Qualified Medication Aide (QMA),"Butler, IN",Ciena Healthcare,2024-04-11,2024-05-11,,,,,3.0,
3894294360,Licensed Practical Nurse (LPN),"Livonia, MI",Ciena Healthcare,2024-04-11,2024-05-11,,,,HOURLY,3.0,
3894294713,Entry Level Recruiter,"New York, NY",Harnham,2024-04-11,2024-05-11,,,,YEARLY,3.0,
3894295293,Senior Digital Accessibility Specialist #9094,"Pittsburgh, PA",Federated Hermes,2024-04-11,2024-05-11,,,,,2.0,
3894295970,Maintenance Technician,"Buchanan, WI","Bridgestone Retail Operations, LLC",2024-04-11,2024-05-11,,,,,4.0,
3894297633,Engineering Technician - MicroStation/ORD,"Houston, TX",Westwood Professional Services,2024-04-11,2024-05-11,,,,,4.0,
3894298101,Manufacturing Associate,"Thousand Oaks, CA",Aditi Consulting,2024-04-11,2024-05-11,,,,,2.0,
3894298612,Building Maintenance Mechanic II,"Stillwater, OK",Oklahoma State University,2024-04-11,2024-05-11,,,,,4.0,
3894299338,Big Data Engineer/Mandarin Speaking,"San Jose, CA",Akkodis,2024-04-11,2024-05-11,,,,,19.0,3.0
3894299496,Financial Reporting Analyst - Hybrid,"Middletown, PA",WhiteCap Search,2024-04-11,2024-05-11,,85000.0,93000.0,YEARLY,3.0,
3894400134,Teller,"West Jordan, UT",America First Credit Union,2024-04-11,2024-05-11,,,,HOURLY,3.0,
3894400255,HSE Specialist,"Jersey Shore, PA",West Pharmaceutical Services,2024-04-11,2024-05-11,,,,,3.0,
3894401025,"Senior Talent Acquisition Partner - Non-Clinical (Personnel Program Development Specialist), HR Administration/South Brooklyn Health","Brooklyn, NY",NYC Health + Hospitals,2024-04-11,2024-05-11,,,,,3.0,
3894401497,Senior Software Developer,United States,Fullsteam,2024-04-11,2024-05-11,,,,,3.0,
3894402014,Equal Employment Opportunity Coordinator,"Philadelphia, PA",Oakleaf Partnership Limited,2024-04-11,2024-05-11,,90000.0,120000.0,YEARLY,2.0,
3894412799,Freelance Digital/HTML5 Banner Ads Designer (Remote),"Ponte Vedra Beach, FL",Cella,2024-04-11,2024-05-11,,,,,4.0,
3894416267,Auto Damage Adjuster,"Pryor, OK",Progressive Insurance,2024-04-11,2024-05-11,,63000.0,77000.0,YEARLY,3.0,
3894416332,Customer Experience Lead - The Domain PINK,"Austin, TX",Victoria’s Secret & Co.,2024-04-11,2024-05-11,,16.5,20.75,HOURLY,4.0,
3894541769,Business Development Manager,"Tulsa, OK",GardaWorld,2024-04-12,2024-05-12,,,,,4.0,
3894541972,"Senior Audit Manager, Finance (Hybrid)","McLean, VA",Capital One,2024-04-12,2024-05-12,,,,,3.0,
3894542696,Digital Product Manager Lead Sr.,"Pittsburgh, PA",PNC,2024-04-12,2024-05-12,,,,,2.0,
3894542982,"Senior Manager, Capital Markets Regulatory Onboarding","Plano, TX",Capital One,2024-04-12,2024-05-12,,,,,4.0,
3894543598,Patient Care Technician,"Plant City, FL",Innovative Renal Care,2024-04-11,2024-05-12,,,,,6.0,
3894544781,Registered Nurse - Acute Medical/Surgical,"Geneva, NY","Team Builders Recruiting and Consulting, LLC",2024-04-11,2024-05-12,,,,,4.0,
3894545647,"Business Director - Global Trade (Flexible Hours, Commission-Based)",United States,Blue Genes Research (BGR),2024-04-12,2024-05-12,,,,,1.0,
3894545935,Inspector - Level 1,"Spokane, WA",Honeywell,2024-04-11,2024-05-12,,,,,4.0,
3894546216,Network Admin,"New York, NY",Open Systems Technologies,2024-04-12,2024-05-12,,,,HOURLY,4.0,
3894546479,School Based SLP (Speech-Language Pathologist),"St Augustine, FL","Team Builders Recruiting and Consulting, LLC",2024-04-11,2024-05-12,,,,,4.0,
3894546692,Task Associate,"Geneva, IL",Ulta Beauty,2024-04-12,2024-05-12,,,,,3.0,
3894546953,Dishwasher,"Chattanooga, TN",Topgolf,2024-04-12,2024-05-12,,,,,8.0,
3894547031,"Senior Software Engineer, Back End (Python)","Plano, TX",Capital One,2024-04-12,2024-05-12,,,,,3.0,
3894547331,Vehicle Movement Specialist (Day Shift),"Aliso Viejo, CA",Tesla,2024-04-12,2024-05-12,,,,,4.0,
3894547594,Branch Office Administrator,"Rockford, IL",Edward Jones,2024-04-12,2024-05-12,,21.0,24.0,HOURLY,3.0,
3894548226,MDS Coordinator,"St Clair Shores, MI",Ciena Healthcare,2024-04-12,2024-05-12,,,,,3.0,
3894548569,Test Automation Lead,"Raritan, NJ",Tata Consultancy Services,2024-04-12,2024-05-12,,,,,2.0,
3894549002,Education Guest Experience Host,"Auburn Hills, MI",Merlin Entertainments,2024-04-12,2024-05-12,,12.8,12.8,HOURLY,2.0,
3894549347,Press Operator Assistant,"Buffalo, NY",ProAmpac,2024-04-12,2024-05-12,,,,HOURLY,6.0,
3894549556,Dishwasher,"Greenville, SC",Topgolf,2024-04-12,2024-05-12,,,,,4.0,
3894550385,Coordinator Residency/Fellowship Program - GME,"Philadelphia, PA",St. Christopher's Hospital for Children,2024-04-12,2024-05-12,,,,,3.0,
3894551630,"Store Associate - Part Time (Open Availablity & Weekends) Norfolk, VA","Norfolk, VA",Lidl US,2024-04-12,2024-05-12,,,,,4.0,
3894552247,Med Aide-Part Time,"Dickinson, ND",Agemark Senior Living,2024-04-11,2024-05-12,,,,,2.0,
3894553089,Financial Advisor,"Ooltewah, TN",Edward Jones,2024-04-12,2024-05-12,,,,,6.0,
3894553211,Executive Assistant,"Waco, TX",Neighborly®,2024-04-12,2024-05-12,,,,,6.0,
3894555436,Governance Risk & Compliance Analyst,"Nashville, TN",HealthStream,2024-04-12,2024-05-12,,,,,11.0,
3894555582,Surveyor and Auditor,"New York, NY",DNV,2024-04-12,2024-05-12,,,,,5.0,
3894555665,Assistant Restaurant Leader,"Fort Worth, TX",Raising Cane's Chicken Fingers,2024-04-12,2024-05-12,,,,,3.0,
3894555672,Project Engineer,"Malvern, PA",Kadean Construction Company,2024-04-12,2024-05-12,,,,,5.0,
3894555902,Lead Analytics Engineer,"Culver City, CA",Spotter,2024-04-11,2024-05-12,,80000.0,500000.0,YEARLY,6.0,
3894556175,Clinical Applications Support Specialist,"Dallas, TX",GI Alliance,2024-04-12,2024-05-12,,,,,3.0,
3894556399,Clinic Services Specialist 2 - Medical Receptionist,"Portland, OR",Legacy Health,2024-04-12,2024-05-12,,,,,4.0,
3894556426,Financial Specialist,"Madison, WI",UW School of Medicine and Public Health,2024-04-12,2024-05-12,,,,YEARLY,3.0,
3894557393,Physical Therapist - Acute Care,"Vancouver, WA",Legacy Health,2024-04-12,2024-05-12,,,,,4.0,
3894557624,Hospice Registered Nurse Case Manager,"Toledo, OH",Elara Caring ,2024-04-12,2024-05-12,,,,,4.0,
3894557806,"Occupational Therapist, Per Diem - Occupational Therapy / Hospital","Mineola, NY",NYU Langone Health,2024-04-11,2024-05-12,,,,HOURLY,3.0,
3894558954,"Maintenance Supervisor, Multifamily (Floating)","Irvine, CA",Cushman & Wakefield,2024-04-11,2024-05-12,,,,,5.0,
3894561218,General Manager,"Dallas, TX",Raising Cane's Chicken Fingers,2024-04-12,2024-05-12,,,,YEARLY,5.0,
3894561717,PC Technician (Active Secret Clearance),"Huntsville, AL",TEKsystems,2024-04-11,2024-05-12,,,,,2.0,
3894561773,"Senior Therapeutic Area Specialist, Cardiovascular Community, Hammond, LA","Lawrence, NJ",Bristol Myers Squibb,2024-04-12,2024-05-12,,,,,4.0,
3894561914,Sales Associate-BALDWIN HILLS,"Los Angeles, CA",Bath & Body Works,2024-04-12,2024-05-12,,,,,5.0,1.0
3894562434,Resident Engineer,"San Diego, CA",EXP,2024-04-11,2024-05-12,,,,,4.0,
3894564165,Sprinkler Service Technician,"Tampa, FL",TEKsystems,2024-04-11,2024-05-12,,,,,3.0,
3894564175,Claims Processor,"Troy, MI",TEKsystems,2024-04-11,2024-05-12,,,,,4.0,
3894564510,Project Coordinator,"Kansas City, MO",Helzberg Diamonds,2024-04-12,2024-05-12,,,,,5.0,
3894568079,Field Sales Team,"Indianapolis, IN",CORE Foodservice,2024-04-12,2024-05-12,,,,,3.0,
3894568265,"Market Area Manager - Clearwater South, FL","Florida, United States",Credit Acceptance,2024-04-12,2024-05-12,,,,YEARLY,4.0,
3894569115,Mechanical Rotating Engineer,"Houston, TX",Airswift,2024-04-12,2024-05-12,,,,,5.0,
3894580023,Executive Assistant,"Sarasota, FL",Jobot,2024-04-12,2024-05-12,,20.0,25.0,HOURLY,9.0,1.0
3894582236,Engineering Coordinator,"San Diego, CA",SOLV Energy,2024-04-12,2024-05-12,,,,,4.0,
3894585844,Receptionist - Casual,"Westerville, OH",Mount Carmel Health System,2024-04-11,2024-05-12,,,,,6.0,
3894610180,"Family Practice-Without OB Physician - $225,000/yearly - $250/yearly","Roswell, GA",DocCafe,2024-04-12,2024-05-12,,,,YEARLY,5.0,
3894612762,Psych Travel RN - Job Id: JO03718203,"Newton, KS",Health Carousel Nursing & Allied Health,2024-04-12,2024-05-12,,,,,6.0,
3894612900,Travel Center Advanced Service Technician,"Jasper, GA",RaceTrac,2024-04-12,2024-05-12,,,,,6.0,
3894615384,Field Property Claims Adjuster - Wilsonville/Salem OR,"Salem, OR",Farmers Insurance,2024-04-11,2024-05-12,,,,HOURLY,3.0,
3894615600,GU Field Based Marketing Director - Key Customer Team- Midwest,"Cleveland, Ohio, United States",Exelixis,2024-04-12,2024-05-12,,188000.0,268000.0,YEARLY,6.0,
3894616478,Travel Center Advanced Service Technician,"Fort Myers, FL",RaceTrac,2024-04-12,2024-05-12,,,,,5.0,
3894617175,TELE Travel RN - Job Id: JO03718148,"Gilbert, AZ",Health Carousel Nursing & Allied Health,2024-04-12,2024-05-12,,,,MONTHLY,4.0,
3894617896,"Sr. Manager, Business Intelligence","Charlotte, NC",Spectrum,2024-04-12,2024-05-12,,,,,4.0,
3894617921,Aerial Construction Technician,"Portsmouth, OH",Spectrum,2024-04-12,2024-05-12,,,,,6.0,
3894620393,"Manager, Business Account Sales","Asheville, NC",Spectrum,2024-04-12,2024-05-12,,,,,4.0,
3894622046,"Technology Analyst (on-site Stamford, CT or Greenwood Village, CO)","Stamford, CT",Spectrum,2024-03-18,2024-05-12,,,,,3.0,
3894623234,Radiology Supervisor - PRESNOW - 24/7 ED/UC - Coors,"Albuquerque, NM",Presbyterian Healthcare Services,2024-04-12,2024-05-12,,33.67,51.41,HOURLY,4.0,
3894624048,"Director, Talent Development","San Francisco, CA",Gong,2024-04-12,2024-05-12,,195000.0,227000.0,YEARLY,21.0,3.0
3894628018,Ranger,"Cloverdale, OR","Equity LifeStyle Properties, Inc.",2024-04-12,2024-05-12,,,,,5.0,
3894658492,"Process Engineer, End of Line","Fremont, CA",Tesla,2024-04-12,2024-05-12,,,,,5.0,
3894658719,"Laborer, Plant Operations","Fremont, CA",Tesla,2024-04-12,2024-05-12,,,,,2.0,
3894660083,"Maintenance Project Manager, Plant Operations","Fremont, CA",Tesla,2024-04-12,2024-05-12,,,,,5.0,
3894676555,Regional Health and Wellness Coach / Member Care Coordinator,"Santa Cruz County, CA",JumpstartMD,2024-04-12,2024-05-12,,,,,5.0,
3894678361,Floor Sweep,"New Orleans, LA",Barcadia Bar & Grill,2024-04-12,2024-05-12,,,,,3.0,
3894680232,Line Cook,"New Orleans, LA",Barcadia Bar & Grill,2024-04-12,2024-05-12,,,,,1.0,
3894680235,Floor Sweep,"New Orleans, LA",Barcadia Bar & Grill,2024-04-12,2024-05-12,,,,,1.0,
3894818768,Technical Sales Specialist,"Westerville, OH",ABB,2024-04-11,2024-05-11,,,,,4.0,
3894851126,Production/Manufacturing Manager,"North Kingstown, RI",Bel Air Finishing Supply Corporation,2024-04-11,2024-05-11,,,,,4.0,1.0
3894859535,AE - Merchandising Team Leader (Assistant Manager) - US,"Charlotte, NC",AMERICAN EAGLE OUTFITTERS INC.,2024-04-11,2024-05-11,,,,,6.0,
3894859537,Todd Snyder - Sales Leader - US,"Boston, MA",Todd Snyder,2024-04-11,2024-05-11,,,,HOURLY,3.0,
3894869245,"USA - Team Lead, Warehouse","Miami, FL",DSV - Global Transport and Logistics,2024-04-11,2024-05-11,,,,,3.0,
3894869303,Occupational Therapy Assistant (OTA) - PRN | Humble Rehab,"Humble, TX",PAM Health Rehabilitation Hospital of Humble,2024-04-11,2024-05-11,,,,,3.0,
3894869343,Buyer Name Plates & Emblems,"Dearborn, MI",Ford Motor Company,2024-04-11,2024-05-11,,,,,6.0,
3894869757,Shuttle Driver DOT,"Oakland, CA",SP+ (SP Plus),2024-04-11,2024-05-11,,,,,4.0,
3894871060,Registered Nurse Special Care Nursery In House Registry,"Huntley, IL",Northwestern Medicine,2024-04-10,2024-05-11,,,,,5.0,
3894871673,Sample Clerk,"Freeport, TX",BASF,2024-04-11,2024-05-11,,,,,6.0,
3894873145,Administrative Assistant,United States,PagerDuty,2024-04-11,2024-05-11,,78000.0,119000.0,YEARLY,24.0,5.0
3894873787,Packager,"Wellford, SC",Holcim Building Envelope,2024-04-11,2024-05-11,,,,HOURLY,4.0,
3894873936,Office Assistant II/III Countywide Pool,"Riverside County, CA",County of Riverside,2024-04-11,2024-05-11,,,,,3.0,
3894874596,Cash Application Analyst – Washington DC,"Washington, DC",Cogent Communications,2024-04-11,2024-05-11,,,,,6.0,
3894874598,Communications Assistant,"Pittsburgh, PA",Carnegie Hero Fund Commission,2024-04-11,2024-10-08,,35000.0,40000.0,YEARLY,23.0,2.0
3894876574,"(Senior) Bioinformatics Data Engineer, Translational and Quantitative Sciences Data Engineering","Princeton, NJ",Genmab,2024-04-11,2024-05-11,,,,,6.0,
3894877115,Regional Learning Manager-Dallas TX,"Dallas, TX",Cogent Communications,2024-04-11,2024-05-11,,,,,4.0,
3894877575,Coordinator Ophthalmology Practice - Eye Clinic,"Cleveland, OH","The MetroHealth System (Cleveland, OH)",2024-04-11,2024-05-11,,,,,6.0,
3894877710,Advanced Practice Provider,"Asheville, NC",Mercy Urgent Care & Occupational Medicine,2024-04-11,2024-05-11,,,,,3.0,
3894879002,Learning and Development Specialist,"Denmark, IA",DLL,2024-04-10,2024-05-11,,,,,3.0,
3894879371,Human Resources Business Partner,Nashville Metropolitan Area,The JPI Group,2024-04-11,2024-05-11,,,,,4.0,
3894879430,Advanced Practice Provider,"Asheville, NC",Mercy Urgent Care & Occupational Medicine,2024-04-18,2024-05-18,,,,,4.0,
3894880008,Customer Support Representative III,"Riverside County, CA",County of Riverside,2024-04-11,2024-05-11,,,,,5.0,
3894880279,"Sales Director - U.S. Trade, Contract & Hospitality","Los Angeles, CA",MasayaCo,2024-04-11,2024-10-08,,,,,9.0,1.0
3894881211,Medical Technician,"Columbia, SC",MUSC Health,2024-04-11,2024-05-11,,,,,2.0,
3894881606,Cyber Security Architect,"Coppell, TX",eTeam,2024-04-11,2024-05-11,,90.0,90.0,HOURLY,3.0,
3894883058,CMT Operations Leader,"Columbus, Ohio Metropolitan Area",Gravity IT Resources,2024-04-11,2024-05-11,,,,MONTHLY,2.0,
3894886858,Senior Associate Vice President of Facilities and Capital Projects,"Stockton, CA",University of the Pacific,2024-04-11,2024-05-11,,,,,2.0,
3894890516,Urban Designer,"Los Angeles, CA",Bespoke Careers,2024-04-11,2024-05-11,,75000.0,100000.0,YEARLY,2.0,
3894891518,Dentist,"Troy, OH",Elite Dental Partners,2024-04-11,2024-05-11,,,,,,
3894891672,24-05437,"Cupertino, CA","TalentBurst, an Inc 5000 company",2024-04-11,2024-05-11,,,,,2.0,
3894892616,Xfinity Retail Assistant Store Manager,"Mount Pleasant, SC",Comcast,2024-04-11,2024-05-11,,,,,3.0,
3894893458,Quality Control Sample Management,"Norwood, MA",Randstad,2024-04-11,2024-05-11,,,,HOURLY,2.0,
3894894282,"Accounting Intern, Product Support Accounting","Philadelphia, PA",Comcast,2024-04-11,2024-05-11,,,,,3.0,
3894895176,Assistant Store Manager,"Alexandria, VA",Comcast,2024-04-11,2024-05-11,,,,,3.0,
3894898325,"Psychiatric Nurse Practitioner, NP, PA",United States,CRT Programs,2024-04-11,2024-05-11,,,,,3.0,
3894899435,Administrative Specialist,"Washington, DC",CGTN America,2024-04-11,2024-10-08,,,,,3.0,
3894901116,PPC Specialist,United States,Vital Design,2024-04-11,2024-05-11,,,,,5.0,
3894902710,Materials Manager,"Tallassee, AL","Spark Talent Acquisition, Inc.",2024-04-11,2024-05-11,,,,,2.0,
3894903523,Consulting System Engineer,"Canonsburg, PA",TriSearch,2024-04-11,2024-05-11,,106000.0,143000.0,YEARLY,4.0,
3894906414,FGPA V&V Engineer ,"Cedar Rapids, IA",Velocity Consulting Solutions,2024-04-11,2024-05-12,,,,,2.0,
3894906623,IP Docketing Specialist,United States,Lawyers On Demand,2024-04-11,2024-05-11,,,,HOURLY,5.0,
3894909779,Clinical Research Coordinator - Vermont Lung Center,"Colchester, VT",The University of Vermont Medical Center,2024-04-11,2024-05-11,,,,,4.0,
3894914132,Teacher of the Deaf and Hard of Hearing,"Burlington, VT",The University of Vermont Medical Center,2024-04-11,2024-05-11,,,,,4.0,
3894917684,Senior Project Manager,"Redmond, WA",TechStar Group,2024-04-11,2024-05-11,,,,,10.0,
3894918638,Technical Project Manager,"Oakland, CA",Themesoft Inc.,2024-04-11,2024-05-11,,,,,1.0,
3894919673,Research & Analytical Chemist,"Goose Creek, SC",DCL Corporation,2024-04-11,2024-05-11,,,,,2.0,
3894920792,SharePoint Online Developer,"Springfield, IL",Krasan Consulting Services,2024-04-11,2024-05-11,,,,,3.0,
3894928399,Forklift Technician Apprentice,"Dalton, GA",Bailey,2024-04-11,2024-05-11,,,,,2.0,
3894929722,Process Control Project Engineer/Manager,"Corpus Christi, TX",Hunt Guillot & Associates (HGA),2024-04-11,2024-05-11,,,,,4.0,
3894931480,Senior Cost Analyst,"Costa Mesa, CA",Renowned Recruitment Group,2024-04-11,2024-05-11,,90000.0,105000.0,YEARLY,2.0,
3894932644,Personal Care Home Administrator,"Carlisle, PA",Diakon Lutheran Social Ministries,2024-04-11,2024-05-11,,,,,1.0,
3894936557,"ESIS Claims Specialist, WC","Great Falls, MT",Chubb,2024-04-11,2024-05-11,,,,,2.0,
3894938844,"Lead React Developer (15 Years Only, Phoenix, AZ)","Phoenix, AZ",TekValue IT Solutions,2024-04-11,2024-05-11,,70.0,75.0,HOURLY,2.0,
3894940710,Junior Research Associate- Literacy,"Bethesda, MD","Synergy Enterprises, Inc.",2024-04-11,2024-05-11,,40000.0,50000.0,YEARLY,,
3894944422,AD Regulatory Labelling Strategy ,United States,The Fountain Group,2024-04-11,2024-05-11,,65.0,71.0,HOURLY,3.0,
3894945687,"VP, Strategy & Insights",New York City Metropolitan Area,Blue State,2024-04-11,2024-05-11,,,,,2.0,
3894946736,MA/LPN,"Northborough, MA",Complete Staffing Solutions,2024-04-11,2024-05-11,,28.0,28.0,YEARLY,3.0,
3894953186,Billing Analyst,"Philadelphia, PA",IntePros,2024-04-11,2024-05-11,,24.0,29.0,HOURLY,3.0,
3894954462,"Lead React Developer (15 Years Only, Santa Clara, CA))","Santa Clara, CA",TekValue IT Solutions,2024-04-11,2024-05-11,,70.0,75.0,HOURLY,3.0,
3894956661,Project Manager,San Francisco Bay Area,InfoStride ,2024-04-11,2024-05-11,,,,,7.0,
3894959650,Chief Executive Officer,"Lewisberry, PA","Quantum Imaging & Therapeutic Associates, Inc",2024-04-11,2024-05-11,,,,,4.0,
3894967117,Internal Communications Manager,"Philadelphia, PA","Partner's Consulting, Inc.",2024-04-11,2024-05-11,,50.0,60.0,HOURLY,3.0,
3894969831,Certified Nursing Assistant (CNA)-Weekend Warrior,"Pine Knot, KY",Signature HealthCARE,2024-04-11,2024-05-11,,12.05,13.31,HOURLY,4.0,
3894972525,Hospitality Aide,"Monteagle, TN",Signature HealthCARE,2024-04-11,2024-05-11,,,,HOURLY,3.0,
3894983882,AI Engineer,"Maine, IL",LaSalle Network,2024-04-11,2024-07-10,,85.0,85.0,HOURLY,1.0,
3894983983,Graphite Cell CMM & Roders Operator,"Wakefield, NE",Westfall Technik Inc.,2024-04-11,2024-05-11,,,,,2.0,
3894984804,School Based Site Coordinator,"Arkansas, United States",Arkansas Foundation for Medical Care,2024-04-11,2024-05-11,,,,,1.0,
3894986657,Executive Assistant,"Florida, United States",Boldly Premium Executive Assistants,2024-04-11,2024-05-11,,27.0,30.0,HOURLY,4.0,
3894987811,Construction Superintendent,New York City Metropolitan Area,"Broadway Construction Group, LLC",2024-04-11,2024-05-11,,125000.0,130000.0,YEARLY,4.0,
3894994552,Retail Operations Assistant Manager,"Topsham, ME",Nouria,2024-04-11,2024-05-11,,,,,3.0,
3894996786,Benefits Manager,United States,ECCO Select,2024-04-11,2024-05-11,,,,,3.0,
3894996815,Junior Graphic Designer,"Scottsdale, AZ",Annexus Group,2024-04-11,2024-05-11,,,,,2.0,
3894996849,UX/UI Visual Designer,United States,Conoscera Foundation,2024-04-11,2024-05-11,,,,,3.0,
3894998468,Transdermal Operator I - 1st Shift (12 Hrs),"Piscataway, NJ",Amneal Pharmaceuticals,2024-04-11,2024-05-11,,,,,3.0,
3895200332,Production Coordinator,"South Bend, IN",Messer Americas,2024-04-11,2024-05-11,,,,,3.0,
3895201287,Utility Inspector I,"Louisville, KY","Johnson, Mirmiran & Thompson",2024-04-11,2024-05-11,,,,,3.0,
3895204787,Product Manager,United States,Jowat Corporation,2024-04-11,2024-05-11,,,,,5.0,1.0
3895204943,Project Manager,"Philadelphia, PA",Ballinger,2024-04-11,2024-05-11,,,,,5.0,1.0
3895205603,"Site Shift Supervisor, Residential Rehabilitation - Frederick, MD","Frederick, MD",Sheppard Pratt,2024-04-11,2024-05-11,,,,,2.0,
3895206394,Social Media & Marketing Specialist,"Dallas, TX",Diverse Marketing,2024-04-11,2024-05-11,,,,,2.0,
3895210210,Director of Sales,"Lewes, DE",DRB Homes,2024-04-11,2024-05-11,,,,,2.0,
3895210389,Sales Support Specialist,"Elk Grove Village, IL",Cristaux International,2024-04-11,2024-05-11,,,,,3.0,
3895210680,Legal Administrator,"Roseland, NJ","The Axel Group, LLC",2024-04-11,2024-05-11,,80000.0,100000.0,YEARLY,,
3895211193,Territory Sales Rep,"Kansas City, MO",Sika,2024-04-11,2024-05-11,,,,,3.0,
3895213879,"Senior Manager Sourcing, Women's Lingerie","New York, NY",Calvin Klein,2024-04-11,2024-05-11,,115000.0,135000.0,YEARLY,4.0,
3895215133,Hair Stylist,"Orlando, FL",Ulta Beauty,2024-04-11,2024-05-11,,,,,4.0,
3895215247,Maintenance Manager,"Greenville, OH","First Brands Group, LLC",2024-04-11,2024-05-11,,,,,3.0,
3895215364,REMOTE - Sales Development Representative,United States,The Arbinger Institute,2024-04-11,2024-10-08,,,,,14.0,
3895215811,IBM Filenet Developer,"California, United States",Wall Street Consulting Services LLC,2024-04-11,2024-05-11,,,,,9.0,
3895217127,Merchandise Manager,"Atlanta, GA",Five Below,2024-04-11,2024-05-11,,,,,5.0,
3895217512,Digital Embellishment Sales Specialist,Greater Phoenix Area,Konica Minolta Business Solutions Canada,2024-04-11,2024-05-11,,,,,2.0,
3895217995,Legal Assistant Paralegal,"Baton Rouge, LA","Recruit Staff Hire, LLC",2024-04-11,2024-05-11,,50000.0,65000.0,YEARLY,2.0,
3895218003,Security Guard Part Time,"Bronx, NY",Five Below,2024-04-11,2024-05-11,,,,,5.0,
3895218782,Customer Support Specialist,"Carmel, IN",CNO Financial Group,2024-04-11,2024-05-11,,16.52,35.0,HOURLY,4.0,
3895218845,District Manager,"Raleigh, NC",Acuren,2024-04-11,2024-05-11,,,,,3.0,
3895219510,Installation Service Coordinator,"Louisville, KY",US LBM,2024-04-11,2024-05-11,,,,HOURLY,4.0,
3895221054,Account Executive - Aerosync,"Chicago, IL",Aeropay,2024-04-11,2024-05-11,,,,,4.0,
3895221252,"Senior Marketing Manager, EH Deployment NA","Skillman, NJ",Kenvue,2024-04-11,2024-05-11,,113000.0,195500.0,YEARLY,3.0,
3895221512,Operations Specialist,"Raleigh, NC",LMTS,2024-04-11,2024-05-11,,,,,4.0,
3895222216,Dry Goods Store Manager,"Sioux Falls, SD",Dry Goods USA,2024-04-11,2024-05-11,,,,,4.0,
3895227385,Store Manager,"Jackson, MS",Hibbett,2024-04-11,2024-05-11,,,,,4.0,
3895228410,"Scientist I, Cell Therapy","Gaithersburg, MD",Caring Cross,2024-04-11,2024-05-11,,,,,3.0,
3895232336,Program Manager,"Charleston, South Carolina Metropolitan Area","Pinnacle Group, Inc.",2024-04-11,2024-05-11,,,,,1.0,
3895236500,Associate Director of Programs,"Oakland, CA",Northeastern University,2024-04-11,2024-05-11,,107300.0,139485.0,YEARLY,2.0,
3895241563,Release and Testing Coordinator,United States,Cornerstone Building Brands,2024-04-11,2024-05-11,,80000.0,95000.0,YEARLY,2.0,
3895245913, Securities Financing Trader,"New York, NY",Natixis Corporate & Investment Banking,2024-04-11,2024-05-11,,190000.0,225000.0,YEARLY,2.0,
3895255156,Senior R&D Engineer (Medical Devices),"Aliso Viejo, CA",MicroVention-Terumo,2024-04-11,2024-05-11,,80000.0,120000.0,YEARLY,3.0,
3895256141,Blue Yonder Solution Architect,United States,TreeHouse Foods,2024-04-11,2024-05-11,,,,,3.0,
3895263973,SR Human Resource HR Generalist,"Fort Worth, TX",Texas Health Resources,2024-04-11,2024-05-11,,,,,4.0,
3895271697,Delivery Specialist,"Hattiesburg, MS",Rent-A-Center,2024-04-11,2024-05-11,,,,HOURLY,4.0,
3895271719,Registered Nurse 1 (NY HELPS),"Dutchess County, NY",NYS Office for People With Developmental Disabilities,2024-04-11,2024-05-11,,110579.0,119306.0,YEARLY,3.0,
3895271831,Admissions Representative I,"New York, NY",Memorial Sloan Kettering Cancer Center,2024-04-11,2024-05-11,,22.52,31.13,HOURLY,4.0,
3895272603,Mid-Level Industrial Security Specialist,"Arlington, VA",Boeing,2024-04-11,2024-05-11,,,,,3.0,
3895272672,Direct Support Assistant (NY HELPS),"Thiells, NY",NYS Office for People With Developmental Disabilities,2024-04-11,2024-05-11,,56219.0,60284.0,YEARLY,4.0,
3895273662,Phlebotomist - (8pm-6:30am),"New Orleans, LA",Ochsner Health,2024-04-11,2024-05-11,,,,,3.0,
3895274569,Customer Success Manager II,"Cambridge, MA",Forrester,2024-04-11,2024-05-11,,,,,3.0,
3895280233,Business Owner,"San Lorenzo, CA",City Lifestyle,2024-04-11,2024-05-11,,,,,2.0,
3895484767,Intellectual Property Litigation (Patent) Associate,"New York, United States",O'Melveny & Myers LLP,2024-04-11,2024-05-12,,225000.0,365000.0,YEARLY,2.0,
3895484828,Waitstaff Mariposa Restaurant 37.5 Hrs,"Houston, TX",Neiman Marcus Group,2024-04-12,2024-05-12,,,,,3.0,
3895487661,Business Development Representative,"Fort Wayne, IN",Midwest Remediation,2024-04-12,2024-05-12,,,,,2.0,
3895488842,Building Automation Engineer,"Washington, DC",UMC,2024-04-12,2024-05-12,,,,,,
3895488847,Sous Chef - Summer Camp,"Danbury, CT","Brock & Company, Inc.",2024-04-12,2024-05-12,,,,HOURLY,3.0,
3895489531,Administrative Assistant,"Merchantville, NJ",,2024-04-12,2024-05-12,,,,,3.0,
3895489675,Technical Director,"Stone Mountain, GA",A Hiring Company,2024-04-12,2024-05-12,,,,,,
3895490371,Licensed Clinical Social Worker,"Tallahassee, FL",Complete Care Centers,2024-04-12,2024-05-12,,,,,2.0,
3895490549,1st Shift Inbound Material Handler,"La Vergne, TN",Saks,2024-04-12,2024-05-12,,,,,4.0,
3895491413,iOS Developer,United States,New Buffers  ,2024-04-12,2024-10-09,,,,,13.0,4.0
3895491606,Experienced Crane Service Technician,"Sparks, NV",American Equipment Holdings,2024-04-12,2024-05-12,,,,,3.0,
3895492258,Journeyman HVAC/R Service Technician,"Washington, DC",UMC,2024-04-12,2024-05-12,,,,,2.0,
3895493364,Senior Risk Management Consultant,"Wilsonville, OR",CIS (Citycounty Insurance Services),2024-04-12,2024-05-12,,108601.0,132596.0,YEARLY,2.0,
3895505764,Life Insurance Agent,"Grand Rapids, MI",New York Life Insurance Company,2024-04-12,2024-05-12,,61000.0,110500.0,YEARLY,3.0,
3895513641,Cath Lab Technologist,"Charleston, WV",MedPro Healthcare Staffing,2024-04-12,2024-05-12,,,,,2.0,
3895513775,"Assistant Deli Manager - Phoenix, AZ - 752","Phoenix, AZ",Safeway,2024-03-18,2024-05-12,,,,,5.0,
3895513825,Retail Sales and Store Support,"Warren, NJ",Acme Markets,2024-04-11,2024-05-12,,,,,4.0,
3895514844,Front End Entry Level,"Mesquite, TX",Tom Thumb Supermarket,2024-04-11,2024-05-12,,,,,4.0,
3895516482,Assistant Bakery Manager,"Plaistow, NH",Shaw's Supermarkets,2024-04-11,2024-05-12,,,,,4.0,
3895518225,Med-Surg Registered Nurse,"Chapel Hill, NC",MedPro Healthcare Staffing,2024-04-12,2024-05-12,,,,,4.0,
3895520142,NDT Specialist - Eddy Current,"Billings, MT",Acuren,2024-04-12,2024-05-12,,,,,4.0,
3895523879,Dental Hygienist (25540),"College Park, MD",Dental Care Alliance,2024-04-12,2024-05-12,,,,,4.0,
3895524117,OR RN,"Nashville, TN","United Surgical Partners International, Inc",2024-04-12,2024-05-12,,,,,3.0,
3895524665,Senior Director of Financial Crimes Compliance – Financial Intelligence Unit (Hybrid – 3 Days in Office – VA),"McLean, VA",Freddie Mac,2024-04-11,2024-05-12,,214000.0,322000.0,YEARLY,5.0,
3895524720,Sr. Back End Engineer(Ruby on Rails),United States,Braintrust,2024-04-12,2024-05-12,,,,,10.0,1.0
3895524788,Registered Nurse (RN) - STICU - Surgical Trauma Intensive Care - $32-58 per hour - 114175,"Charlotte, NC",Vivian Health,2024-04-11,2024-05-12,,,,,5.0,
3895524791,Registered Nurse (RN) - Med Surg - $32-52 per hour - R108393,"Greenfield, WI",Vivian Health,2024-04-06,2024-05-12,,,,,4.0,
3895524930,Volunteer: Online College Counseling for low-income students,"New York, NY",VolunteerMatch,2024-04-12,2024-05-12,,,,,5.0,
3895524935,Dialysis RN Floater,"Aiea, HI",U.S. Renal Care,2024-04-12,2024-05-12,,,,,4.0,
3895525690,Day Warehouse Manager,"Portland, OR",The Chefs'​ Warehouse,2024-04-11,2024-05-12,,,,,4.0,
3895526124,"Radiology Tech Assistant, FT - Sun View","Las Cruces, NM","United Surgical Partners International, Inc",2024-04-12,2024-05-12,,,,,5.0,
3895526579,Middle School Science Teacher,"Newark, NJ",Uncommon Schools,2024-04-12,2024-05-12,,59000.0,83000.0,YEARLY,3.0,
3895526586,Medical Assistant I Certified - Family Medicine at Blue Ridge,"Raleigh, NC",UNC Health,2024-04-12,2024-05-12,,,,,4.0,
3895526599,"Tech Sr. Manager, MRM - Marketing Technology","Johns Creek, GA",Macy's,2024-04-11,2024-05-12,,,,,6.0,
3895526795,"Senior Engineer, Structural","Syracuse, NY",Exyte,2024-04-12,2024-05-12,,,,,4.0,
3895526988,Volunteer: Compassionate Leaders Needed: Become A Board Member,"Washington, DC",VolunteerMatch,2024-04-12,2024-05-12,,,,,4.0,
3895527146,Operations Support Specialist 2/3,"Los Alamos, NM",Los Alamos National Laboratory,2024-04-11,2024-05-12,,,,,5.0,
3895527201,Store Trainer,"Longmont, CO",Whole Foods Market,2024-04-11,2024-05-12,,,,,5.0,
3895527520,Registered Nurse (RN) - CCU - Coronary Care - $32-58 per hour - 116585,"Charlotte, NC",Vivian Health,2024-04-11,2024-05-12,,,,,4.0,
3895528121,Auto Body Technician,"Northport, AL",Caliber Collision,2024-04-12,2024-05-12,,,,,3.0,
3895528122,Collision Estimator,"Rio Rancho, NM",Caliber Collision,2024-04-12,2024-05-12,,45000.0,110000.0,YEARLY,3.0,
3895528130,Associate Sustaining Engineer- Yankee Candle,"South Deerfield, MA",Newell Brands,2024-04-12,2024-05-12,,,,,3.0,
3895529471,Clinical Research Coordinator,"Largo, FL",,2024-04-12,2024-05-12,,23.0,30.0,HOURLY,2.0,
3895530104,Systems Engineer,"Watertown, NY",New York Air Brake,2024-04-12,2024-05-12,,80560.0,120840.0,YEARLY,6.0,
3895531093,"Sr. Director, Content Design (FTE)",Los Angeles Metropolitan Area,Braintrust,2024-04-12,2024-05-12,,,,,13.0,
3895531205,"Environmental, Health and Safety Intern","Minneapolis, MN",Mativ,2024-04-12,2024-05-12,,,,,4.0,
3895531350,Assistant Manager,"Saugus, MA",Foot Locker,2024-04-12,2024-05-12,,,,HOURLY,4.0,
3895534094,Restoration Technician,"Henderson, NV",BluSky Restoration Contractors,2024-04-12,2024-05-12,,15.0,28.0,HOURLY,4.0,
3895534649,Sr Director of TA Operations and Vendor Management,United States,Boston Children's Hospital,2024-04-12,2024-05-12,,,,,8.0,
3895535909,Clinical Research Coordinator,"New Orleans, LA",Ochsner Health,2024-04-12,2024-05-12,,,,,2.0,
3895536356,Solutions Architect,"Sunnyvale, CA",LinkedIn,2024-04-12,2024-05-12,,,,,11.0,1.0
3895536464,Sheet Metal Processor / Designer,"Elmendorf, TX",Navistar Inc,2024-04-12,2024-05-12,,,,,3.0,
3895536797,"Integrated Evidence Team Lead, Autoantibody - Director","Horsham, PA",Johnson & Johnson,2024-04-12,2024-05-12,,,,,4.0,
3895537724,Professional Coach II - Aquatics - PRN - Ochsner Fitness,"Harahan, LA",Ochsner Health,2024-04-12,2024-05-12,,,,,4.0,
3895537803,RN Shift Lead Rural,"Sterling, CO",Banner Health,2024-04-10,2024-05-12,,39.74,66.23,HOURLY,4.0,
3895537809,Surgical Technologist OR,"Phoenix, AZ",Banner Health,2024-04-10,2024-05-12,,,,,4.0,
3895538119,"Health, Safety, and Environmental Manager - Apex, NC","Raleigh, NC",JBT Corporation,2024-04-12,2024-05-12,,,,,5.0,
3895538331,PCA/Nurse Assistant - Medical/Oncology - La Jolla - Part-TIme (Nights),"La Jolla, California, United States",Scripps Health,2024-04-12,2024-05-12,,21.85,29.0,HOURLY,5.0,
3895539235,Manager Contracted Solutions,"Lisle, IL",Navistar Inc,2024-04-12,2024-05-12,,,,,5.0,
3895540708,Electro-Mechanical Assembler,"Ladson, SC",Leidos,2024-04-12,2024-05-12,,37050.0,66975.0,YEARLY,4.0,
3895540748,Part-Time Material Handler - Days,"Jackson, MI",Dawn Foods Global,2024-04-12,2024-05-12,,,,HOURLY,4.0,
3895540928,Beauty Sales - Clinique - Brea Mall,"Brea, CA",Nordstrom,2024-04-12,2024-05-12,,21.1,21.95,HOURLY,4.0,
3895541438,Part-Time Sales Associate - Famous Footwear,"Nashua, NH",Famous Footwear,2024-04-12,2024-05-12,,,,,3.0,
3895541631,Employee Benefits Account Executive,"New York, New York, United States","CPS, Inc.",2024-04-11,2024-05-12,,,,,2.0,
3895542330,"Developer I, Infrastructure Development & Automation","Atlanta, GA",ICE,2024-04-12,2024-05-12,,,,,7.0,
3895543437,"Unit Secretary, Day Stay Medical","Elizabeth, NJ",RWJBarnabas Health,2024-04-12,2024-05-12,,,,,4.0,
3895544406,Relationship Banker,"Houston, TX",Comerica Bank,2024-04-12,2024-05-12,,,,,5.0,
3895544552,Merchandiser,"Salt Lake City, UT",PepsiCo,2024-04-12,2024-05-12,,,,,3.0,
3895545202,Retail Banking Center Distribution Strategy and Analytics Manager,"Dallas, TX",Comerica Bank,2024-04-12,2024-05-12,,,,,3.0,
3895546113,Project Manager,"Graham, NC","NC Civil, LLC",2024-04-12,2024-05-12,,,,,8.0,
3895546345,Logistics Warehouse Coordinator,"Coatesville, PA",Reyes Holdings,2024-04-11,2024-05-12,,,,HOURLY,5.0,
3895547786,Home Lending Change Management Communications and Training Manager,"Irving, TX",Wells Fargo,2024-04-12,2024-05-12,,,,,5.0,
3895547808,Senior Lead Control Management Officer - Financial Crimes Operations,"Charlotte, NC",Wells Fargo,2024-04-12,2024-05-12,,,,,4.0,
3895547813,Teller Part Time Bilingual Elmwood Park,"Elmwood Park, NJ",Wells Fargo,2024-04-12,2024-05-12,,,,,5.0,
3895548028,Sr. Deal Desk Analyst,"San Mateo, CA",Freshworks,2024-04-12,2024-05-12,,110000.0,145000.0,YEARLY,4.0,
3895549329,Associate Personal Banker Bayview Hunters Point,"San Francisco, CA",Wells Fargo,2024-04-12,2024-05-12,,22.0,30.19,HOURLY,6.0,
3895549503,Advanced Lead Control Systems Engineer,"Lynn, MA",GE Aerospace,2024-03-18,2024-05-12,,,,,4.0,
3895551339,Registered Nurse (RN) - Apheresis - 12 Week Assignment,"Richmond, VA",VCU Health,2024-04-12,2024-05-12,,,,,5.0,
3895551376,Customs Trade Coordinator - 3rd Shift,"Memphis, TN",FedEx Logistics,2024-04-12,2024-05-12,,,,,3.0,
3895551513,Core Banking Technical Systems Analyst,"Southington, CT",Webster Bank,2024-04-11,2024-05-12,,100000.0,120000.0,YEARLY,6.0,
3895553903,Full Time - Receiver/Stocker - Day,"Lehighton, PA","Lowe's Companies, Inc.",2024-04-12,2024-05-12,,,,,4.0,
3895553909,Full Time - CDL Delivery Driver,"Louisville, KY","Lowe's Companies, Inc.",2024-04-12,2024-05-12,,,,,3.0,
3895553923,Part Time - Head Cashier - Flexible,"Chicago, IL","Lowe's Companies, Inc.",2024-04-12,2024-05-12,,,,,3.0,
3895554939,Sales Floor Dept Supervisor - Outside Garden,"Chesapeake, VA","Lowe's Companies, Inc.",2024-04-12,2024-05-12,,,,,4.0,
3895554945,Target Optical - Apprentice Optician,"Woburn, MA",Target Optical,2024-04-12,2024-05-12,,,,,4.0,
3895555176,Production Supervisor,"San Francisco, CA",Cintas,2024-04-12,2024-05-12,,66560.0,80398.0,YEARLY,6.0,
3895555581,Senior Continuous Improvement Specialist - Hybrid,"North Carolina, United States",Xylem,2024-04-12,2024-05-12,,,,,6.0,
3895555903,Part Time - Fulfillment Associate - Flexible,"Johnstown, PA","Lowe's Companies, Inc.",2024-04-12,2024-05-12,,,,,5.0,
3895556595,Sales Associate Sunglass Hut,"Merrillville, IN",Sunglass Hut,2024-04-12,2024-05-12,,,,,4.0,
3895557298,Part Time Cleaner Am & Pm Shifts,"Norristown, PA",Wizehire,2024-04-12,2024-05-12,,15.0,16.5,HOURLY,3.0,
3895558450,Full Time - Fulfillment Team Lead - Day,"Glen Carbon, IL","Lowe's Companies, Inc.",2024-04-12,2024-05-12,,,,,4.0,
3895559163,Full Time - Fulfillment Team Lead - Day,"Burleson, TX","Lowe's Companies, Inc.",2024-04-12,2024-05-12,,,,,4.0,
3895560115,Full Time - Cashier - Day,"Republic, MO","Lowe's Companies, Inc.",2024-04-12,2024-05-12,,,,,5.0,
3895560425,Small Business Specialist 2 - Farmington North Washington,"Farmington, MO",U.S. Bank,2024-04-12,2024-05-12,,20.0,27.35,HOURLY,6.0,
3895561821,Commercial Operations Associate,"Richmond, VA",Stryker,2024-04-11,2024-05-12,,,,,9.0,1.0
3895562949,Environmental Services / Housekeeping - Full Time,"Sheldon, IA",Sanford Health,2024-04-12,2024-05-12,,15.0,22.5,HOURLY,4.0,
3895564325,Starts Coordinator (Temporary),"Houston, TX",Meritage Homes,2024-04-12,2024-05-12,,,,,5.0,
3895564983,Research & Data Administrator - Levelset,"New Orleans, LA","Levelset, a Procore Company",2024-04-12,2024-05-12,,19.0,22.0,HOURLY,5.0,
3895565421,"Photo-Text Content Operation Intern, TikTok Social and Creation- 2024 Summer (BS/MS)","San Jose, CA",TikTok,2024-04-12,2024-05-12,,22.0,24.0,YEARLY,7.0,
3895567405,Retail Sales Associate (Part-Time),"Wichita, KS",AutoZone,2024-04-12,2024-05-12,,,,,4.0,
3895567410,Technical Applications Specialist,"Austin, TX",Diasorin ,2024-04-12,2024-05-12,,,,,4.0,
3895568550,"FSM, Field Sales Manager - Davenport, IA","Iowa, United States",Samsung Electronics America,2024-04-12,2024-05-12,,,,,4.0,
3895570162,Administrative Manager,"Chattanooga, TN",Dal-Tile LLC,2024-04-11,2024-05-12,,,,,4.0,
3895570410,Assistant Store Manager,"Lacey, WA","Ross Stores, Inc.",2024-04-11,2024-05-12,,19.78,21.73,HOURLY,3.0,
3895581712,Senior Retail Sales Associate (Full-Time),Greater Bismarck Area,AutoZone,2024-04-12,2024-05-12,,,,,4.0,
3895586314,"Research Scientist, Foundation Model (Video Generation) University Graduates- 2024 Start (PhD)","San Jose, CA",TikTok,2024-04-12,2024-05-12,,145000.0,250000.0,YEARLY,7.0,
3895591639,Union Housekeeping Aide  ,"Carmel, CA",Hyatt Vacation Ownership,2024-04-12,2024-05-12,,,,,4.0,
3895592755,Litigation Specialist,"Kansas City, KS",Allied OneSource,2024-04-12,2024-05-12,,54000.0,70000.0,YEARLY,3.0,
3895593519,Data Entry Specialist - AP and AR,"Grandview, MO",Allied OneSource,2024-04-12,2024-05-12,,,,HOURLY,9.0,
3895593845,Staff Accountant,"Cedar Rapids, IA",Infinity,2024-04-12,2024-05-12,,60000.0,70000.0,YEARLY,2.0,
3895593859,Universal Banker Trainee,"Farina, IL",Midland States Bank,2024-04-12,2024-05-12,,,,,2.0,
3895594803,SOCIAL SERVICES COORDINATOR - CAPITAL NURSING AND REHABILITATION CENTER,"Raleigh, NC",Liberty Healthcare and Rehabilitation Services,2024-04-12,2024-05-12,,,,,3.0,
3895594816,BED MANAGEMENT & STAFFING SPECIALIST,Greater Orlando,Aspire Health Partners,2024-04-12,2024-05-12,,,,,4.0,
3895594917,Salesperson,"Livonia, MI",Advance Auto Parts,2024-04-11,2024-05-12,,,,,4.0,
3895596136,Front End Drupal Developer,United States,Esteemed Inc.,2024-04-12,2024-05-12,,,,,4.0,
3895596992,Experienced Diesel Technician / Truck Mechanic,"New Bern, NC",A Hiring Company,2024-04-12,2024-05-12,,,,MONTHLY,2.0,
3895597903,"Sr. Manager, Strategy and Ops, Affluent Customer Experience","San Francisco, CA",Visa,2024-04-12,2024-05-12,,147700.0,214150.0,YEARLY,11.0,1.0
3895598594,Stock Associate/Inventory,"Cincinnati, OH",Smyth Auto Parts,2024-04-12,2024-05-12,,,,,1.0,
3895598595,Asian Field Sales Representative- Fairfield County/Southern CT,"Fairfield County, CT",Prime Source Foods,2024-04-12,2024-05-12,,,,,3.0,
3895599080,"Dispatcher, Customer Service Specialist","Charlotte, NC",PartsSource Inc.,2024-04-02,2024-05-12,,,,,4.0,
3895599239,salesperson,"Wall Township, NJ",Advance Auto Parts,2024-04-11,2024-05-12,,,,,4.0,
3895599335,Retail Sales Supervisor,"Columbia, SC",Harbor Freight Tools,2024-04-12,2024-05-12,,,,HOURLY,4.0,
3895800096,Manager - Operations (WM),"Illinois, United States",Midland States Bank,2024-04-12,2024-05-12,,84100.0,112100.0,YEARLY,3.0,
3895800679,"Cook/Food Service Worker - Franklin County Jail, KS","Ottawa, KS",A Hiring Company,2024-04-12,2024-05-12,,,,,2.0,
3895801679,Radiation Protection Supervisor,"Monticello, MN",Xcel Energy,2024-04-12,2024-05-12,,92300.0,149700.0,YEARLY,4.0,
3895802047,Operations Supervisor,"Graniteville, SC",DHL Supply Chain,2024-04-12,2024-05-12,,,,,4.0,
3895802258,(CNA) Certified Nursing Assistant,"Greenfield, WI",Complete Care,2024-04-12,2024-05-12,,,,,4.0,
3895803418,"Cook/Food Service Worker - Franklin County Jail, KS","Ottawa, KS",A Hiring Company,2024-04-12,2024-05-12,,,,,2.0,
3895803714,Patient Financial Representative Senior,"Irving, TX",CHRISTUS Health,2024-04-12,2024-05-12,,,,,3.0,
3895803907,Accountant - Manufacturing - Plant,"Coraopolis, PA",Job Juncture,2024-04-12,2024-05-12,,,,,4.0,
3895804816,Patient Service Rep - Urology,"Oklahoma City, OK",Mercy,2024-04-12,2024-05-12,,,,,4.0,
3895806462,Radiologic Technologist - PRN - Lebanon,"Lebanon, MO",Mercy,2024-04-12,2024-05-12,,,,,4.0,
3895807324,OB Surgical Technologist (Non-Exempt),"Rogers, AR",Mercy,2024-04-12,2024-05-12,,,,,3.0,
3895808155,Registered Behavior Technician,"Lucas, TX",Centria Autism,2024-04-11,2024-05-12,,,,,4.0,
3895808249,MRI Technologist Loan Repayment & Sign On,"St Louis, MO",Mercy,2024-04-12,2024-05-12,,,,,4.0,
3895808443,Mental Health Technician III,"Walnutport, PA","COMHAR, Inc.",2024-04-12,2024-05-12,,,,,3.0,
3895808620,Nurse (RN),"Boston, Massachusetts, United States",Bay Cove Human Services,2024-04-12,2024-05-12,,,,,4.0,
3895809104,Patient Care Technician,"Orangeburg, SC",DaVita Kidney Care,2024-04-11,2024-05-12,,,,,4.0,
3895809360,Detailer - Timber Frame and Truss Melbourne,"Hallam, PA",Bunnings,2024-04-12,2024-05-12,,,,,2.0,
3895810035,Patient Care Associate-FT Nights Cardiac Tele,"St Louis, MO",Mercy,2024-04-12,2024-05-12,,,,,4.0,
3895810371,Logistics Planner,"Livonia, MI",DHL Supply Chain,2024-04-12,2024-05-12,,,,,5.0,
3895810388,HPC Software Integration Engineer,"Annapolis Junction, MD","BAE Systems, Inc.",2024-04-11,2024-05-12,,136620.0,232210.0,YEARLY,4.0,
3895811265,Patient Care Technician,"Houston, TX",DaVita Kidney Care,2024-04-11,2024-05-12,,,,,6.0,
3895811474,"Group Leader, Analytical Development","Charles City, IA",Cambrex,2024-04-12,2024-05-12,,,,,6.0,
3895812091,FLEX SECURITY OFFICER - ALL SHIFTS,"Simi Valley, CA","Securitas Security Services USA, Inc.",2024-04-12,2024-05-12,,,,,4.0,
3895812299,AVL Heavy Equipment Mechanic,"Yolo, CA",California Department of Forestry and Fire Protection (CAL FIRE),2024-04-11,2024-05-12,,5445.0,6276.0,MONTHLY,4.0,
3895812874,"Sales Manager-Atlanta, GA",Atlanta Metropolitan Area,Cogent Communications,2024-04-12,2024-05-12,,,,,5.0,
3895813108,Sr Staff Product Manager,"New York, United States",The Trade Desk,2024-04-11,2024-05-12,,149900.0,274900.0,YEARLY,5.0,
3895813293,IT Manager,"Toledo, OH",Shrader Tire & Oil,2024-04-12,2024-05-12,,,,,8.0,
3895816290,"Sales Director, Overland Park, KC","Overland, MO",Cogent Communications,2024-04-12,2024-05-12,,,,,4.0,
3895821497,SR - RN Per Diem II,"Rio Rancho, NM",UNM Hospital,2024-04-12,2024-05-12,,,,,4.0,
3895825854,Family Reunification Specialist,"Chicago, IL",Heartland Alliance,2024-04-11,2024-05-12,,,,,4.0,
3895826757,Family Reunification Supervisor,"Chicago, IL",Heartland Alliance,2024-04-11,2024-05-12,,,,,3.0,
3895828480,Jr. Salesforce Administrator,"Chicago, IL",Heartland Alliance,2024-04-11,2024-05-12,,,,,12.0,1.0
3895830236,Xfinity Retail Service Associate -Part Time,"Exton, PA",Comcast,2024-04-12,2024-05-12,,,,,5.0,
3895834967,Sales Manager,Boise Metropolitan Area,J. Galt,2024-04-12,2024-05-12,,,,,2.0,
3895841462,Sales Manager,Greater Myrtle Beach Area,J. Galt,2024-04-12,2024-05-12,,,,,2.0,
3895843227,Sales Manager,"Homosassa Springs, FL",J. Galt,2024-04-12,2024-05-12,,,,,1.0,
3895844918,Sales Manager,"Hammond, LA",J. Galt,2024-04-12,2024-05-12,,,,,1.0,
3895845192,Sales Manager,"Binghamton, NY",J. Galt,2024-04-12,2024-05-12,,,,,2.0,
3895845855,Sales Manager,"Wilmington, NC",J. Galt,2024-04-12,2024-05-12,,,,,1.0,
3895847480,Sales Manager,"Reno, NV",J. Galt,2024-04-12,2024-05-12,,,,,1.0,
3895847520,Network Engineer,"Sacramento, CA",Data Center Interworks Inc,2024-04-12,2024-05-12,,,,,3.0,
3895851139,Sales Manager,"Lansing, MI",J. Galt,2024-04-12,2024-05-12,,,,,1.0,
3895859993,Locum Tenens Physician Assistant - Cardiovascular/Cardiothoracic Surgery,"Morehead, North Carolina, United States",Weatherby Healthcare,2024-04-12,2024-05-12,,84.0,114.0,HOURLY,1.0,
3895862538,Travel RN - Med Surg,"Owensboro, KY",Assured Nursing Inc,2024-04-12,2024-05-12,,1989.0,1989.0,WEEKLY,1.0,
3895864154,E and I Technician,"West Monroe, LA", Georgia Pacific,2024-04-12,2024-05-12,,,,HOURLY,2.0,
3895868010,Scheduling Assistant,"Troy, MI",DK Security,2024-04-12,2024-05-12,,17.0,21.0,HOURLY,2.0,
3897844564,Nursing Assistant II - Rehab General - (Full Time/Variable Shifts),"Fayetteville, NC",Cape Fear Valley Health,2024-04-13,2024-05-19,,,,,22.0,
3898152964,Freight Manager,"Lexington–Fayette metropolitan area, KY",Integrity Staffing Solutions,2024-04-15,2024-05-15,,,,,50.0,7.0
3898155708,District Manager,"Petaluma, CA",Pop-Up Talent,2024-04-15,2024-05-15,,90000.0,110000.0,YEARLY,10.0,1.0
3898156545,Deli Manager,"Chicago, IL",Pop-Up Talent,2024-04-15,2024-05-15,,18.0,21.5,HOURLY,5.0,
3898156669,Funeral Director,"Jackson, MI",Anonymous ,2024-04-15,2024-05-15,,,,,10.0,
3898156716,Chaffeur,"Durango, CO","Rad Transport, LLC",2024-04-15,2024-05-15,,,,,26.0,
3898156975,Regional Sales Manager,United States,SCRAM Systems,2024-04-15,2024-05-15,,80000.0,85000.0,YEARLY,97.0,10.0
3898157503,"Assistant Director, Academic Programs",Greater Syracuse-Auburn Area,Syracuse University,2024-04-15,2024-05-15,,58500.0,62500.0,YEARLY,17.0,1.0
3898159320,Senior Manager,"Emeryville, CA",LHH,2024-04-15,2024-05-15,,60.0,80.0,HOURLY,24.0,1.0
3898159356,Commercial Loan Processor,"Omaha, NE",Dayspring Bank,2024-04-15,2024-10-12,,,,,13.0,
3898159394,Entry Level Sales ,"Schaumburg, IL",RHM Staffing Solutions,2024-04-15,2024-05-15,,,,,6.0,1.0
3898160152,Registered Client Service Associate,Des Moines Metropolitan Area,echo,2024-04-15,2024-05-15,,65000.0,70000.0,YEARLY,4.0,
3898160161,Senior QA Engineer,San Francisco Bay Area,ZOLA Electric,2024-04-15,2024-05-15,,130000.0,150000.0,YEARLY,243.0,78.0
3898160214,Director of Sales Southwest,"Scottsdale, AZ",,2024-04-15,2024-10-12,,,,,9.0,2.0
3898160235,Sr. Cloud Data Pipeline Engineer,"Santa Clara, CA",WalkWater Technologies,2024-04-15,2024-05-15,,,,,461.0,201.0
3898160286,EUC Information Systems Analyst,"Springfield, IL",Illinois Department of Innovation & Technology (DoIT),2024-04-15,2024-05-15,,74760.0,112440.0,YEARLY,2.0,
3898160333,Senior Project Manager,"San Francisco, CA",John Burton Advocates for Youth,2024-04-15,2024-10-12,,88000.0,99000.0,YEARLY,97.0,4.0
3898160407,Systems Administrator,"Carson City, NV",Acro Service Corp,2024-04-15,2024-05-15,,,,,34.0,10.0
3898160459,Operations Supervisor - Transportation (Supply Chain/Logistics),"Reading, PA",Penske Logistics,2024-04-15,2024-05-15,,,,,4.0,
3898160626,Storage Engineer (Cohesity and NetApp),United States,"Infotech Spectrum Inc,",2024-04-15,2024-05-15,,,,,198.0,30.0
3898160743,"Only W2 - Java Angular Developer (Hybrid to St. Petersburg, FL)","St Petersburg, FL",Noblesoft Solutions,2024-04-15,2024-05-15,,,,,182.0,31.0
3898160940,Sales Training Project Manager,"Pewaukee, WI",Generac,2024-04-15,2024-05-15,,,,,30.0,2.0
3898161196,Senior Industrial and Manufacturing Engineer,Greater Milwaukee,Enercon Industries,2024-04-15,2024-05-15,,,,,6.0,
3898161359,Quality Manager,"Springfield, OH",LHH,2024-04-15,2024-05-15,,,,,9.0,
3898161589,Certified Nursing Assistant,"Fredericksburg, VA",Fredericksburg Health and Rehab,2024-04-15,2024-05-15,,,,,3.0,
3898161760,"HR Advisor (Tier 1 Support), remote - Weekend Schedule",United States,ManpowerGroup Talent Solutions,2024-04-15,2024-05-15,,30.0,33.0,HOURLY,34.0,3.0
3898161897,Associate Account Executive,"Atlanta, GA",Calculated Hire,2024-04-15,2024-05-15,,40000.0,50000.0,YEARLY,59.0,13.0
3898161934,2024-2025 ENGLISH TEACHER-SHADOW TEACHER,"Las Vegas, NV",Clark County School District,2024-04-15,2024-05-15,,,,,4.0,
3898161973,Information Technology Manager,"Fort Collins, CO",Crawford Technologies,2024-04-15,2024-05-15,,,,,142.0,9.0
3898162361,Internal Sales Executive,"Sacramento, CA",TeamLogic IT of Sacramento,2024-04-15,2024-10-12,,,,,34.0,5.0
3898163029,Content Writer,United States,Compound Content Studio,2024-04-15,2024-10-12,,60000.0,75000.0,YEARLY,39.0,7.0
3898163042,Dental Office Manager,"Lake Worth, FL",Sage Dental,2024-04-15,2024-05-15,,,,,11.0,1.0
3898163389,Sr Change /Release Manager (Remedy Tool  MUST),"Chicago, IL",Akkodis,2024-04-15,2024-05-15,,,,,28.0,
3898163393,"Insurance Sales Manager - Dallas, Personal Lines","Dallas, TX",Inszone Insurance Services,2024-04-15,2024-05-15,,,,,7.0,
3898163478,Maintenance Mechanic,"Slater, MO",Parker Hannifin,2024-04-15,2024-05-15,,,,,1.0,
3898163532,Emulation Methodology Engineer,"Austin, TX",TekWissen ®,2024-04-15,2024-05-15,,39.0,52.0,HOURLY,20.0,
3898163593,User Experience Specialist,"Santa Clara, CA",TekWissen ®,2024-04-15,2024-05-15,,78.0,78.0,HOURLY,42.0,10.0
3898163681,Licensed Clinical Social Worker,"Mississippi, United States","KBR, Inc.",2024-04-15,2024-05-15,,,,,4.0,
3898163702,Technician ll,"Kalamazoo, MI",ChemTreat,2024-04-15,2024-05-15,,,,,22.0,
3898164237,"Project Manager, Purchasing - Powertrain","Greensboro, NC",Volvo Group,2024-04-15,2024-05-15,,,,,35.0,3.0
3898164394,Elementary School Teacher,United States,"LanceSoft, Inc.",2024-04-15,2024-05-15,,,,,388.0,34.0
3898164413,Customer Support Specialist,United States,Seel,2024-04-15,2024-10-12,,,,,164.0,66.0
3898164454,Senior Accountant,"Boca Raton, FL",Geosyntec Consultants,2024-04-15,2024-05-15,,,,,2.0,
3898164469,Sales Professional,United States,Visage Imaging,2024-04-15,2024-05-15,,,,,16.0,
3898165123,Oracle Analytics Cloud Technical Developer ,"New Jersey, United States",RightTalents LLC,2024-04-15,2024-05-15,,,,,65.0,5.0
3898165154,Clinical Support Specialist - Remote,"Illinois, United States",Grapefruit Health,2024-04-15,2024-05-15,,40000.0,60000.0,YEARLY,3.0,
3898165215,General Manager,"Hartford, CT",Ciresi & Morek,2024-04-15,2024-05-15,,,,,23.0,1.0
3898165386,Financial Professional - Houston,Greater Houston,New York Life Insurance Company,2024-04-15,2024-10-12,,,,YEARLY,8.0,1.0
3898165421,Manhattan Float Nurse M04 - R010378,"Manhattan, NY",VNS Health,2024-04-15,2024-05-15,,104868.0,130268.0,YEARLY,9.0,
3898165915,Control Engineer,Greater Houston,Daikin Comfort,2024-04-15,2024-05-15,,,,,43.0,3.0
3898166107,Programming Coordinator,"Los Angeles, CA",Syndicatebleu,2024-04-15,2024-05-15,,22.0,24.0,HOURLY,28.0,2.0
3898166205,"Retail, Sales Associate T","Honolulu, HI",Crocs,2024-04-15,2024-05-15,,15.38,23.07,HOURLY,5.0,
3898166220,Account Manager,"Pomona, CA",Airgas,2024-04-15,2024-05-15,,,,,4.0,
3898166929,"Regional Sales Manager, Vacuum Systems","Charleroi, PA",Ingersoll Rand,2024-04-15,2024-05-15,,,,,12.0,
3898166982,Nurse - RN - ICU,"Salem, MA",Solomon Page,2024-04-15,2024-05-15,,,,,8.0,
3898167129,Human Resources Business Partner,"Columbus, Ohio Metropolitan Area",LHH,2024-04-15,2024-05-15,,80000.0,100000.0,YEARLY,75.0,13.0
3898167157,Business Data Analyst,Los Angeles Metropolitan Area,Cypress HCM,2024-04-15,2024-06-14,,,,,335.0,174.0
3898167217,National Business Development Manager,United States,FUJIFILM Healthcare Americas Corporation,2024-04-15,2024-05-15,,,,,113.0,14.0
3898167794,Controls Electrician - 2nd Shift,"Stuarts Draft, VA",The Hershey Company,2024-04-15,2024-05-15,,,,,14.0,1.0
3898167857,"Supervisor, Operations III","Cleveland, OH",ABF Freight,2024-04-15,2024-05-15,,,,,12.0,
3898167874,Video Editor,"St Louis, MO",Perficient,2024-04-15,2024-05-15,,,,,50.0,8.0
3898168055,Division President,Dallas-Fort Worth Metroplex,GFO Home,2024-04-15,2024-05-15,,,,,136.0,18.0
3898168135,"Claims Assistant - Las Vegas, NV","Las Vegas, NV",The Jonus Group,2024-04-15,2024-05-15,,,,,4.0,
3898168356,Equipment & Controls Planning Engineer -24-00269,"Greer, SC","Datasoft Technologies, Inc.",2024-04-15,2024-05-15,,,,,10.0,
3898168677,Produce Regional Manager,"Detroit, MI",Confidential,2024-04-15,2024-05-15,,60000.0,75000.0,YEARLY,14.0,2.0
3898168783,Field Consultant,San Francisco Bay Area,"Kumon North America, Inc.",2024-04-15,2024-05-15,,60000.0,75000.0,YEARLY,51.0,4.0
3898168809,Nurse - RN - ICU,"Vicksburg, MS",Solomon Page,2024-04-15,2024-05-15,,,,,8.0,
3898168843,Non IT Program Manager (Inventory Asset Management),"Vancouver, WA",Akidev Corporation,2024-04-15,2024-05-15,,,,,28.0,3.0
3898168926,Elevator Manager Trainee,"New Rockford, ND",Columbia Grain International,2024-04-15,2024-05-15,,,,,17.0,1.0
3898168950,Product Testing Engineer,"Akron, OH",Smithers,2024-04-15,2024-05-15,,,,,41.0,6.0
3898169437,BSA/Compliance Manager,"Glendora, CA",America's Christian Credit Union,2024-04-15,2024-05-15,,82786.52,124000.0,YEARLY,51.0,10.0
3898169560,Credit Analyst II,"Tampa, FL",Amerant Bank,2024-04-15,2024-05-15,,,,,3.0,
3898169765,"Entry Level/ Trainee Outside Sales Representative, base plus commission (Queens)","Queens, NY",ADP,2024-04-15,2024-05-15,,,,,7.0,3.0
3898169842,Medical Assistant Supervisor,"Seattle, WA","Pinnacle Fertility, Inc.",2024-04-15,2024-05-15,,,,,7.0,1.0
3898169972,Project Manager,"Midland, TX",Marsh McLennan Agency,2024-04-15,2024-05-15,,,,,31.0,4.0
3898170036,Truss Designer,"West Jordan, UT",Ready Made Trusses and Builders' Supply,2024-04-15,2024-10-12,,70000.0,85000.0,YEARLY,12.0,1.0
3898170106,Healthcare Account Executive,"Charlotte, NC",Medasource,2024-04-15,2024-05-15,,,,,27.0,8.0
3898170505,Transportation Specialist,"Highland Park, NJ",Innova Solutions,2024-04-15,2024-05-15,,,,,8.0,
3898170643,Financial Representative,"Lake Charles, LA",Northwestern Mutual,2024-04-15,2024-05-15,,,,,11.0,1.0
3898170696,Vice President of Business Development,"Chicago, IL",Selby Jennings,2024-04-15,2024-05-15,,,,,104.0,14.0
3898170762,Corporate Development Analyst,Washington DC-Baltimore Area,Selby Jennings,2024-04-15,2024-05-15,,,,,155.0,52.0
3898170911,Director of Total Rewards,"Ridgefield, WA",ilani,2024-04-15,2024-05-15,,122000.0,134000.0,YEARLY,10.0,
3898171215,Tax Manager - Private Client Services (PCS),United States,EisnerAmper,2024-04-15,2024-05-15,,85000.0,150000.0,YEARLY,23.0,1.0
3898171393,Account Manager - Retail,"Federal Way, WA",Allied Universal,2024-04-15,2024-05-15,,,,,11.0,
3898171462,Director of Engineering,"Morristown, NJ",Hyatt Hotels Corporation,2024-04-15,2024-05-15,,,,,27.0,3.0
3898171731,Field Safety Professional ,"Tallahassee, FL","AMERISAFE, Inc.",2024-04-15,2024-05-15,,,,,2.0,
3898171818,Vetco Clinic Advisor ND,"Monroeville, PA",Petco,2024-04-15,2024-05-15,,,,,7.0,
3898171903,Staff RN,"Lincoln, NE",Bryan Health,2024-04-15,2024-05-15,,,,,7.0,
3898172054,Field Technician,"Loves Park, IL",i3 Broadband,2024-04-15,2024-05-15,,,,,7.0,
3898172092,Business Intelligence Manager,"Burbank, CA",Meraki7,2024-04-15,2024-05-15,,,,,87.0,14.0
3898172094,Delivery Driver,"Miami, FL",NAPA Auto Parts,2024-04-15,2024-05-15,,,,,11.0,
3898172096,Counter Service,"Miami, FL",NAPA Auto Parts,2024-04-15,2024-05-15,,,,,5.0,
3898172172,Entry Level Healthcare Sales Representative - June Start Date,"Orlando, FL",Medasource,2024-04-15,2024-05-15,,,,,7.0,2.0
3898172395,User Experience Designer,"Fargo, ND","Sunrise Systems, Inc.",2024-04-15,2024-05-15,,,,,85.0,22.0
3898172496,"Associate, Middle Office II","Lake Mary, FL",BNY Mellon,2024-04-15,2024-05-15,,,,,35.0,2.0
3898172510,"Licensed Practical Nurse / Medical Assistant, Orthopedics",Gainesville Metropolitan Area,UF Health,2024-04-15,2024-05-15,,,,,5.0,
3898172555,Technical Assistant and Program Coordinator,"Tacoma, WA",Tacoma-Pierce County Chamber,2024-04-15,2024-05-15,,25.0,35.0,HOURLY,36.0,3.0
3898172746,Assistant Superintendent,"New York, NY",Suffolk Construction,2024-04-15,2024-05-15,,85000.0,125000.0,YEARLY,26.0,5.0
3898172789,Project Controls Manager,"Brady, TX",W3Global,2024-04-15,2024-05-15,,,,,9.0,
3898172792,Swiss Screw Programmer,"Jersey City, New Jersey, United States",W3Global,2024-04-15,2024-05-15,,,,,23.0,1.0
3898173132,Senior Service Technician,"Livonia, MI",Ingersoll Rand,2024-04-15,2024-05-15,,,,,4.0,
3898173504,Scientist,"South San Francisco, CA",eTeam,2024-04-15,2024-05-15,,34.0,34.76,HOURLY,8.0,
3898173654,"Bartender, Premium","Las Vegas, NV",Legends,2024-04-15,2024-05-15,,,,,13.0,
3898173741,Sales Associate - Chico's,"Huntsville, AL","Chico's FAS, Inc.",2024-04-15,2024-05-15,,,,,5.0,
3898173815,Quality Control Manager,"Montgomeryville, PA",W3Global,2024-04-15,2024-05-15,,,,,16.0,
3898174024,Ops Supervisor Hauling,"Gardena, CA",Republic Services,2024-04-15,2024-05-15,,73570.0,115610.0,YEARLY,17.0,3.0
3898174655,UI Developer/Designer,"Kentucky, United States",United Software Group Inc,2024-04-15,2024-05-15,,,,,171.0,51.0
3898175575,Package Handler - Part Time (Warehouse like),"Prescott, AZ",FedEx Ground,2024-04-15,2024-05-15,,,,HOURLY,10.0,2.0
3898176137,Quality Assurance Technician,"Phoenix, AZ","ENCON ARIZONA, L.L.C. DBA TPAC",2024-04-15,2024-05-15,,,,,16.0,1.0
3898177251,Event Day Attendant,"Denver, CO",Legends,2024-04-09,2024-05-15,,,,,7.0,
3898177261,"Support Manager, Family Navigator","Annapolis, MD",The Arc Central Chesapeake Region,2024-04-15,2024-05-15,,,,YEARLY,38.0,2.0
3898177341,Package Handler - Part Time (Warehouse like),"Roseville, CA",FedEx Ground,2024-04-15,2024-05-15,,18.5,19.0,HOURLY,18.0,4.0
3898177442,Life Insurance Sales Agent,"Lake City, FL",Kemper,2024-04-15,2024-05-15,,,,,6.0,
3898177737,Consumer Products Technology Lead,"Chicago, IL",Insight Global,2024-04-15,2024-05-15,,150000.0,190000.0,YEARLY,193.0,49.0
3898178373,Residential Sales Associate,"Houston, TX",JANUS et Cie,2024-04-15,2024-05-16,,,,,63.0,11.0
3898179077,HR Shared Services Consultant,"Charlotte, NC",Experis,2024-04-15,2024-05-15,,40.0,42.0,HOURLY,22.0,2.0
3899515805,Control Valve Technician,"Baton Rouge, LA","John H. Carter Company, Inc.",2024-04-16,2024-05-16,,,,,12.0,
3899516995,Financial Analyst,"Trumbull, CT",CooperSurgical,2024-04-16,2024-05-16,,,,,4.0,
3899517234,Operations Manager,Las Vegas Metropolitan Area,Production Transport,2024-04-16,2024-10-13,,,,,21.0,2.0
3899517312,Peoplesoft Developer,"Pontiac, MI",Intellibee Inc,2024-04-16,2024-05-16,,,,,4.0,
3899517409,Program Manager,"Redmond, WA",IFG - International Financial Group,2024-04-16,2024-05-16,,50.0,55.0,HOURLY,245.0,58.0
3899517708,Senior ServiceNow Developer,United States,"Dev Technology Group, Inc.",2024-04-16,2024-05-16,,100000.0,145000.0,YEARLY,11.0,2.0
3899518708,Accountant,"Brown Deer, WI",ETE REMAN,2024-04-16,2024-05-16,,,,,3.0,
3899519917,Accounting Operations,"Hudson, OH",Russell Tobin,2024-04-16,2024-05-16,,15.0,30.0,HOURLY,5.0,
3899520843,Data Engineer,"San Diego, CA",ALOIS Solutions,2024-04-16,2024-05-16,,50.0,60.0,HOURLY,666.0,319.0
3899520907,Controls engineer,"Forest, VA",Zobility,2024-04-16,2024-05-16,,,,,21.0,2.0
3899521676,Event Promotions Specialist,"Dallas, TX",Miracom Hive,2024-04-16,2024-05-16,,,,,21.0,2.0
3899521749,ServiceMax Developer,United States,ESB Technologies,2024-04-16,2024-05-16,,,,,30.0,
3899521773,Property Manager,"Kendall, FL",StevenDouglas,2024-04-16,2024-05-16,,80000.0,85000.0,YEARLY,54.0,12.0
3899521784,In House Counsel: Managed Care,"San Bernardino County, CA",Robert Half,2024-04-16,2024-05-16,,,,,14.0,
3899522754,Sales Executive ,"Charlotte, NC",LHH,2024-04-16,2024-05-16,,,,YEARLY,4.0,1.0
3899522776,Lead Record Associate,"Covington, VA",SPS,2024-04-16,2024-05-16,,,,,2.0,
3899523144,Marketing Project Manager,"Tualatin, OR",Swift Strategic Solutions Inc,2024-04-16,2024-05-16,,,,,21.0,1.0
3899523300,JAVA FULLSTACK DEVELOPER WITH AWS,"Plano, TX",SAGE IT ,2024-04-16,2024-05-16,,,,,105.0,54.0
3899525410,Corporate Controller,"Marlton, NJ",Lucas James Talent Partners,2024-04-16,2024-05-16,,,,,3.0,
3899525485,Heavy Equipment Operator,"Mount Gilead, NC",Republic Services,2024-04-16,2024-05-16,,,,,6.0,
3899525619,Sales Executive (Freight Forwarding),"Detroit, MI",Mohawk Global,2024-04-16,2024-05-16,,,,,30.0,2.0
3899525621,AP Specialist,"New York, NY",Ascendo Resources,2024-04-16,2024-05-16,,,,,34.0,4.0
3899526127,Financial Analyst,"New York, NY",Software People Inc.,2024-04-16,2024-05-16,,,,,31.0,5.0
3899526148,Store Manager,"Sturbridge, MA",Staples Stores,2024-04-16,2024-05-16,,,,,9.0,1.0
3899526196,Welding Instructor,Dallas-Fort Worth Metroplex,Excelon Associates Recruitment,2024-04-16,2024-05-16,,,,,24.0,
3899526333,lead full stack developer,New York City Metropolitan Area,SVK Technology Solutions Inc,2024-04-16,2024-05-16,,,,,51.0,7.0
3899526354,Accounting Clerk,Dallas-Fort Worth Metroplex,Adecco,2024-04-16,2024-05-16,,20.0,23.0,HOURLY,5.0,
3899526653,Human Resources Intern,United States,XIRCLS - 360° Martech Stack & Decentralized Collaborative Marketing Network ,2024-04-16,2024-05-16,,,,,51.0,13.0
3899526762,SAP Program Manager,"Austin, TX",Tech Mahindra,2024-04-16,2024-05-16,,,,,33.0,4.0
3899527057,Entry Level Communications Representative,"New Orleans, LA",Swipe Say Easy,2024-04-16,2024-05-16,,,,,3.0,
3899527096,Food Assistant,"Roseville, CA",Sutter Health,2024-04-16,2024-05-16,,,,,3.0,
3899527251,Dynamics 365 Developer - Locals Only,"Lansing, MI",Swift Strategic Solutions Inc,2024-04-16,2024-05-16,,,,,61.0,4.0
3899527373,Project Manager,"Orlando, FL",Intellectt Inc,2024-04-16,2024-05-16,,,,,230.0,57.0
3899527672,"Senior Program Manager, PMO","Durham, NC",NetApp,2024-04-16,2024-05-16,,98.0,120.0,HOURLY,142.0,29.0
3899528033,Account Executive - International Sales - Miami,Miami-Fort Lauderdale Area,Justworks,2024-03-22,2024-05-16,,85000.0,90000.0,YEARLY,34.0,3.0
3899528125,Nurse - LPN - LTC,"Sistersville, WV",Solomon Page,2024-04-16,2024-05-16,,,,,6.0,
3899528170,Franchise Development Administrative,"Virginia Beach, VA",Liberty Tax,2024-04-16,2024-10-13,,,,,19.0,
3899528801,Technical Project Manager – R&D ADAS Radar,"Northville, MI",FORVIA HELLA,2024-04-16,2024-05-16,,,,,3.0,
3899529153,Nurse Practitioner (NP) / Physician Assistant (PA),"New York, NY",Tandym Group,2024-04-16,2024-05-16,,13000.0,115000.0,YEARLY,19.0,
3899529223,ETL Engineer with Ab Initio,"Jersey City, NJ",IT-SCIENT,2024-04-16,2024-05-16,,,,,46.0,15.0
3899529245,Project Engineer (Pre-Sales),United States,SquarePeg,2024-04-16,2024-05-16,,,,,58.0,4.0
3899529658,Computer Operator,"Chicago, IL","Alltech International, Inc.",2024-04-16,2024-05-16,,,,,11.0,
3899529680,Outside Sales Representative,"Pine Bluff, AR","Chem-Aqua, Inc.",2024-04-16,2024-05-16,,65000.0,75000.0,YEARLY,18.0,1.0
3899530013,Mortgage Loan Processor,"Ontario, CA",,2024-04-16,2024-05-16,,20.0,40.0,HOURLY,15.0,2.0
3899530537,Dog Trainer Assistant,"Simpsonville, SC",Petco,2024-04-16,2024-05-16,,,,,5.0,
3899530882,Finance Manager,"Shreveport, LA",Visit Shreveport-Bossier,2024-04-16,2024-05-16,,,,,5.0,
3899531179,Data Delivery Coordinator with Merger & Acquisition,United States,"Javen Technologies, Inc.",2024-04-16,2024-05-16,,,,,58.0,6.0
3899531182,Claims Data Steward,United States,Magnit,2024-04-16,2024-05-16,,63.0,63.0,HOURLY,260.0,63.0
3899531189,Assistant Manager Dining Services,"Richmond, VA",Westminster Canterbury Richmond,2024-04-16,2024-05-16,,,,,4.0,
3899532170,Property and Casualty Customer Service (Southeast Platform),"Tampa, FL",Acrisure,2024-04-16,2024-05-16,,,,,8.0,
3899532350,Visual Imagery Intrusion Detection System (VIIDS) Technician,"Andrews AFB, MD","CDO Technologies, Inc.",2024-04-16,2024-05-16,,100000.0,120000.0,YEARLY,3.0,
3899532745,Paralegal (Health Care),"Garden City, NY","HealthCare Partners, New York",2024-04-16,2024-10-13,,73000.0,92000.0,YEARLY,42.0,13.0
3899533522,Sales Development Rep-Madison,"Madison, WI",TEKsystems,2024-04-16,2024-05-16,,,,HOURLY,14.0,
3899533997,Commercial Landscaping Account Manager ,"Arlington, TX",Stone Hendricks Group,2024-04-16,2024-05-16,,,,,11.0,3.0
3899534270,Senior Battery Engineer,"Massachusetts, United States",Storm4,2024-04-16,2024-05-16,,,,,1.0,
3899535171,Sr. .NET Developer,"Dallas, TX",Deloitte,2024-04-16,2024-05-16,,,,,23.0,4.0
3899535205,Citizens Teller- Portuguese or Haitian Creole Speaking Preferred,"North Easton, MA",Citizens,2024-04-16,2024-05-16,,,,,5.0,
3899535342,Director Track Engineering,"Washington, DC",Washington Metropolitan Area Transit Authority (WMATA),2024-04-16,2024-05-16,,,,,4.0,
3899536119,Financial Accounting Solution Consultant,Greater Cleveland,Deloitte,2024-04-16,2024-05-16,,62000.0,110000.0,YEARLY,6.0,
3899536832,Cybersecurity Policy Analyst,Washington DC-Baltimore Area,Lafayette Group,2024-04-16,2024-05-16,,95000.0,115000.0,YEARLY,74.0,9.0
3899537022,Sales Application Engineer,"Cincinnati, OH",Ecoroll Corporation Tool Technology,2024-04-16,2024-10-13,,,,YEARLY,33.0,3.0
3899538389,Customer Service Representative,"Grimes, IA",Composites One,2024-04-16,2024-05-16,,,,,10.0,
3899538403,SAP Fico,"Austin, TX","Tanisha Systems, Inc",2024-04-16,2024-05-16,,,,,13.0,1.0
3899539127,"Intellectual Property- Staff Scientist, Patent Agent or Junior/Mid-Level Associate (Biological Sciences)","Boston, MA","Choate, Hall & Stewart LLP",2024-04-16,2024-05-16,,,,,45.0,4.0
3899539346,Senior AAA Design Engineer Architect,"Irvine, CA",Appzlogic ,2024-04-16,2024-05-16,,,,,32.0,1.0
3899541330,LTSS Service Coordinator- RN Clinician,"Virginia Beach, VA",Elevance Health,2024-04-16,2024-05-16,,,,,21.0,3.0
3899541497,DevSecOps Engineer,United States,Headwaters Group,2024-04-16,2024-10-13,,,,,108.0,30.0
3899542452,Senior Full Stack Developer,United States,ConsultStaff,2024-04-16,2024-05-16,2024-04-16,,,,67.0,
3899544054,Scheduling Coordinator,"Ashland, OH",Atlas Bolt & Screw Company,2024-04-16,2024-05-16,,,,,5.0,
3899544157,Vice President Human Resources,"Marin County, CA",Scion Executive Search,2024-04-16,2024-05-16,,149545.0,225000.0,YEARLY,79.0,8.0
3899544321,Sr. International Tax Analyst,"Austin, TX",NXP Semiconductors,2024-04-16,2024-05-16,,,,,24.0,2.0
3899932471,Litigation/Labor and Employment Associate (2-5 Years' Experience),"Minneapolis, MN",Felhaber Larson,2024-04-16,2024-10-13,,,,,2.0,
3900063960,Radiologic Technologist (X-Ray),"St Charles, IL",WellNow Urgent Care,2024-04-15,2024-05-15,,,,HOURLY,4.0,
3900065292,Talent Acquisition Coordinator,"Warroad, MN",Marvin,2024-04-15,2024-05-15,,,,,6.0,
3900067873,Machine Operator,"Riverview, FL",Integrated Power Services,2024-04-15,2024-05-15,,,,,7.0,
3900068558,Executive Director,"Charlevoix, MI",IMCS,2024-04-15,2024-05-15,,,,,5.0,
3900068650,Senior Audit Manager,United States,Brewer Morris,2024-04-15,2024-05-15,,145000.0,175000.0,YEARLY,10.0,
3900069654,Unix Manager Lead / Head of Unix Engineer,New York City Metropolitan Area,Enterprise Engineering Inc. (EEI),2024-04-15,2024-05-15,,,,,70.0,6.0
3900070472,Care Attendant - Part Time Days - Crystal Brook,"Park Rapids, MN",Knute Nelson,2024-04-15,2024-05-15,,,,,5.0,
3900071888,Graphic Designer,United States,VARITE INC,2024-04-15,2024-05-15,2024-04-15,,,,295.0,
3900073817,Radiographer (Outpatient) - Lebanon Ambulatory Service Center - Day,"Lebanon, PA",WellSpan Health,2024-04-15,2024-05-15,,,,,4.0,
3900074599,Radiographer - Diagnostic Radiology - Day,"Ephrata, PA",WellSpan Health,2024-04-15,2024-05-15,,,,,7.0,
3900075053,Intensive Support Professional-IRSH,"Cedar Rapids, IA",UnityPoint Health,2024-04-15,2024-05-15,,,,,4.0,
3900075235,Route Sales & Service Technician Level II,"Greensburg, PA",CertaSite,2024-03-21,2024-05-15,,,,,4.0,
3900075663,Associate Creative Director [74488],Los Angeles Metropolitan Area,Onward Search,2024-04-15,2024-05-15,,185000.0,195000.0,YEARLY,36.0,9.0
3900075706,Licensed Veterinary Technician - Sunshine Animal Hospital - VA,"Annandale, VA",Veterinary Innovative Partners,2024-04-15,2024-05-15,,,,,8.0,
3900077739,Director of Inventory Planning,"Nassau County, NY",DSJ Global,2024-04-15,2024-05-15,,175000.0,195000.0,YEARLY,41.0,9.0
3900078325,Program Manager IV,United States,Aditi Consulting,2024-04-15,2024-05-15,,,,,9.0,
3900078623,A&E Business Development Manager,"Pittsburgh, PA",CPL,2024-04-15,2024-05-15,,,,,16.0,
3900079025,SM Innovation Technical Assistant,"Kennett Square, PA",South Mill Champs Mushrooms,2024-04-15,2024-05-15,,,,,3.0,
3900079441,EH Specialist 4 - Chatham,"Savannah, GA",Georgia Department of Public Health,2024-04-15,2024-05-15,,,,YEARLY,20.0,1.0
3900080215,Java/Web Services Engineer,"Plano, TX",LTIMindtree,2024-04-15,2024-05-15,,90000.0,125000.0,YEARLY,127.0,41.0
3900080292,SUPERVISOR - FOOD HALL,"Rockford, IL",Hard Rock Casino Rockford,2024-04-15,2024-05-15,,,,,6.0,
3900080485,Operations Research Analyst,"New York, United States",VaynerX,2024-04-15,2024-05-15,2024-04-15,,,,20.0,
3900080524,Sales Assistant,"Deerfield, IL","RXO, Inc.",2024-04-15,2024-05-15,,,,,5.0,
3900080648,Operations Supervisor,"Reno, NV",Wesco,2024-04-15,2024-05-15,,,,,24.0,5.0
3900081132,Seasonal Auto Glass Repair Specialist ll,"Arlington, TX",Safelite,2024-04-15,2024-05-15,,,,,4.0,
3900082098,Supply Chain/Procurement Manager,"Portage, WI",Masis Professional Group,2024-04-15,2024-05-15,,95000.0,110000.0,YEARLY,4.0,
3900082875,Front Desk Coordinator I,"Metairie, LA",GI Alliance,2024-04-15,2024-05-15,,,,,4.0,
3900083118,"Compliance Datawarehouse Lead, VP","Quincy, MA",State Street,2024-04-15,2024-05-15,,110000.0,185000.0,YEARLY,20.0,
3900083129,Assembly & Test Tech - Level 2,"Rocky Mount, NC",Honeywell,2024-04-15,2024-05-15,,,,,14.0,
3900083252,"Resource Management Associate, Corporate Operations, Remote","Chicago, IL",Huron,2024-04-15,2024-05-15,,65000.0,103500.0,YEARLY,103.0,9.0
3900083362,Front Office Agent (Part-Time) - Hyatt Regency Phoenix ,"Phoenix, AZ",Hyatt Regency,2024-04-15,2024-05-15,,,,,14.0,
3900084006,Splunk Developer,"Pleasanton, CA",Tata Consultancy Services,2024-04-15,2024-05-15,,,,,6.0,
3900084011,Shift Lead,"Woonsocket, RI",Tata Consultancy Services,2024-04-15,2024-05-15,,,,,11.0,
3900084016,Yard Loader Operator,"Leland, NC",Martin Marietta,2024-04-15,2024-05-15,,,,,7.0,1.0
3900084160,Senior Analyst/.NET Developer,"Jackson, MS",ConsultNet Technology Services and Solutions,2024-04-15,2024-05-15,,65.0,75.0,HOURLY,7.0,
3900085010,Chief Information Security Officer,"Cincinnati, OH",First Financial Bank,2024-04-15,2024-05-15,,,,,54.0,7.0
3900086025,Chef de Cuisine - Chez Maggy Restaurant ,"Denver, CO",Hyatt Hotels Corporation,2024-04-15,2024-05-15,,,,,5.0,
3900086038,Golf Course Starter/Ambassador ,"Isle of Palms, SC",Destination by Hyatt,2024-04-15,2024-05-15,,,,,12.0,
3900086941,Connected Solutions Apprentice,"Hagerstown, MD",JLG Industries,2024-04-15,2024-05-15,,,,,10.0,
3900088285,Civil Engineer,"Huntsville, AL",Koniag Government Services,2024-04-15,2024-05-15,,,,,11.0,
3900088530,Clinical Research Coordinator,"Boston, MA",Beth Israel Lahey Health,2024-04-15,2024-05-15,,,,,41.0,5.0
3900088796,Registered Nurse,"Bethpage, NY",Optum,2024-04-15,2024-05-15,,28.03,54.95,HOURLY,31.0,1.0
3900089494,Accountant with Epic Systems Experience,"Illinois, United States",Healthcare IT Leaders,2024-04-15,2024-05-15,,,,,9.0,
3900089746,Post Funding Analyst,"Abilene, TX",First Financial Bank Texas,2024-04-15,2024-05-15,,,,,16.0,
3900089978,Manufacturing Technician II,"San Diego, CA",Catalent Pharma Solutions,2024-04-15,2024-05-15,,,,,21.0,3.0
3900090137,Associate Director of Biostatistics,"New York, United States",Formation Bio,2024-04-15,2024-05-15,,,,,9.0,
3900090186,MRI Supervisor,"Cambridge, MA",Beth Israel Lahey Health,2024-04-15,2024-05-15,,,,,5.0,
3900090966,Test Engineer,"Minneapolis, MN",Wipro,2024-04-15,2024-05-15,,,,,32.0,4.0
3900091944,Project Manager - Top 10 Multifamily Developer Builder ($160k+),"Charlotte, NC",CyberCoders,2024-04-13,2024-05-15,,130000.0,165000.0,YEARLY,8.0,1.0
3900091970,Plant SCADA Development Engineer,"Lewisport, KY",ManpowerGroup,2024-03-21,2024-05-15,,,,,13.0,
3900091981,Retail Sales Associate (Part-Time),"Lake Buena Vista, FL",The Coca-Cola Company,2024-04-15,2024-05-15,,,,,31.0,3.0
3900092737,Chief or Senior MEP Estimator Needed!,"Fort Worth, TX",CyberCoders,2024-04-14,2024-05-15,,140000.0,225000.0,YEARLY,7.0,
3900093425,Senior Project Coordinator,"Kansas City, MO",Catalent Pharma Solutions,2024-04-15,2024-05-15,,,,,40.0,5.0
3900093671,Retail Lead Ambassador  (Replenishment/Key Holder),"Las Vegas, NV",The Coca-Cola Company,2024-04-15,2024-05-15,,,,,10.0,
3900094439,Office Manager - Orthopedics - Full Time - Days,"Utica, NY",Mohawk Valley Health System,2024-04-15,2024-05-15,,,,,10.0,
3900096445,"Intermediate Account Manager - Life, Accident, & Disability",United States,Aegon,2024-04-15,2024-05-15,,65000.0,80000.0,YEARLY,43.0,7.0
3900097201,Accounts Receivable Specialist,"Detroit, MI",Crain Communications,2024-04-15,2024-05-15,,,,,11.0,1.0
3900098056,Branch Banking Client Consultant II- Float,"New York, New York, United States",Flagstar Bank,2024-04-15,2024-05-15,,,,,9.0,1.0
3900938782,Business Growth Account Manager,"Wausau, WI",Sorenson Communications,2024-04-17,2024-05-17,,,,,4.0,
3900938815,"Manager, Business Intelligence Support","Georgia, United States",White Cap,2024-04-17,2024-05-17,,,,,14.0,2.0
3900938860,"Vice President, Sales Executive - Government & Public Services - Higher Education - Cloud ERP","Atlanta, GA",Deloitte,2024-04-17,2024-05-17,,137000.0,282000.0,YEARLY,10.0,
3900938893,Engineering - Non Degreed I,"Irving, TX",Experis,2024-04-17,2024-05-17,,,,,9.0,
3900938906,"Sr. Analyst/Manager, FP&A","Greenwich, CT",,2024-04-17,2024-05-17,,110000.0,135000.0,YEARLY,3.0,
3900940715,"Electrician Substation Trainee - 90375756 - North Brunswick, NJ","North Brunswick, NJ",Amtrak,2024-04-17,2024-05-17,,,,,4.0,
3900940886,AI Solution and Performance Engineer,"Morrisville, NC",Lenovo,2024-04-17,2024-05-17,,,,,7.0,
3900941677,Audio Visual Lead Technician,"Los Angeles, CA",W3Global,2024-04-17,2024-05-17,,,,,3.0,
3900941706,Engineer/Mechanic,"New York, NY",Madison Square Garden Entertainment Corp.,2024-04-17,2024-05-17,,,,HOURLY,14.0,
3900941815,Summer Intern,"Chicago, IL",Hootenanny,2024-04-17,2024-05-17,,,,,175.0,23.0
3900941822,Senior Research Associate,"Manchester, NH",Piper Companies,2024-04-17,2024-05-17,,85000.0,100000.0,YEARLY,21.0,2.0
3900942516,Package Handler (Warehouse like),"Holbrook, NY",FedEx Ground,2024-04-17,2024-05-17,,18.5,20.0,HOURLY,3.0,
3900942524,"Talent Acquisition Manager, Sourcing and Talent Programs","Provo, UT",Qualtrics,2024-04-17,2024-05-17,,,,,14.0,
3900943120,"Intern, Strategic Communications",Gainesville Metropolitan Area,UF Health,2024-04-17,2024-05-17,,,,,5.0,
3900943121,"Medical Laboratory Assistant, Microbiology/Virology",Gainesville Metropolitan Area,UF Health,2024-04-17,2024-05-17,,,,,6.0,
3900943281,Roofing Consultant,"Minneapolis, MN",W3Global,2024-04-17,2024-05-17,,,,,4.0,
3900943341,"Manager, Program Marketing","New York, NY",Nickelodeon,2024-04-17,2024-05-17,,,,,102.0,11.0
3900943394,Home Health Nurse,"Rutland, VT",HexaQuEST Health Inc,2024-04-17,2024-05-17,,,,,22.0,
3900944095,Order Builder,"Oxford, AL","Coca-Cola Bottling Company UNITED, Inc.",2024-04-17,2024-05-17,,,,,4.0,
3900945106,OT SCADA Engineer,"Austin, TX",Ørsted,2024-04-17,2024-05-17,,,,,3.0,
3900945116,Marketing Intern (Tik Tok),Los Angeles Metropolitan Area,dataing,2024-04-17,2024-05-17,,,,,2.0,
3900945176,Senior Manager of Development and Communications,"Chicago, IL",Chicago Learning Exchange,2024-04-17,2024-05-17,,65000.0,75000.0,YEARLY,4.0,
3900945491,Adobe Platform Architect / Lead,"New York, United States",Nityo Infotech,2024-04-17,2024-05-17,,,,,2.0,
3900946488,Physical Therapist (PT),"Kennewick, WA",Life Care Centers of America,2024-04-17,2024-05-17,,,,,6.0,
3900946726,Tauber Marketing Specialist,"Ann Arbor, MI",University of Michigan,2024-04-17,2024-05-17,,63000.0,70000.0,YEARLY,32.0,3.0
3900947017,Senior Data Scientist,United States,"Sprout Social, Inc.",2024-04-17,2024-05-17,,145000.0,175000.0,YEARLY,9.0,2.0
3900947708,Seamster/Seamstress - (Seasonal),"Atlantic City, NJ",Golden Nugget Las Vegas,2024-04-17,2024-05-17,,,,,4.0,
3900947824,Senior Manager Marketing Operations,"Seattle, WA",Aquent Talent,2024-04-17,2024-05-17,,68.0,72.0,HOURLY,2.0,
3900947846,Bilingual Territory Sales Manager,"Columbia, MO",Performance Foodservice,2024-04-17,2024-05-17,,,,,4.0,
3900948364,Certified Nursing Assistant (CNA),"Puyallup, WA",Life Care Centers of America,2024-04-17,2024-05-17,,,,,8.0,
3900948960,Sales Support Specialist,"Miami, FL",Master Electronics,2024-04-17,2024-05-17,,18.0,20.0,HOURLY,6.0,
3900949915,Director of Business Development,"Troy, MI",Brightwing,2024-04-17,2024-05-17,,,,,150.0,29.0
3900950452,Case Manager (Family Support & Connections),"McMinnville, OR",Lutheran Community Services Northwest,2024-04-17,2024-05-17,,,,,6.0,1.0
3900950646,"VP, Sales","Rice, MN",Performance Foodservice,2024-04-17,2024-05-17,,,,,7.0,
3900950809,Finance Analyst II,"Florida, United States",Centene Corporation,2024-04-17,2024-05-17,,,,,11.0,2.0
3900950925,Central Sterile Processing Technician,"Cumberland, MD",UPMC,2024-04-17,2024-05-17,,,,,5.0,
3900951624,Senior Engineer DEFI,Los Angeles Metropolitan Area,Proof of Search,2024-04-17,2024-10-14,,,,,79.0,16.0
3900951957,"EHS Lead/Safety Specialist $90-105k (PSM exp req; Paid relo Ridgecrest, CA)","Arizona, United States",#twiceasnice Recruiting,2024-04-17,2024-05-17,,90000.0,105000.0,YEARLY,19.0,1.0
3900952086,Certified Nursing Assistant (CNA),"Rensselaer, IN",Life Care Centers of America,2024-04-17,2024-05-17,,,,,6.0,
3900953309,Warehouse Associate,"Reno, NV",Electrolux Group,2024-04-17,2024-05-17,,,,,5.0,
3900953916,Aircraft Conceptual Design Technical Director,"Poway, CA",General Atomics,2024-04-17,2024-05-17,,140940.0,252293.0,YEARLY,17.0,
3900955064,Residential Alcohol and Other Drugs Coordinator **Parisi House 40hrs**,"San Jose, CA",Momentum for Health,2024-04-17,2024-05-17,,27.27,30.11,HOURLY,7.0,
3900955379,Medical Receptionist,"Plano, TX",XL Pro Staffing and Consulting Group,2024-04-17,2024-05-17,,16.0,18.0,HOURLY,7.0,
3900956639,Data Engineer,"Cupertino, CA",Brillius,2024-04-17,2024-05-17,,,,,34.0,18.0
3900956902,Social Media Coordinator,United States,FlyQuest,2024-04-17,2024-10-14,,,,HOURLY,1003.0,283.0
3900956985,HR Generalist,"Crawfordville, FL",General Dynamics Ordnance and Tactical Systems,2024-04-17,2024-05-17,,,,,7.0,1.0
3900957562,Assistant Property Manager,"San Diego, CA",J&D Management,2024-04-17,2024-10-14,,3200.0,3500.0,MONTHLY,58.0,17.0
3900957584,Data Entry Associate,"Seattle, WA",Russell Tobin,2024-04-17,2024-05-17,,18.0,19.4,HOURLY,26.0,
3900958131,Asst Store Mgr - Service,"Tampa, FL","Williams-Sonoma, Inc.",2024-04-17,2024-05-17,,,,,6.0,
3900958860,Seasonal Assistant General Manager,"Suffolk County, NY","Pyramid Consulting Group, LLC",2024-04-17,2024-05-17,,38.0,41.0,HOURLY,8.0,1.0
3900958918,Relationship/Sr. Relationship Banker FT (40 Hours) Brightwood,"Washington, DC",Truist,2024-04-17,2024-05-17,,,,,4.0,
3900959254,Draw Out/Utility Worker,"Hartsville, SC",Sonoco,2024-04-17,2024-05-17,,,,HOURLY,4.0,
3900959273,Database Developer,"Denver, CO",Russell Tobin,2024-04-17,2024-05-17,,60.0,70.0,HOURLY,21.0,2.0
3900959333,Senior Principal Project Engineer - Space Suit (Onsite),"Houston, TX",Collins Aerospace,2024-04-16,2024-05-17,,118000.0,246000.0,YEARLY,16.0,
3900959635,Senior Project Manager/Scrum Master,"Washington, DC",IBM,2024-04-17,2024-05-17,,97843.0,146764.0,YEARLY,130.0,19.0
3900959783,Reliability Engineer - Biotechnology ,"Boston, MA",Thrive ,2024-04-17,2024-05-17,,,,,20.0,3.0
3900960114,EDI Developer,"Dublin, OH",Amtex Systems Inc.,2024-04-17,2024-05-17,,,,,10.0,1.0
3900960264,Set-up Operator II (CNC) - VS3 - 2nd Shift,"Wooster, OH",Schaeffler,2024-04-17,2024-05-17,,,,,5.0,
3900960601,CNC Operator - Steering (D Shift),"Monroe, GA",Hitachi Astemo,2024-04-17,2024-05-17,,,,,4.0,
3900960673,Senior Facilities Engineer,Greater Pittsburgh Region,Form Energy,2024-04-17,2024-05-17,,,,,15.0,
3900960745,Help Desk Technician,"Golden, CO",Denver Corporate Search | DCS,2024-04-17,2024-05-18,,,,HOURLY,5.0,
3900961236,Program Manager Commercial Initiatives,"Miami, FL",MSC Cruises,2024-04-17,2024-05-17,,,,,46.0,7.0
3900961489,Resource Manager,"Princeton, NJ",Princeton Plasma Physics Laboratory (PPPL),2024-04-17,2024-05-17,,,,,11.0,1.0
3900962170,RN - FT Days - Samaritan Hospital - 4 Pav - MedSurg,"Albany, NY",Trinity Health,2024-04-17,2024-05-17,,36.2,49.95,HOURLY,2.0,
3900962420,Administrative Assistant,"Greater Danville, IL Area",Bunge,2024-04-17,2024-05-17,,,,,15.0,
3900962476,CNC Operator - VTC Machining (E Shift),"Monroe, GA",Hitachi Astemo,2024-04-17,2024-05-17,,,,,5.0,
3900962557,"Middle Market Sr. Relationship Manager/RM (Oil & Gas) – Houston, TX","Houston, TX",Bank of America,2024-04-17,2024-05-17,,,,,6.0,
3900962580,Housekeeping Supervisor,"Jamaica, NY",Remington Hospitality,2024-04-17,2024-05-17,,,,,4.0,
3900962627,Truck Driver,"Fernwood, MS",Wayne-Sanderson Farms,2024-04-17,2024-05-17,,,,,5.0,
3900962651,Health And Safety Manager,"Fort Dodge, IA",Talent Acquisitions Group Inc - Executive Search Firm,2024-04-17,2024-05-17,,,,,30.0,3.0
3900963063,Universal Banker - Gaithersburg - BU,"Gaithersburg, MD",Truist,2024-04-17,2024-05-17,,,,,8.0,
3900963203,G&P Operations Engineer II/III,"Carlsbad, NM",Marathon Petroleum Corporation,2024-04-17,2024-05-17,,101800.0,175400.0,YEARLY,12.0,
3900963305,User Experience Designer,"Seattle, WA",Robert Half,2024-04-17,2024-05-17,,45.0,50.0,HOURLY,74.0,28.0
3900963507,Product Manager - Global Banking Platform,"Plano, TX",myGwork - LGBTQ+ Business Community,2024-04-17,2024-05-17,,,,,22.0,1.0
3900963513,Director of Administration,"Culver City, CA",Servicon,2024-04-17,2024-05-17,,130000.0,180000.0,YEARLY,102.0,13.0
3900963547,Senior Safety Manager,"Auburn, WA",Albertsons Companies,2024-04-17,2024-05-17,,,,,62.0,7.0
3900964188,Nurse Injector,"Sacramento County, CA",Persimmon,2024-04-17,2024-10-14,,,,,5.0,
3900964237,Area Director of Operations (Human Services),"Milwaukee, WI",MyPath,2024-04-17,2024-10-14,,,,,17.0,1.0
3900964349,Key Account Manager,"Auburn Hills, MI",Hirschmann Car Communication GmbH,2024-04-17,2024-05-17,,,,,51.0,9.0
3900965350, Store Manager - Alderwood Mall,"Lynnwood, WA",POP MART,2024-04-17,2024-05-17,,67725.0,75000.0,YEARLY,17.0,2.0
3900965355,Enrollment Specialist II,United States,UST HealthProof,2024-04-17,2024-05-17,,35360.0,39520.0,YEARLY,24.0,2.0
3900965405,Cyber Security Operations Manager,"Newark, CA","I.T. Solutions, Inc.",2024-04-17,2024-05-17,,,,,22.0,2.0
3900966088,"Sales Enablement, Senior Manager",United States,Medallia,2024-04-17,2024-05-17,,123200.0,221000.0,YEARLY,109.0,14.0
3900966101,Vehicle Service Agent,"Portland International Airport, Oregon, United States",SIXT,2024-04-16,2024-05-17,,,,,6.0,
3900966144,Opentext Extreme Developer,"Birmingham, AL",Compunnel Inc.,2024-04-17,2024-05-17,,,,,25.0,2.0
3900966234,Global Financial Crimes Specialist,"Charlotte, NC",Bank of America,2024-04-17,2024-05-17,,,,,9.0,1.0
3900966358,Sourcer,United States,Talent Acquisitions Group Inc - Executive Search Firm,2024-04-17,2024-05-17,,,,,28.0,3.0
3900967007,Sales Account Executive,"Lansing, MI",Small Business Association of Michigan,2024-04-17,2024-10-14,,,,,25.0,3.0
3900975990,Industrial Engineering Manager,"Seattle, WA",Blue Origin,2024-04-18,2024-05-18,,,,,18.0,2.0
3900976550,Administrative Assistant/Sr. Administrative Assistant - TORTS,"Brooklyn, NY",Metropolitan Transportation Authority,2024-04-17,2024-05-17,,,,,12.0,1.0
3900976963,Truck Driver - Local Class A - Penske Logistics,"Decatur, AL",Penske Logistics,2024-04-18,2024-05-18,,,,,8.0,
3900977234,"Manager, Communications,","Deerfield, IL",Baxter International Inc.,2024-04-17,2024-05-17,,,,,6.0,
3900977722,Respiratory Therapist / Nurse,"Largo, FL",Lincare,2024-04-18,2024-05-18,,,,,6.0,
3900977761,Body Shop Technician I,"Tucson, AZ",Penske Truck Leasing,2024-04-18,2024-05-18,,,,,4.0,
3900977782,Manufacturing Engineer,"Dexter, MI",SKF Group,2024-04-18,2024-05-18,,,,,20.0,2.0
3900978350,Tax Preparer,Greater Houston,"Howard CPA, LLC",2024-04-17,2024-10-14,,,,,3.0,
3900978736,HR Coordinator,"Atlanta, GA",WestRock Company,2024-04-18,2024-05-18,,,,,21.0,7.0
3900978792,Regional Finance Process Manager,"Lansdale, PA",SKF Group,2024-04-18,2024-05-18,,,,,11.0,
3900979233,Ultrasound Technologist,"Phoenix, AZ",SRPMIC CLINICAL SERVICES,2024-04-17,2024-05-17,,,,,2.0,
3900979291,GC Retail Lessons Lead Store 817,"Colonie, NY",The Guitar Center Company,2024-04-17,2024-05-17,,,,,4.0,
3900979658,"Internal Communications Specialist,","Naperville, IL",ALDI USA,2024-04-18,2024-05-18,,,,,26.0,4.0
3900979710,Substitute - Program Leader - BASE,"Parker, CO",Douglas County School District,2024-04-18,2024-05-18,,,,,4.0,
3900979749,Accountant,"Boston, MA",Coverys,2024-04-18,2024-05-18,,60500.0,82000.0,YEARLY,12.0,1.0
3900980000,Faculty Dentist,San Francisco Bay Area,Diablo Valley College,2024-04-17,2024-05-17,,,,,3.0,
3900980571,Customer Service Rep,"Frederick, CO",Lincare,2024-04-18,2024-05-18,,,,,5.0,
3900980590,Bilingual Oregon Needs Assessment (Developmental Disabilities Associate 2) - Health & Human Services,"Salem, OR",The Job Network,2024-04-18,2024-05-18,,,,,5.0,
3900980802,Line Attendant (2nd shift),"Brooklyn, NY",Schwan's Company,2024-04-18,2024-05-18,,,,,5.0,
3900980981,Inside Unlicensed Sales Agent,United States,National General,2024-04-17,2024-05-18,,18800.0,100000.0,YEARLY,6.0,
3900981039,IT Technician - Bilingual ,"Los Angeles, CA",Cloud Destinations,2024-04-17,2024-05-17,,,,,6.0,1.0
3900981052,Production Manager,"Pleasant Prairie, WI","IRIS USA, Inc.",2024-04-17,2024-05-17,,,,,30.0,3.0
3900981512,Software Engineer – Streaming Search (Remote),"New York, NY",CrowdStrike,2024-04-18,2024-05-18,,,,,270.0,84.0
3900981814,Production Team Member 3rd Shift,"Platteville, WI",Emmi Roth,2024-04-18,2024-05-18,,,,,6.0,
3900981876,Roll Off Driver - CDL (B),"Fort Collins, CO",Republic Services,2024-04-17,2024-05-18,,18.24,28.66,HOURLY,4.0,
3900982509,Territory Account Manager,"Houston, TX",SKF Group,2024-04-18,2024-05-18,,,,,13.0,
3900982870,Inside Unlicensed Sales Agent,United States,National General,2024-04-17,2024-05-18,,,,,7.0,
3900983038,Machining - Grinding Specialist,"Muskegon, MI",SKF Group,2024-04-18,2024-05-18,,,,,6.0,
3900983039,Machine Operator,"Dexter, MI",SKF Group,2024-04-18,2024-05-18,,,,,4.0,
3900986006,Staff Accountant (140764),"Bronx, NY",Atrium,2024-04-17,2024-05-18,,60000.0,75000.0,YEARLY,5.0,
3900987020,Assistant/Associate Planner,San Francisco Bay Area,Good City Company,2024-04-18,2024-10-15,,80000.0,130000.0,YEARLY,56.0,5.0
3900987236,"Senior Manager, Media Planning","Carlisle, PA",Epsilon,2024-04-18,2024-05-18,,,,,7.0,
3900988002,Marketing Specialist,United States,,2024-04-18,2024-05-18,,,,,63.0,20.0
3901161336,US Experienced Financial Advisor,"Burlington, ME",Edward Jones,2024-04-16,2024-05-16,,,,,4.0,
3901165617,Workday - Associate Director,"McLean, VA",Guidehouse,2024-04-16,2024-05-16,,144400.0,216600.0,YEARLY,5.0,
3901168742,Credentialing Specialist - Hybrid Onsite,Nashville Metropolitan Area,Vector Talent Resources,2024-04-16,2024-05-16,,,,HOURLY,7.0,
3901169579,Mental Health Therapist,"Southgate, MI",The Guidance Center,2024-04-16,2024-05-16,,,,YEARLY,12.0,
3901169582,Senior UI Developer,"Sunnyvale, CA",Headway Tek Inc,2024-04-16,2024-05-16,,,,,60.0,19.0
3901169672,Contracts Advisor,"Houston, TX",DNV,2024-04-16,2024-05-16,,,,,12.0,1.0
3901169746,District Manager,"New Orleans, LA",Mobilelink,2024-04-16,2024-05-16,,,,,8.0,1.0
3901170140,Lead Data Engineer with Strong Scala (10 Years Minimum),"Bristol, CT",Info Services,2024-04-16,2024-05-16,,,,,27.0,14.0
3901170231,Refrigeration Project Manager - Refrigeration Division,"Canton, GA",Place Services Inc.,2024-04-16,2024-05-16,,,,,25.0,2.0
3901173485,Front Desk Receptionist,"Farmingdale, NY","Network Adjusters, Inc.",2024-04-16,2024-10-13,,,,,45.0,2.0
3901173723,Cleaner,"Keene, NH",Cushman & Wakefield,2024-04-16,2024-05-16,,,,,5.0,
3901174574,Electrical and Controls Associate,"Floyd, VA",Hollingsworth & Vose,2024-04-16,2024-05-16,,,,,5.0,
3901176261,Sales Representative - Core Sales (SW Florida Region),Greater Tampa Bay Area,MAPEI USA,2024-04-16,2024-05-16,,,,,29.0,2.0
3901176513,Senior Creative Producer,"New York, NY",Cella,2024-04-16,2024-05-16,,,,,8.0,1.0
3901177350,Sales Coordinator,United States,"Corrpro Companies, Inc.",2024-04-16,2024-05-16,,,,,46.0,15.0
3901180022,Reliability Engineer,"Markham, IL",Cushman & Wakefield,2024-03-22,2024-05-16,,,,,3.0,
3901180686,Laboratory Care Technician,"Edina, MN",Fairview Health Services,2024-04-16,2024-05-16,,,,,4.0,
3901182391,Sales Director - Biotech,"Massachusetts, United States",Mantell Associates,2024-04-16,2024-05-16,,,,,29.0,3.0
3901185123,Retail Operations Manager,"Denver, CO",Swedish Match North America,2024-04-16,2024-05-16,,125000.0,166500.0,YEARLY,64.0,7.0
3901339548,Fulfillment Lead,United States,,2024-04-18,2024-10-15,,80000.0,120000.0,YEARLY,18.0,4.0
3901341707,Quality Manager,"Mason City, IA","Church & Dwight Co., Inc.",2024-04-18,2024-05-18,2024-04-18,,,,6.0,
3901342767,Client Services Associate,"Riverview, FL",FIG Talent Solutions,2024-04-18,2024-05-18,,,,,3.0,
3901342782,MAC Specialist,"Santa Clara, CA","Tanisha Systems, Inc",2024-04-18,2024-05-18,,,,,5.0,
3901343672,Senior Software Engineer - Data Platforms,"New York, NY",Curinos,2024-04-18,2024-05-18,,110000.0,140000.0,YEARLY,9.0,2.0
3901344564,General Dentist,"Murrells Inlet, SC",,2024-04-18,2024-05-18,,150000.0,200000.0,YEARLY,2.0,
3901344637,Security Engineer,"Herndon, VA","KR3 Information Systems, Inc.",2024-04-18,2024-05-18,,,,,135.0,32.0
3901344663,Salesforce Consultant,"Richardson, TX",EPITEC,2024-04-18,2024-05-18,,50.0,60.0,HOURLY,15.0,3.0
3901344978,Director of Provider Compensation,"Tampa, FL",Vaco,2024-04-18,2024-05-02,,150000.0,160000.0,YEARLY,26.0,4.0
3901345519,Licensing Coordinator,"New York, NY",Adjmi Apparel Group,2024-04-18,2024-05-18,,55000.0,62000.0,YEARLY,11.0,
3901345529,Security Engineer(Only W2),"Charlotte, NC",Intellibee Inc,2024-04-18,2024-05-18,,,,,19.0,2.0
3901345902,Full Time Sales Associate | Valley Fair,"Santa Clara, CA",Diptyque Paris,2024-04-18,2024-05-18,,23.0,25.0,HOURLY,46.0,3.0
3901346516,Clinical Research Coordinator,"Boston, MA",Hub Technology Group,2024-04-18,2024-05-18,,25.0,30.0,HOURLY,3.0,
3901347350,Estimator,"Chicago, IL",LHH,2024-04-18,2024-05-18,,,,,19.0,1.0
3901347414,Financial Analyst,"Ridgefield Park, NJ",Transcend Solutions,2024-04-18,2024-05-18,,,,,89.0,14.0
3901348206,On-Site Recruiter,"San Antonio, TX",XL Pro Staffing and Consulting Group,2024-04-18,2024-05-18,,,,,7.0,
3901348242,SAP Time consultant,United States,SLRIS,2024-04-18,2024-05-18,,,,,3.0,
3901348441,Deburr Technician - 3rd Shift,"Sidney, OH",Ingersoll Rand,2024-04-18,2024-05-18,,,,,2.0,
3901348576,Staff Engineer Region Supervisor,"Bridgeport, NJ",Xylem,2024-04-18,2024-05-18,,,,,7.0,
3901349155,Project Manager – Innovation ,"Alabaster, AL","Kelly Science, Engineering, Technology & Telecom",2024-04-18,2024-05-18,,120000.0,140000.0,YEARLY,3.0,1.0
3901349258,Service Technician,"Nashville, TN",Ingersoll Rand,2024-04-18,2024-05-18,,,,,4.0,
3901349577,Production Technician ,"Waltham, MA",GelSight,2024-04-18,2024-10-15,,,,,13.0,
3901349830,Senior Plant Engineer (Cell Therapy),"Philadelphia, PA",Planet Pharma,2024-04-18,2024-05-18,,135000.0,150000.0,YEARLY,21.0,2.0
3901350013,"Senior Software Engineer, Payments",United States,TCGplayer (an eBay company),2024-04-18,2024-05-18,,135200.0,205700.0,YEARLY,140.0,30.0
3901350086,Creative Director,"Bentonville, AR","MOjO Marketing, Inc.",2024-04-18,2024-10-15,,,,,105.0,16.0
3901350097,Retail Merchandising & Inventory Supervisor,"Peachtree City, GA",Staples Stores,2024-04-18,2024-05-18,,,,,4.0,
3901350204,"Staff Nurse II, Intensive Care-Med/Surg Ashby","Berkeley, CA",Sutter Health,2024-04-18,2024-05-18,,72.88,98.62,HOURLY,4.0,
3901350205,Nutrition Service Aide,"Santa Rosa, CA",Sutter Health,2024-04-18,2024-05-18,,22.46,27.92,HOURLY,4.0,
3901350390,Mechanical Design Engineer,"Vienna, OH","Millwood, Inc. Packaging Supplies & Equipment",2024-04-18,2024-05-18,,,,,8.0,
3901350600,Field Service Technician,"Wilmington, NC",Diebold Nixdorf,2024-04-18,2024-05-18,,,,,4.0,
3901350880,Maritime Robotics Systems Engineer,Baton Rouge Metropolitan Area,Integer Technologies LLC,2024-04-18,2024-05-18,,,,,34.0,5.0
3901351222,Callidus CPQ Business Architect,United States,Codebase Inc,2024-04-18,2024-05-18,,,,,13.0,1.0
3901352052,Sales Development Representative,"Woburn, MA",iCorps Technologies,2024-04-18,2024-05-18,,,,,2.0,
3901352798,"Optometric Technician, Part-Time - Fulton Market","Chicago, IL",Warby Parker,2024-04-18,2024-05-18,,,,,3.0,
3901353219,Frontend Developer,United States,TurnCare™,2024-04-18,2024-05-18,,135000.0,155000.0,YEARLY,12.0,6.0
3901353774,Business Analyst with ERP exposure with Manufacturing vertical background.,"Houston, TX",TekNavigators Staffing,2024-04-18,2024-05-18,,,,,48.0,9.0
3901353904,ServiceNow Developer TS/SCI Poly Required,"Baltimore, MD",Deloitte,2024-04-18,2024-05-18,,,,,7.0,
3901353977,"Sales Lead - Part-time Chico's Outlet - Jersey Shore Premium Outlets - Tinton Falls, NJ","Tinton Falls, NJ","Chico's FAS, Inc.",2024-04-18,2024-05-18,,,,,6.0,
3901354003,"Authorization Coordinator III, Work From Home, Utah Only","West Valley City, UT",Sutter Health,2024-04-18,2024-05-18,,22.07,28.68,HOURLY,7.0,
3901354010,Sterile Processing Technician II,"Auburn, CA",Sutter Health,2024-04-18,2024-05-18,,,,,5.0,
3901354349,Senior Electrical Engineer,"Livonia, MI",KYYBA Inc,2024-04-18,2024-05-18,,,,,6.0,
3901354762,"Digital Marketing Sales Representative: San Antonio, TX","San Antonio, TX",RevLocal,2024-04-18,2024-05-18,,,,,7.0,
3901354794,Java Production Support with SRE,"Sunnyvale, CA","Tanisha Systems, Inc",2024-04-18,2024-05-18,,,,,34.0,12.0
3901354984,Payroll Implementation Consultant,United States,PuzzleHR,2024-04-18,2024-05-18,,29.0,32.0,HOURLY,146.0,34.0
3901355166,Junior Staff Accountant,"Portland, OR",CorVel Corporation,2024-04-18,2024-05-18,,21.16,34.04,HOURLY,11.0,3.0
3901355524,AI Content Writer,Greater Tampa Bay Area,DataAnnotation,2024-04-18,2024-05-18,,,,,19.0,5.0
3901355672, Field Technical Support Rep,"Biddeford, ME",Randstad,2024-04-18,2024-05-18,,,,,38.0,1.0
3901355793,Manager Trainee,"Harrisburg, PA","J.B. Hunt Transport Services, Inc.",2024-04-18,2024-05-18,,,,,5.0,
3901356033,Supervisor/Manager Part-Time,"Foley, AL",Claire's,2024-04-18,2024-05-18,,,,,5.0,
3901356315,Loan Servicing Sr Specialist,"Johnston, RI",Citizens,2024-04-18,2024-05-18,,,,,15.0,1.0
3901356407,Dental Assistant,"Anaheim, CA",,2024-04-18,2024-10-15,,,,,5.0,
3901357201,Outside Sales Representative,"Indianapolis, IN",City Wide Facility Solutions (Indianapolis),2024-04-18,2024-10-15,,,,,24.0,5.0
3901357635,Global Marketing Manager,"Benton Harbor, MI",Whirlpool Corporation,2024-04-18,2024-05-18,,,,,8.0,
3901357639,Marketing Intern Summer 2024 - CMTA Midwest,"Minneapolis, MN","CMTA, Inc.",2024-04-18,2024-05-18,,,,,13.0,3.0
3901357921,Clinical Supervisor- Adult Services- Medina,"Medina, OH",OhioGuidestone,2024-04-18,2024-05-18,,,,,2.0,
3901358132,Environmental Technician,"Oklahoma City, OK",ALTAMIRA,2024-04-18,2024-05-18,,,,HOURLY,19.0,2.0
3901358697,Senior IT Project Manager,"New York, United States",Fidelis Care,2024-04-18,2024-05-18,,83600.0,155000.0,YEARLY,40.0,19.0
3901359157,Automotive Technician,"Bremerton, WA",,2024-04-18,2024-10-15,,,,,9.0,
3901360433,Temporary Researcher,"Boulder, CO",University of Colorado Boulder,2024-04-18,2024-05-18,,,,,16.0,
3901360448,Digital Sales Service Executive,"New York, NY",Univision,2024-04-18,2024-05-18,,63000.0,85000.0,YEARLY,8.0,
3901360687,Sales Associate - Part Time,"Elizabeth, NJ",AM Retail Group,2024-04-18,2024-05-18,,,,,6.0,
3901360891,Fitness Specialist,"Anderson, SC",Ageility,2024-04-18,2024-05-18,,,,,5.0,
3901362177,Salesperson- Remote opportunity! No experience necessary! 65k-180k,United States,McManamon Financial Group,2024-04-18,2024-05-18,,65000.0,180000.0,YEARLY,194.0,53.0
3901362966,Parking Analyst I (NCS) - Parking Authority Baltimore City,"Baltimore, MD",City of Baltimore,2024-04-18,2024-05-18,,,,HOURLY,2.0,
3901363284,Senior Manager - Digital Product Mgmt,"Phoenix, AZ",American Express,2024-04-18,2024-05-18,,90000.0,165000.0,YEARLY,22.0,6.0
3901363782,Facilities Technician II,"Seattle, WA",The Museum of Flight,2024-04-18,2024-05-18,,,,,4.0,
3901364521,Warehouse Fulfillment Supervisor Full Time,"Rochester, NY",BJ's Wholesale Club,2024-04-18,2024-05-18,,16.5,20.63,HOURLY,3.0,
3901364752,Licensed Practical Nurse- Per Diem,"Waterbury, CT",Trinity Health,2024-04-18,2024-05-18,,,,,4.0,
3901365224,"Registered Nurse, Family Birthing Center, Per Diem","Manchester, CT",Eastern Connecticut Health Network (ECHN),2024-04-18,2024-05-18,,,,,4.0,
3901366301,Deli Clerk Part Time,"La Vergne, TN",BJ's Wholesale Club,2024-04-18,2024-05-18,,,,HOURLY,4.0,
3901366615,Accounts Receivable Specialist,"Kansas City, KS",Orange EV,2024-04-18,2024-05-18,,,,,5.0,1.0
3901366622,EHS Specialist,"Trenton, NJ",Trane Technologies,2024-03-24,2024-05-18,,80000.0,95000.0,YEARLY,10.0,1.0
3901367309,Bakery Clerk Part Time,"Lewis Center, OH",BJ's Wholesale Club,2024-04-18,2024-05-18,,,,HOURLY,4.0,
3901367545,Patient Access Representative,"Rockford, MI",Trinity Health,2024-03-24,2024-05-18,,,,,4.0,
3901368116,Network Analyst Specialist,"Cincinnati, OH",FIS,2024-04-18,2024-05-18,,,,,9.0,
3901369105,Regional Logistics Supplier Manager (Logistics Analyst III),"Austin, TX",Russell Tobin,2024-04-18,2024-05-18,,45.0,54.0,HOURLY,32.0,5.0
3901369642,Infrastructure Engineer,"St Cloud, MN",SmartSource Technical Solutions,2024-04-18,2024-05-18,,100000.0,120000.0,YEARLY,41.0,8.0
3901370032,Digitalization Demand Manager,"Orlando, FL",Siemens,2024-04-18,2024-05-18,,66500.0,139080.0,YEARLY,6.0,
3901371447,Internal Wholesaler,"Harrisburg, PA",Truist,2024-04-18,2024-05-18,,,,,3.0,
3901371751,WKO AML Escalation Analyst,"Chicago, IL",JPMorgan Chase & Co.,2024-04-18,2024-05-18,2024-04-18,,,,19.0,
3901372027,Management Trainee,"Los Angeles, CA",Enterprise Mobility,2024-04-17,2024-05-18,,,,YEARLY,7.0,
3901372326,Senior Systems Analyst,"San Antonio, TX",Marathon Petroleum Corporation,2024-04-18,2024-05-18,,,,,6.0,
3901372502,Human Resources Coordinator,"New York, NY",Indotronix International Corporation,2024-04-18,2024-05-18,,,,,98.0,19.0
3901372719,Laboratory Manager,"Gainesville, FL",HCA Healthcare,2024-04-18,2024-05-18,,,,,6.0,
3901372890,Compliance Analyst II,"Rochester, New York Metropolitan Area",University of Rochester Medical Center,2024-04-18,2024-05-18,,,,,7.0,
3901372905,Attorney/Lawyer,"Topeka, KS","Stange Law Firm, PC",2024-04-18,2024-05-18,,,,YEARLY,11.0,1.0
3901373261,Clinical Paramedic,"Garyville, LA",Marathon Petroleum Corporation,2024-04-18,2024-05-18,,,,,6.0,
3901373400,Sr. Software Engineer - (Full Stack),"Los Angeles, CA","Everest Consultants, Inc.",2024-04-18,2024-05-18,,65.0,80.0,HOURLY,362.0,135.0
3901373985,Reporting Analyst,"Trenton, NJ",Select Source International,2024-04-18,2024-05-18,,,,,23.0,1.0
3901374221,Bioinformatics Data Engineer,United States,United Consulting Hub,2024-04-18,2024-05-18,,,,,134.0,52.0
3901374293,Director Operations Hospital (Pet/ Human) - Direct Hire - California - Onsite,"Culver City, CA",,2024-04-18,2024-05-18,,150000.0,170000.0,YEARLY,6.0,1.0
3901374545,Intern - Chemist/Biologist,"Lorton, VA",Systems Planning & Analysis,2024-04-18,2024-05-18,,,,,7.0,
3901374722,Senior Accountant,Atlanta Metropolitan Area,The Intersect Group,2024-04-18,2024-05-18,,100000.0,120000.0,YEARLY,9.0,
3901375642,MacOS Platform Engineer,United States,Apex Systems,2024-04-18,2024-05-18,,,,,101.0,18.0
3901376187,Business Systems Analyst,"Dallas, TX",Romack Inc.,2024-04-18,2024-05-18,,,,,97.0,23.0
3901376515,Software Project Scheduler,"New York, United States",Aversan Inc.,2024-04-18,2024-05-18,,,,,2.0,
3901376565, Entrepreneurial Agency Owner,"Milwaukee, WI",AAA-The Auto Club Group,2024-04-18,2024-05-18,,,,,10.0,
3901376605,Quantitative Developer (VAR and MATLAB exp) (W2 or 1099 only),"Dallas, TX","Infotech Spectrum Inc,",2024-04-18,2024-05-18,,,,,30.0,1.0
3901377193,University Police Officer,"Princeton, NJ",Princeton University,2024-04-18,2024-05-18,,,,,3.0,
3901377235,Registered Nurse- NICU,"Mission, TX",Mission Regional Medical Center,2024-04-18,2024-05-18,,,,,6.0,
3901377342,External Audit Manager: Consumer Industrial Products Services,"Cincinnati, OH",PwC,2024-04-17,2024-05-18,,,,,2.0,
3901377429,OME Engineer,"Irving, TX",World Wide Technology,2024-04-18,2024-05-18,,,,,56.0,3.0
3901377667,Tech Sales Representative,"Jacksonville, FL",Brooksource,2024-04-18,2024-05-18,,,,,3.0,
3901378098,Regional Vice President - Western Region,"La Mirada, CA","Makita U.S.A., Inc.",2024-04-18,2024-05-18,,145000.0,160000.0,YEARLY,39.0,5.0
3901378386,Senior Operator IV - 2nd Shift,"Sinking Spring, PA",Alcon,2024-04-18,2024-05-18,,,,,4.0,
3901378426,Search Engine Optimization Manager,United States,HR Growth Partners LLC,2024-04-18,2024-05-18,,125000.0,155000.0,YEARLY,70.0,30.0
3901378510,Retail Assistant Store Manager (Full Time) - Outlet Shoppes at Oklahoma,"Oklahoma City, OK",Skechers,2024-04-18,2024-05-18,,,,,3.0,
3901378533,Vendor Management Coordinator,"Tampa, FL",WTW,2024-04-18,2024-05-18,,55000.0,65000.0,YEARLY,9.0,
3901378554,Information Technology Sourcing Manager,"Michigan, United States",EPITEC,2024-04-18,2024-05-18,,40.0,60.0,HOURLY,8.0,1.0
3901378716,"Senior Manager, Medical Communications Rare",United States,Alnylam Pharmaceuticals,2024-04-18,2024-05-18,,,,,7.0,
3901379240,Laboratory Support Specialist / Phlebotomist / PRN,"Mansfield, TX",Methodist Health System,2024-04-18,2024-05-18,,,,,3.0,
3901379399,Web Developer,San Francisco Bay Area,DataAnnotation,2024-04-18,2024-05-18,,,,,74.0,12.0
3901379553,Marketing Intern,"University Park, IL",IMI,2024-04-18,2024-05-18,,,,,4.0,
3901380005,System Engineer,"Phoenix, AZ",The Intersect Group,2024-04-18,2024-05-18,,,,,34.0,7.0
3901381048,Blue Yonder Developer,"Charlotte, NC",Eliassen Group,2024-04-18,2024-05-18,,130000.0,150000.0,YEARLY,16.0,
3901388275,Mechanic,"Garden City, TX","Medallion Midstream, LLC",2024-04-18,2024-05-18,,,,,4.0,
3901388770,Director of Land Development ,"Houston, TX",Kaye/Bassman International,2024-04-18,2024-05-18,,,,,11.0,
3901389640,Associate Executive Protection Specialist,"San Diego County, CA",Concentric,2024-04-18,2024-05-19,,39.9,39.9,HOURLY,2.0,
3901389688,Salesforce Financial service cloud tech lead,United States,Diverse Lynx,2024-04-18,2024-05-18,,,,,11.0,2.0
3901389932,Maintenance Manager,"Cumberland County, NJ",LHH,2024-04-18,2024-05-18,,110000.0,135000.0,YEARLY,3.0,
3901390094,"Vice President Marketing (High Growth, B2B SaaS)","Palo Alto, CA",Iopa Solutions,2024-04-18,2024-05-18,,220000.0,280000.0,YEARLY,64.0,18.0
3901390104,Business Analyst,"Cheyenne, WY","LanceSoft, Inc.",2024-04-18,2024-05-18,2024-04-18,,,,35.0,
3901390160,Corporate Fleet Trainer,"Los Angeles, CA",Maria Alexander Professional Services LLC,2024-04-18,2024-05-18,,120000.0,140000.0,YEARLY,3.0,
3901390226,Psychiatric Technician,"Oceanside, CA",Jackson Healthcare,2024-04-18,2024-05-18,,,,,9.0,
3901390531,Cisco Firewall Network Engineer,"Pomona, CA",Softpath Systems Pvt Ltd,2024-04-18,2024-05-18,,,,,20.0,4.0
3901390662,Commercial Real Estate Agent,Greater Houston,Elanden Advisors,2024-04-18,2024-05-18,,,,,9.0,
3901390899,Production Specialist 7am-3:30pm,"Columbus, Georgia, United States",The Reserves Network,2024-04-18,2024-05-18,,,,,4.0,
3901391088,NMC_000217 - Sales Analyst (W2 Only),"Plano, TX",New Millenium Consulting,2024-04-18,2024-05-18,,,,,11.0,1.0
3901391116,Social Media Coordinator,United States,Confidential,2024-04-18,2024-05-18,,,,,162.0,59.0
3901391433,Heating Air Conditioning Technician,"Oklahoma City, OK","Familia Mechanical, LLC",2024-04-18,2024-05-18,,,,,3.0,
3901391485,Director of Sales and Marketing,"Hartford, CT",Gecko Hospitality (Corporate),2024-04-18,2024-05-18,,,,,18.0,2.0
3901391997,Customer Service Advocate,"Atlanta, GA",WestRock Company,2024-04-18,2024-05-18,,,,,3.0,
3901392012,Maintenance Engineer,"Stanton, TN","Kelly Science, Engineering, Technology & Telecom",2024-04-18,2024-05-18,,70000.0,105000.0,YEARLY,3.0,
3901392127,Data Analyst,Omaha Metropolitan Area,DataAnnotation,2024-04-18,2024-05-18,,,,,37.0,1.0
3901392132,Senior Underwriter,"Orem, UT",National Processing,2024-04-18,2024-10-15,,,,,24.0,1.0
3901392197,SAP PS (Project Systems) Consultant,United States,"Miracle Software Systems, Inc",2024-04-18,2024-05-18,,,,,15.0,1.0
3901392463,"Project Architect (Commercial Office, Corporate Office, Testing, Research & Development Sites)","Dearborn, MI",CBRE,2024-04-18,2024-05-18,,,,,36.0,3.0
3901392475,Project Coordinator/Director,"Loves Park, IL",Insight Global,2024-04-18,2024-05-18,,50.0,85.0,YEARLY,2.0,
3901392741,Software Engineer,"San Jose, CA",Insight Global,2024-04-18,2024-05-18,,115000.0,155000.0,YEARLY,32.0,13.0
3901392779,GC Retail Sales Associate Store 465,"McAllen, TX",The Guitar Center Company,2024-04-18,2024-05-18,,,,,1.0,
3901392785,Litigation Legal Assistant,"Fort Worth, TX",Whitaker Chalk Swindle & Schwartz PLLC,2024-04-18,2024-05-18,,60000.0,65000.0,YEARLY,5.0,
3901393229,Accountant II-Financial Reporting ,"Rancho Cucamonga, CA",IEHP,2024-04-18,2024-05-18,,80059.2,106059.2,YEARLY,23.0,3.0
3901393421,Patient Transporter,"Weymouth, MA",South Shore Health,2024-04-18,2024-05-18,,,,,4.0,
3901393464,Data Science Intern DIN46,United States,Data Glacier,2024-04-18,2024-05-18,,,,,47.0,14.0
3901394076,Senior Account Executive,United States,SYSPRO Americas,2024-04-18,2024-05-18,,100000.0,115000.0,YEARLY,22.0,4.0
3901394135,"Executive Assistant, Donor & Partner Operations","Chicago, IL",Chicago CRED,2024-04-18,2024-10-15,,,,,74.0,11.0
3901394192,Mechanical Engineer II - USA,"Irvine, CA",iConn Technologies,2024-04-18,2024-10-15,,,,,14.0,3.0
3901395298,Software Developer,Cincinnati Metropolitan Area,DataAnnotation,2024-04-18,2024-05-18,,,,,21.0,1.0
3901395316,Senior Instructional Designer,"Sacramento, CA",Randstad Digital Americas,2024-04-18,2024-05-18,,,,HOURLY,65.0,9.0
3901395815,Associate Director- Automation Integration & System Protection,United States,Ulteig,2024-04-18,2024-05-18,,,,YEARLY,5.0,
3901396930,Senior Staff Accountant,"Philadelphia, PA","Concorde, Inc",2024-04-18,2024-05-18,,50000.0,60000.0,YEARLY,7.0,
3901397279,Controller,"Phoenix, AZ",Vaco,2024-04-18,2024-05-02,,115000.0,140000.0,YEARLY,2.0,
3901399079,Quality Technician,"Woodridge, IL",WestRock Company,2024-04-18,2024-05-18,,,,,3.0,
3901399085,Cutt Off Operator,Greater Orlando,WestRock Company,2024-04-18,2024-05-18,,17.95,19.56,HOURLY,3.0,
3901460656,Data Engineer,"Los Angeles, CA",Infojini Inc,2024-04-15,2024-05-15,,,,,227.0,126.0
3901463071,Digital Court Reporter - Legal Audio / Visual Technician,"Charleston, WV",Planet Depos,2024-04-15,2024-05-15,,22.0,24.0,HOURLY,5.0,1.0
3901465819,Quality Assurance Manager,"Mason City, IA",MJ Recruiters,2024-04-15,2024-05-15,,,,,4.0,
3901468983,Staff Accountant,"Birmingham, AL",Sterling Search Partners,2024-04-15,2024-05-15,,55000.0,70000.0,YEARLY,4.0,
3901472360,Senior QA Analyst,"Ewing, NJ",GS1 US,2024-04-15,2024-05-15,,,,,16.0,7.0
3901478390,Project Manager (Ariba and ServiceNow),"Atlanta, GA",Mindlance,2024-04-15,2024-05-15,,60.0,65.0,HOURLY,25.0,4.0
3901482613,Food Service Team Member,"Lewiston, ME",Nouria,2024-04-15,2024-05-15,,,,,5.0,
3901484653,"Executive Director, Clinical Biomarkers",Greater Seattle Area,Skills Alliance,2024-04-15,2024-05-15,,231000.0,276000.0,YEARLY,23.0,1.0
3901484808,"Coordinator, Events","New York, NY",Saks,2024-04-15,2024-05-15,,56000.0,70000.0,YEARLY,1167.0,164.0
3901493337,Market Center Coordinator,"Greensboro, NC",Keller Williams One,2024-04-15,2024-05-15,,30000.0,40000.0,YEARLY,13.0,1.0
3901498343,Director of Risk Management,"Gorham, ME",Goodwill Northern New England,2024-04-15,2024-05-15,,,,,20.0,3.0
3901498946,Demand Generation Manager,"Austin, Texas Metropolitan Area",Alfa Wave Agency,2024-04-15,2024-05-15,,80000.0,120000.0,YEARLY,230.0,95.0
3901561441,Senior Corporate Accountant (1815351),"Atlanta, GA",Tier4 Group,2024-04-16,2024-05-16,,,,,1.0,
3901601893,Inside Sales,"Lake Charles, LA","CAVCO, Inc.",2024-04-15,2024-05-15,,,,,3.0,
3901603644,Executive Assistant,"Lincoln, NE",Stonebrook Exterior,2024-04-15,2024-05-15,,,,,,
3901606769,Postdoctoral Researcher,"Providence, RI",Ocean State Research Institute,2024-04-15,2024-05-15,,,,,13.0,
3901606881,Sales Lead,"Bluffton, SC",Janie and Jack,2024-04-15,2024-05-15,,,,HOURLY,6.0,
3901619537,Associate Broker,Greater Hartford,Burns & Wilcox Brokerage,2024-04-15,2024-05-15,,,,,2.0,
3901621231,Client Accruals Specialist,"New York County, NY",Ropes & Gray LLP,2024-04-15,2024-05-15,,69000.0,108000.0,YEARLY,4.0,
3901623088,Sr. Compliance Analyst with Standards Expert/Enterprise Architect(Only local to Colarado),"Colorado, United States","eSystems, Inc.",2024-04-15,2024-05-15,,,,,9.0,1.0
3901624613,Marketing RFP Manager,"Chicago, IL",LGIM America,2024-04-15,2024-05-15,,,,,2.0,
3901624888,Accountant,"Rochester, NY",Nexus Staff Inc.,2024-04-15,2024-05-15,,,,,7.0,
3901625828,Aerospace Test Engineer,"Pompano Beach, FL",Tata Technologies,2024-04-15,2024-05-15,,60.0,75.0,HOURLY,23.0,4.0
3901626059,Senior Production Engineer,"High Springs, FL",Air Liquide,2024-04-15,2024-07-14,,,,,39.0,1.0
3901627825,Operations Manager (Swing Shift - 2pm to 10pm),"Portland, OR",Kenco Group,2024-04-15,2024-05-15,,,,,2.0,
3901627830,Election Coordinator,"Bismarck, ND","SECRETARY OF STATE, NORTH DAKOTA OFFICE OF THE",2024-04-15,2024-05-15,,55000.0,70000.0,YEARLY,10.0,
3901628217,Systems Engineer,"Herndon, VA",Kavaliro,2024-04-15,2024-05-15,,100000.0,130000.0,YEARLY,7.0,1.0
3901630287,Informatica MDM Developer - W2 Contract,Washington DC-Baltimore Area,Talent Groups,2024-04-15,2024-05-15,,,,,40.0,1.0
3901631914,QC Technician - Lab (Req #: 1712),Greater Orlando,The Middlesex Corporation,2024-04-15,2024-05-15,2024-04-15,,,,15.0,
3901632642,Proprietary Trader,United States,T3 Global,2024-04-15,2024-05-15,,,,,4.0,
3901632813,Merchandise Manager,"Vacaville, CA",Five Below,2024-04-15,2024-05-15,,19.5,21.0,HOURLY,14.0,
3901632933,Sr. RA/QA Specialist l ,"Irvine, CA",Agendia,2024-04-15,2024-10-12,,99000.0,124500.0,YEARLY,124.0,15.0
3901634864, Advanced Procurement Cloud Consultant (Functional) ,United States,Net2Source Inc.,2024-04-15,2024-05-15,,,,,54.0,4.0
3901635892,Senior Fullstack Java Developer,Dallas-Fort Worth Metroplex,"Gardner Resources Consulting, LLC",2024-04-15,2024-05-15,,,,,437.0,199.0
3901636684,Telemetry Registered Nurse,"Newport, RI",MedPro Healthcare Staffing,2024-04-15,2024-05-16,,,,,10.0,
3901636703,US Payroll Manager ($110 – 130k),"California, United States",THG,2024-04-15,2024-05-15,,110000.0,130000.0,YEARLY,39.0,6.0
3901637540,Telemetry Registered Nurse,"Bangor, ME",MedPro Healthcare Staffing,2024-04-15,2024-05-15,,,,,8.0,
3901638416,Med-Surg Registered Nurse,"Oklahoma City, OK",MedPro Healthcare Staffing,2024-04-15,2024-05-15,,,,,6.0,
3901640303,Cert. Surgical Technologist,"Key West, FL",MedPro Healthcare Staffing,2024-04-15,2024-05-16,,,,,8.0,
3901641113,Receptionist,"Allen, TX",eTeam,2024-04-15,2024-05-15,,15.0,15.0,HOURLY,24.0,
3901646421,Estimator,"Odessa, FL",Bauer Foundation Corp.,2024-04-15,2024-05-15,,,,,69.0,12.0
3901646445,Dermatology Area Marketing Manager - Central Region,"Cincinnati, OH",AbbVie,2024-04-15,2024-05-15,,,,,34.0,
3901648043,BDR Intern (Digital Media),"New York, NY","Fluent, Inc",2024-04-08,2024-05-15,,,,HOURLY,105.0,29.0
3901650120,Accountant,"New York, NY",Amtex Systems Inc.,2024-04-15,2024-05-15,,,,,32.0,9.0
3901651122,IT Business Analyst / Delivery Manager,Dallas-Fort Worth Metroplex,"MUFG Investor Services, U.S.",2024-04-15,2024-05-15,,,,,13.0,7.0
3901653181,Accounts Payable Coordinator,"Houma, LA",Cardiovascular Institute of the South,2024-04-15,2024-05-15,,,,,14.0,1.0
3901653635,Cybersecurity Engineer (Trend Micro),United States,BlackLake Security,2024-04-15,2024-05-15,,,,,82.0,10.0
3901656090,Supply Chain Inventory Associate Contractor,"New York, NY",Macmillan,2024-04-15,2024-05-15,,,,HOURLY,13.0,2.0
3901656865,Senior Executive Assistant,New York City Metropolitan Area,Gainor Staffing,2024-04-15,2024-05-15,,100000.0,130000.0,YEARLY,10.0,5.0
3901660975,RN - Registered Nurse - Operating Room (OR) * Days - 36 hrs/wk (BONUS ELIGIBLE),"Wyoming, MI",University of Michigan Health-West,2024-04-15,2024-05-15,,,,,8.0,1.0
3901661632,Radiology Tech,"Rio Rancho, NM","United Surgical Partners International, Inc",2024-04-15,2024-05-15,,,,,10.0,
3901662758,Licensed Practical Nurse (LPN),"Paducah, KY","Healogics, LLC.",2024-04-15,2024-05-15,,17.56,27.73,HOURLY,9.0,
3901662779,Medical Lab Assistant- Labs * Evening 40hrs/wk,"Wyoming, MI",University of Michigan Health-West,2024-04-15,2024-05-15,,,,,10.0,1.0
3901663595,Construction Manager,"Chicago, IL",OVERWATCH,2024-04-15,2024-05-15,,,,,32.0,6.0
3901663762,Senior PHP Engineer,"Salt Lake City, UT",Consensus,2024-04-15,2024-05-15,,120000.0,150000.0,YEARLY,17.0,7.0
3901664328,Video Editor,"Costa Mesa, CA",Anduril Industries,2024-04-15,2024-05-15,,90000.0,132000.0,YEARLY,238.0,82.0
3901665852,Manufacturing Technician,"Hillsboro, OR",Compunnel Inc.,2024-04-15,2024-05-15,,,,,2.0,
3901667395,Azure Data Lead ,"Redmond, WA",Talent Groups,2024-04-15,2024-05-15,,,,,29.0,6.0
3901667633,Auto Body Technician,"Bonner Springs, KS",Caliber Collision,2024-04-15,2024-05-15,,,,,5.0,
3901667793,Dental Assistant,"Sterling, VA",CHR Consultants,2024-04-15,2024-05-15,,22.0,30.0,HOURLY,2.0,
3901669004,Senior Rooms Operations Manager,"Dallas, TX",Marriott International,2024-04-15,2024-05-15,,69000.0,84000.0,YEARLY,4.0,
3901669028,Bilingual Case Manager,"Muskegon, MI",Bethany Christian Services,2024-04-15,2024-05-15,,,,,7.0,
3901669311,Prepared Foods Dishwasher - Full Time,"Richardson, TX",Whole Foods Market,2024-04-15,2024-05-15,,,,,7.0,
3901669335,Dentist,"Hopkins, MN",Dental Care Alliance,2024-04-15,2024-05-15,,,,,5.0,
3901669787,Landman,"Oklahoma City, OK",Inceed,2024-04-15,2024-05-15,,,,HOURLY,47.0,2.0
3901671199,Team Member (Full Time & Part Time Storewide Opportunities),"Oklahoma City, OK",Whole Foods Market,2024-04-15,2024-05-15,,,,,15.0,3.0
3901671686,"Staff Product Manager, Next Gen Analytics","Seattle, WA",Databricks,2024-04-15,2024-05-15,,,,,83.0,13.0
3901671727,Lead Customer Service Representative (Lead Receptionist),"Schaumburg, IL",Mission Veterinary Partners,2024-04-15,2024-05-15,,19.0,22.0,HOURLY,10.0,
3901672080,Prepared Foods Dishwasher - Full Time,"Sunnyvale, CA",Whole Foods Market,2024-04-15,2024-05-15,,,,,6.0,
3901672482,Produce Buyer,Greater Orlando,The Chefs'​ Warehouse,2024-04-15,2024-05-15,,,,,15.0,1.0
3901672699,Technical Accounting Analyst,"Southfield, MI",Clarience Technologies,2024-04-15,2024-05-15,,,,,13.0,1.0
3901673047,Team Member (Full Time & Part Time Storewide Opportunities),"Henderson, NV",Whole Foods Market,2024-04-15,2024-05-15,,,,,22.0,1.0
3901673113,Auto Detailer,"Salem, OR",Caliber Collision,2024-04-15,2024-05-15,,,,,8.0,
3901673331,Quality Engineer,"North Billerica, MA",Randstad USA,2024-04-15,2024-05-15,,50.0,60.0,HOURLY,54.0,12.0
3901674073,Auto Detailer,"Delaware, OH",Caliber Collision,2024-04-15,2024-05-15,,,,,6.0,
3901674131,Prepared Foods Dishwasher - Part Time,"Beverly Hills, CA",Whole Foods Market,2024-04-15,2024-05-15,,,,,14.0,4.0
3901674200,Scribe,"Apache Junction, AZ",Oak Street Health,2024-04-15,2024-05-15,,,,,9.0,
3901674276,Chief People & Business Operations Officer,"Cleveland, OH",Destination Cleveland,2024-04-15,2024-05-15,,,,,154.0,12.0
3901674667,Warehouse Manufacturing Technician ,"Denver, CO",A & L Machining Inc,2024-04-15,2024-05-15,,,,,9.0,
3901674725,Beauty Advisor - Part Time,"Wise, VA",Belk,2024-04-15,2024-05-15,,,,,4.0,
3901675124,Assistant Superintendent,"San Antonio, Texas Metropolitan Area",Jackson Construction Co. Inc.,2024-04-15,2024-05-15,,80000.0,95000.0,YEARLY,8.0,
3901675478,Dialysis Patient Care Technician,"Greenwood, IN",U.S. Renal Care,2024-04-15,2024-05-15,,,,,7.0,
3901675606,Volunteer: Regional Director,"Cedar City, UT",VolunteerMatch,2024-04-15,2024-05-15,,,,,4.0,
3901675625,Scientist,"San Jose, CA",Infojini Inc,2024-04-15,2024-05-15,,,,,23.0,1.0
3901675828,Store Loss Prevention Investigator,"Irvine, CA",SEPHORA,2024-03-27,2024-05-15,,23.0,27.12,HOURLY,16.0,
3901676026,Emergency Department RN,"Ranson, WV",WVU Medicine Berkeley and Jefferson Medical Centers,2024-04-15,2024-05-15,,,,,7.0,
3901676257,Comms and PR Lead,San Francisco Bay Area,Adept,2024-04-15,2024-05-15,,175000.0,250000.0,YEARLY,100.0,25.0
3901676612,"Director, Strategic Programs | Remote, USA","Minneapolis, MN",Optiv,2024-04-15,2024-05-15,,,,,87.0,12.0
3901676654,Administrative Assistant,"Houston, TX",SGS Technologie,2024-04-15,2024-05-15,,,,,73.0,18.0
3901677505,Entry Level IT,"Washington County, PA",Oxford Solutions,2024-04-15,2024-05-15,,,,HOURLY,76.0,18.0
3901677569,Starbucks Barista,"Orlando, FL",Universal Orlando Resort,2024-04-15,2024-05-16,,,,,32.0,6.0
3901677586,Accounts Receivable Manager,"Miami, FL",Ascendo Resources,2024-04-15,2024-05-15,,60000.0,75000.0,YEARLY,26.0,2.0
3901677776,Plant Accountant,Greater St. Louis,"Diversified Recruitment Services, LLC",2024-04-15,2024-05-15,,,,,9.0,1.0
3901678359,Volunteer: Nonprofit Leadership Internship,"College Station, TX",VolunteerMatch,2024-04-15,2024-05-15,,,,,8.0,
3901678419,Entry level Leadership,United States,Globe Life American Income Division: Moore Organization,2024-04-15,2024-05-15,,,,,266.0,66.0
3901678613,Food Service Worker,"Salisbury, VT",Lexington Independents,2024-04-15,2024-05-15,,,,HOURLY,7.0,
3901679287,Volunteer: Nonprofit Leadership Internship,"Powell, WY",VolunteerMatch,2024-04-15,2024-05-15,,,,,8.0,
3901679369,Staff Operations Engineer,United States,Mozilla,2024-04-15,2024-05-15,,,,,47.0,5.0
3901680090,Volunteer: ARCHIVE TN-Greater Nashville: Drive cancer patients to treatment,"Nashville, TN",VolunteerMatch,2024-04-15,2024-05-15,,,,,9.0,
3901680180,Volunteer: Regional Director,"Orem, UT",VolunteerMatch,2024-04-15,2024-05-15,,,,,8.0,
3901680231,Store Manager,"Danbury, CT",Warby Parker,2024-04-15,2024-05-15,,,,,57.0,3.0
3901680272,Irrigation Technician – Universal Epic Universe,"Orlando, FL",Universal Orlando Resort,2024-04-15,2024-05-15,,,,,17.0,
3901681053,Associate General Dentist,"Arlington, VA",,2024-04-15,2024-05-15,,,,,7.0,
3901681331,Dishwasher,"Raleigh, NC",Constellation Culinary Group,2024-04-15,2024-05-15,,,,,4.0,
3901682203,Registered Nurse (RN) - Birthing Center,"Morgantown, WV",WVU Medicine Children's,2024-04-15,2024-05-15,,,,,7.0,
3901683632,Production Support Engineer,"Columbus, Ohio Metropolitan Area",Agility Partners,2024-04-15,2024-05-15,,45.0,60.0,HOURLY,29.0,4.0
3901684667,GCP Data Engineer- ONLY W2,"Dallas, TX",Compunnel Inc.,2024-04-15,2024-05-15,,,,,195.0,67.0
3901685552,"Direct-to-Consumer Marketing & Distribution Strategy Internships, MBA Students - Academic Year","New York, NY",NBCUniversal,2024-04-15,2024-05-15,,,,HOURLY,80.0,10.0
3901685692,Managing Coordinator,"Coral Gables, FL",,2024-04-15,2024-10-12,,,,,48.0,6.0
3901689005,Associate Dean of Student Affairs for Residence Life,"Chicago, IL",Art Institute of Chicago,2024-04-15,2024-05-15,,,,,81.0,2.0
3901689115,Senior Branch Operations Leader ,"Pennsylvania, United States",Highland Consulting Group,2024-04-15,2024-05-15,,,,,12.0,1.0
3901689238,Warehouse Supervisor,"Tampa, FL",Central Garden & Pet,2024-04-15,2024-05-15,,,,,22.0,4.0
3901690303,"Associate Director, Professional Services - Post Acute Care",United States,PointClickCare,2024-04-10,2024-10-07,2024-04-16,151000.0,176500.0,YEARLY,816.0,
3901690402,Financial Analyst,"New Hyde Park, NY",Focus Financial Partners,2024-04-15,2024-05-15,,,,,117.0,38.0
3901691066,Tech E&O / Cyber Insurance Field Underwriter,United States,SeedPod Cyber,2024-04-15,2024-10-12,,86000.0,106000.0,YEARLY,100.0,20.0
3901691136,Job Coach,"Matthews, NC",ZABS Place,2024-04-15,2024-05-15,,14.0,19.0,HOURLY,15.0,
3901691289,Inbound Sales Manager,"Charlotte, NC",Townsquare Interactive,2024-04-15,2024-05-15,,,,,27.0,5.0
3901691822,"Senior Scientist, In Vivo Ocular Pharmacology","Spring House, PA",Johnson & Johnson,2024-04-15,2024-05-15,,104000.0,166750.0,YEARLY,36.0,4.0
3901691958,Events Sales Coordinator,"Washington, DC",Beacon Hill Staffing Group,2024-04-15,2024-05-15,,20.0,24.0,HOURLY,23.0,4.0
3901692246,Sales Representative,Denver Metropolitan Area,Paynada,2024-04-15,2024-05-15,,,,,23.0,5.0
3901692961,"Warehouse Associate - 3rd Shift (Sunday- Thursday) Waco, TX Distribution Center","Waco, TX",Caterpillar Inc.,2024-04-15,2024-05-15,,18.0,19.0,HOURLY,13.0,1.0
3901693448,"Cook IV (Full Time) - Olivine at Grand Wailea, A Waldorf Astoria Resort","Wailea, HI",Grand Wailea,2024-04-15,2024-05-15,,,,,5.0,
3901693585,Lifestyle Director - Harmony,"Denver, CO",CCMC,2024-04-15,2024-05-15,,68000.0,70000.0,YEARLY,17.0,
3901693788,"Manager, Mechatronics Engineer","Richmond, CA",AMETEK,2024-04-15,2024-05-15,,,,,27.0,
3901693931,RN Edgewood SICU Night Shift,"Edgewood, KY",St. Elizabeth Healthcare,2024-04-15,2024-05-15,,,,,6.0,
3901695001,Healthcare Customer Data Analytics Lead - Populance,"Troy, MI",Henry Ford Health,2024-04-15,2024-05-15,,,,,129.0,14.0
3901695174,Staff Accountant,"New York, NY",Oliver James,2024-04-15,2024-04-25,,85000.0,95000.0,YEARLY,63.0,5.0
3901695935,Retail Lead- Minnesota Vikings Eagan Training Center,"Minneapolis, MN",Fanatics,2024-04-05,2024-05-15,,,,,14.0,
3901696784,Sales Consultant,"Jacksonville, FL","Performance Painting Contractors, Inc",2024-04-15,2024-05-15,,85000.0,200000.0,YEARLY,15.0,1.0
3901697384,Staff Algorithms Engineer,"Cincinnati, OH",Johnson & Johnson,2024-04-15,2024-05-15,,,,,40.0,1.0
3901698121,Night Auditor -DoubleTree Cedar Rapids,"Cedar Rapids, IA",DoubleTree by Hilton Hotel Cedar Rapids Convention Complex,2024-04-15,2024-05-15,,,,,7.0,
3901698974,Azure Cloud Engineer,United States,Syntax,2024-04-15,2024-05-15,,,,,368.0,206.0
3901699027,Assistant Manager,"Whitehall, PA",Rent-A-Center,2024-04-15,2024-05-15,,,,HOURLY,8.0,
3901800007,"MA/PAR - PRN - Urgent Care, Uptown","New Orleans, LA",Ochsner Health,2024-04-15,2024-05-15,,,,,6.0,
3901800022,Sales Assistant Manager,"Trinidad, CO",Rent-A-Center,2024-04-15,2024-05-15,,,,,4.0,
3901800037,Senior Product Manager - REMOTE,United States,Talentify.io,2024-04-15,2024-05-15,,,,,60.0,9.0
3901800090,LICENSED PRACTICAL NURSE - WOODLANDS NURSING AND REHABILITATION CENTER,"Fayetteville, NC",Liberty Health,2024-04-15,2024-05-15,,,,,7.0,
3901800100,Business Development Representative,"Boston, MA",Creatio,2024-04-15,2024-05-15,,,,,47.0,10.0
3901801335,Senior Financial Analyst,"Columbus, Ohio Metropolitan Area",Jeni's Splendid Ice Creams,2024-04-15,2024-05-15,,,,,75.0,10.0
3901801746,Business Analyst,"Wilmington, DE","Pyramid Consulting, Inc",2024-04-15,2024-05-15,,60.0,65.0,HOURLY,123.0,38.0
3901902000,Sr. Process Control Engineer,"West Point, VA",WestRock Company,2024-04-18,2024-05-18,,,,,3.0,
3901904210,Aerospace Software Quality Engineer,"Everett, WA",TechStar Group,2024-04-18,2024-05-18,,,,,12.0,
3901906679,Grants Coordinator,"Indianapolis, IN",RadGov Inc.,2024-04-18,2024-05-18,,,,,6.0,
3901921432,TPM - Functional,"Redmond, WA",Tech Mahindra,2024-04-18,2024-05-18,,,,,5.0,1.0
3901922116,Specialized Client Care Srvcs Rep - Hybrid,"Franklin, WI",The Job Network,2024-04-18,2024-05-18,,,,,2.0,
3901926459,No Experience Required - Line Service Technician - Part Time,"Aurora, OR",The Job Network,2024-04-18,2024-05-18,,,,,3.0,
3901931384,Urban Planning Senior Associate,"Portland, Oregon Metropolitan Area",Cascadia Partners,2024-04-18,2024-05-18,,85000.0,90000.0,YEARLY,3.0,
3901931701,Senior Procurement Buying Manager,"Phoenix, AZ",Honeywell,2024-04-18,2024-05-18,,,,,4.0,
3901932871,Mechanical Design Engineer,"Westborough, MA",Lorien,2024-04-18,2024-04-25,,44.0,47.0,HOURLY,2.0,
3901934969,Business Analyst - Investment Management,"Chicago, IL",InvestM Technology LLC,2024-04-18,2024-05-18,,,,,2.0,
3901936475,Network Operations Manager,"Hoffman Estates, IL",LMB Associates,2024-04-18,2024-05-18,,,,,3.0,
3901936545,Truck Driver - Local Class B Hazmat - Penske Logistics,"Belleville, IL",Penske Logistics,2024-04-18,2024-05-18,,,,YEARLY,2.0,
3901936678,Metallurgist,"Sumter, SC",SKF Group,2024-04-18,2024-05-18,,,,,3.0,
3901936774,Legal Assistant,"Indianapolis, IN","Riley Bennett Egloff, LLP®",2024-04-18,2024-05-18,,,,,5.0,
3901936825,Senior Accountant,United States,Serena & Lily,2024-04-18,2024-05-18,,110000.0,115000.0,YEARLY,13.0,3.0
3901936890,Strategic Sourcing Consultant,United States,Briarlake Partners,2024-04-18,2024-05-18,,,,,6.0,2.0
3901937399,Lean In Programs Coordinator,United States,Sandberg Goldberg Bernthal Family Foundation,2024-04-18,2024-05-18,,,,,6.0,1.0
3901937559,Lead Teacher,"Seattle, WA",STEM Paths Innovation Network (SPIN),2024-04-18,2024-10-15,,,,HOURLY,1.0,
3901937805,"Store Manager - Omaha, NE","Bennington, NE",Casey's,2024-04-18,2024-05-18,,,,,3.0,
3901937847,Construction Project Coordinator NI Academy,"Fort Myers, FL",Lumen Technologies,2024-04-18,2024-05-18,,48700.0,65000.0,YEARLY,4.0,
3901938037,Senior Channel Marketing Manager or Channel Marketing Manager,"Arkansas, United States",American Plastics,2024-04-18,2024-05-18,,,,,3.0,
3901938138,"Core Java Developer - W2 - onsite in Reston, VA","Reston, VA",Boston Associate Software Systems,2024-04-18,2024-10-15,,,,,5.0,
3901938293,Senior Associate QC-Analytical Instruments Testing,"West Greenwich, RI",Infotree Global Solutions,2024-04-18,2024-05-18,,,,,3.0,
3901938386,Truck Driver - Local Class A - Penske Logistics,"Hinckley, OH",Penske Logistics,2024-04-18,2024-05-18,,,,YEARLY,2.0,
3901938418,Accounts Payable Specialist/Manager,"Vineland, NJ",Vaco,2024-04-18,2024-05-02,,70000.0,75000.0,YEARLY,,
3901938551,AI Content Writer,Greensboro--Winston-Salem--High Point Area,DataAnnotation,2024-04-18,2024-05-18,,,,,2.0,
3901938642,Data Analyst,"Richmond, VA",DataAnnotation,2024-04-18,2024-05-18,,,,,12.0,3.0
3901938739,Patient Access Rep,"Glendale, AZ",Phoenix Children's,2024-04-18,2024-05-18,,,,,4.0,
3901938745,Frontend Developer,Greater Chicago Area,DataAnnotation,2024-04-18,2024-05-18,,,,,2.0,
3901938811,Maintainer Operator - 2nd Shift,"Florence, KY",Schwan's Company,2024-04-18,2024-05-18,,,,,4.0,
3901938828,Financial Controller,"Spring, TX",FlexTek,2024-04-18,2024-05-18,,38.0,43.0,HOURLY,2.0,
3901938846,Environmental Health Safety Specialist,"Andersonville, GA",Imerys,2024-04-18,2024-05-18,,,,,2.0,
3901938974,Software Developer,Dallas-Fort Worth Metroplex,DataAnnotation,2024-04-18,2024-05-18,,,,,4.0,
3901938996,Assistant Store Manager,"Columbus, OH",NAPA Auto Parts,2024-04-18,2024-05-18,,,,,3.0,
3901938998,Store Delivery Driver (Part Time),"Rio Rancho, NM",NAPA Auto Parts,2024-04-18,2024-05-18,,,,,3.0,
3901939209,"Director, Medical Writing ",New York City Metropolitan Area,Zentalis Pharmaceuticals,2024-04-18,2024-10-15,,,,,2.0,
3901939271,Enterprise Data Architect,"Ann Arbor, MI",Evolutyz Corp,2024-04-18,2024-05-18,,,,,6.0,
3901939465,Ecommerce Manager,"Fontana, CA",Midas Consulting,2024-04-18,2024-05-18,,,,,1.0,
3901939644,Recruiter,"Ogden, UT",BCforward,2024-04-18,2024-05-18,,,,,4.0,
3901939725,Senior Business Analyst,"Dover, DE",Elite WorkForce Inc,2024-04-18,2024-05-18,,,,,4.0,
3901939758,Line Attendant - 1st Shift,"Fargo, ND",Schwan's Company,2024-04-18,2024-05-18,,,,,5.0,
3901939872,Sr Erwin Data modeler ($100/hr) - 100% Remote Work ,United States,"TWO95 International, Inc",2024-04-18,2024-05-18,,100.0,100.0,HOURLY,17.0,2.0
3901940017,Mom Brand Ambassador- Telehealth Nurse –Virtual App for Adolescents,United States,TAMMIRA,2024-04-18,2024-10-15,,,,,1.0,
3901940074,Electrical Engineer,"Phoenix, AZ",GTN Technical Staffing and Consulting,2024-04-18,2024-05-18,,95000.0,100000.0,YEARLY,1.0,
3901940324,Client Services Representative,"New Jersey, United States",Larson Maddox,2024-04-18,2024-05-18,,,,,2.0,
3901940346,Recruiter,"Kansas City, KS",Wyandot Behavioral Health Network,2024-04-18,2024-10-15,,,,,4.0,
3901940636,Salesperson,"Houston, TX",Kilgore Service,2024-04-18,2024-10-15,,,,,4.0,
3901940778,Reliability Technician,"Pasadena, TX",Schwan's Company,2024-04-18,2024-05-18,,,,HOURLY,4.0,
3901940787,Volunteer and Events Coordinator,"Chicago, IL",Active Transportation Alliance,2024-04-18,2024-05-18,,,,YEARLY,2.0,
3901941083,Network Engineer,"Newport News, VA",Insight Global,2024-04-18,2024-05-18,,60000.0,70000.0,YEARLY,,
3901941087,Onsite Recruiter,"St Charles, MO",HireLevel.,2024-04-18,2024-05-18,,22.0,25.0,HOURLY,4.0,
3901941319,Senior Marketing Associate of Brand and Digital,New York City Metropolitan Area,LR Paris,2024-04-18,2024-05-18,,82000.0,95000.0,YEARLY,2.0,
3901941392,Territory Sales Representative,Atlanta Metropolitan Area,CarsDirect.com,2024-04-18,2024-05-18,,,,,2.0,
3901941512,"Manager, Finance Operations","Wichita, KS",Lubrication Engineers,2024-04-18,2024-05-18,,100000.0,130000.0,YEARLY,3.0,
3901941518,Community Association Manager,"Pawleys Island, SC",Associa,2024-04-18,2024-05-18,,,,,5.0,
3901941570,Mainframe Cobol Developer,"McLean, VA",Centraprise,2024-04-18,2024-05-18,,,,,1.0,
3901941571,Data Analyst,"Sunnyvale, CA",DataAnnotation,2024-04-18,2024-05-18,,,,,4.0,
3901941771,Product Manager,"Madison, WI",West Bend Insurance Company,2024-04-18,2024-05-18,,,,,5.0,
3901941780,"Customer Service Representative- Trumbull, CT","Trumbull, CT",CooperSurgical,2024-04-18,2024-05-18,,,,,3.0,
3901941793,Parts Manager,"Phoenix, AZ",TEC Equipment,2024-04-18,2024-05-18,,,,,6.0,
3901941858,Retail Sales Associate,"Freehold, NJ",Staples Stores,2024-04-18,2024-05-18,,,,,4.0,
3901942127,Software Developer,"Fairfax County, VA",DataAnnotation,2024-04-18,2024-05-18,,,,,16.0,3.0
3901942203,Expressive Arts Therapist,"Petersburg, VA",Department of Behavioral Health and Developmental Services,2024-04-18,2024-05-18,,,,,3.0,
3901942251,Office/Client Relations Manager ,"Jamestown, ND",Prudential Financial,2024-04-18,2024-05-18,,16.0,20.0,HOURLY,2.0,
3901942400,SAP MRS Consultant,"Houston, TX",Vertex Elite LLC,2024-04-18,2024-05-18,,,,,4.0,
3901942828,Assembly Cell Operator,"Alsip, IL",Ingersoll Rand,2024-04-18,2024-05-18,,,,,5.0,
3901942837,Computer Numerical Control Programmer,"Houston, TX",General Plastics & Composites LP,2024-04-18,2024-10-15,,,,,3.0,
3901942856,Security Manager,"Newnan, GA",Inter-Con Security,2024-04-18,2024-05-18,,45000.0,45000.0,YEARLY,4.0,
3901942875,Residential Driver (CDL-B),"Circle Pines, MN",Republic Services,2024-04-18,2024-05-18,,,,,4.0,
3901943025,Licensed Sales Producer,"Princeton, TX",,2024-04-18,2024-05-18,,30000.0,40000.0,YEARLY,1.0,
3901943026,Call Center Specialist,"Warrington, PA",Fort Point LLC,2024-04-18,2024-10-15,,,,,4.0,
3901943115,Expanded Functions Dental Assistant,"Indianapolis, IN",Raphael Health Center,2024-04-18,2024-05-18,,,,,2.0,
3901943377,Director of Sales,"South Padre Island, TX","Horizon Hospitality Associates, Inc",2024-04-18,2024-05-18,,80000.0,100000.0,YEARLY,2.0,
3901943388,Office Assistant,"Greeley, CO",Balloon Art by Merry Makers,2024-04-18,2024-05-18,,,,,1.0,
3901943437,Senior Oracle Functional Consultant ( 326696),"Austin, TX","IDR, Inc.",2024-04-18,2024-05-18,,62.0,70.0,HOURLY,2.0,
3901943508,Guidance Counselor (School Guidance Counselor),"Butner, NC",Federal Bureau of Prisons - Career Connections,2024-04-18,2024-05-18,,,,,2.0,
3901943525,Azure Infrastructure Administrator,"Washington, DC",Idexcel,2024-04-18,2024-05-18,,,,,5.0,1.0
3901943531,Senior Staff Accountant,"New York, NY",PKF O'Connor Davies TalentConnect,2024-04-18,2024-05-18,,80000.0,100000.0,YEARLY,4.0,
3901943597,Training Coordinator,"Phoenix, AZ",Phoenix Children's,2024-04-18,2024-05-18,,,,,4.0,
3901943808,Project Manager,"Richmond, VA",Gilbane Building Company,2024-04-18,2024-05-18,,105000.0,115000.0,YEARLY,7.0,
3901943821,"QE Domain Architect with Life Annuity (McKinney, TX - Hybrid)","McKinney, TX",Business Integra Inc,2024-04-18,2024-05-18,,,,,4.0,
3901944018,Test Engineer - MainFrame,"Roseville, CA",Gainwell Technologies,2024-04-18,2024-05-18,,62300.0,89000.0,YEARLY,4.0,
3901944025,Mailroom Clerk - Onsite WI,"Milwaukee, WI",Gainwell Technologies,2024-04-18,2024-05-18,,43800.0,62500.0,YEARLY,3.0,
3901944084,Staff Accountant,"Wales, WI",,2024-04-18,2024-10-15,,47000.0,52000.0,YEARLY,2.0,
3901944107,Workday Time Tracking Payroll,United States,Diverse Lynx,2024-04-18,2024-05-18,,,,,13.0,2.0
3901944149,Retail Sales Print & Marketing Associate,"Kingston, NY",Staples Stores,2024-04-18,2024-05-18,,,,,3.0,
3901944226,Heavy Assembler,"Ocala, FL",Ingersoll Rand,2024-04-18,2024-05-18,,,,HOURLY,3.0,
3901944262,Container Shop Laborer,"Anaheim, CA",Republic Services,2024-04-18,2024-05-18,,,,,3.0,
3901944278,Project Specialist,"Boise, ID",Insight Global,2024-04-18,2024-05-18,,28.0,33.0,HOURLY,3.0,
3901944348,Manager Content Strategist (Snapchat Team),"Los Angeles, CA","Studio71, LP",2024-04-18,2024-10-15,,60000.0,70000.0,YEARLY,4.0,
3901944486,Agency Owner,"Medford, OR",Farmers Insurance,2024-04-18,2024-05-18,,,,,2.0,
3901944650,Engineering Superintendent,"Pasadena, TX",Insight Global,2024-04-18,2024-05-18,,120.0,160.0,YEARLY,2.0,
3901944743,Clinical Coordinator III-NP/PA,"New York, NY",Columbia University Irving Medical Center,2024-04-18,2024-05-18,,135000.0,155000.0,YEARLY,5.0,
3901944890,2nd Shift Production Supervisor ,"Jackson, TN",Westlake,2024-04-18,2024-05-18,,,,,2.0,
3901945086,Project Manager,"Phoenix, AZ",Corbins,2024-04-18,2024-05-18,,80000.0,120000.0,YEARLY,3.0,
3901945132,Retail Sales Technology Associate,United States,Staples Stores,2024-04-18,2024-05-18,,,,,4.0,
3901945206,Entry Level Manufacturing Positions,"Ivyland, PA",Ingersoll Rand,2024-04-18,2024-05-18,,17.0,19.0,HOURLY,4.0,
3901945221,Service Supervisor,"Marlborough, MA",Ingersoll Rand,2024-04-18,2024-05-18,,,,,4.0,
3901945386,LPS Controls Engineer I,United States,FORTNA,2024-04-18,2024-05-18,,64200.0,96300.0,YEARLY,3.0,
3901945500,Manufacturing Engineer II,"Temecula, CA",Planet Pharma,2024-04-18,2024-05-18,,35.0,45.0,HOURLY,4.0,
3901945603,Tax Professional,"San Luis Obispo, CA",Glenn Burdette,2024-04-18,2024-05-18,,,,,3.0,
3901945616,Staff Software Engineer,"San Mateo, CA",Sony Interactive Entertainment,2024-04-18,2024-05-18,,209900.0,314900.0,YEARLY,6.0,
3901945722,Splunk Admin/Developer,"Austin, TX",ComTec Information Systems (IT),2024-04-18,2024-05-18,,,,,1.0,
3901946153,Store Counter Sales,"Albemarle, NC",NAPA Auto Parts,2024-04-18,2024-05-18,,,,,3.0,
3901946297,Sr. Cloud Security Architect,"Frisco, TX","Prudent Technologies and Consulting, Inc.",2024-04-18,2024-05-18,,,,,4.0,
3901946349,Integrated Absence Claims Specialist,"Phoenix, AZ",Lincoln Financial Group,2024-03-24,2024-05-18,,25.69,32.45,HOURLY,3.0,
3901946439,Senior Pricing Analyst,"Kansas, United States",White Cap,2024-04-18,2024-05-18,,,,,3.0,
3901946708,Premier Support Engineer 2 - US West,"San Francisco, CA",Datadog,2024-04-18,2024-05-18,,72000.0,106000.0,YEARLY,6.0,
3901947114,Speech Language Pathologist,"Florida, United States",HealthPRO Heritage,2024-04-18,2024-05-18,,,,HOURLY,1.0,
3901947295,Laboratory Operations (LabOps) Project Manager,"San Mateo, CA",Planet Pharma,2024-04-18,2024-05-18,,,,HOURLY,4.0,
3901947460,Early Childhood and Family Therapist,"St Louis, MO",St. Louis Arc,2024-04-18,2024-10-15,,,,,3.0,
3901947779,"Sr Cloud Azure DevOps Engineer (Terraform) - Phoenix, AZ (HYBRID)","Phoenix, AZ",Accolite,2024-04-18,2024-05-18,,,,,14.0,2.0
3901947810,Senior Clinical Project Manager,"Philadelphia, PA",Piper Companies,2024-04-18,2024-05-18,,,,,3.0,
3901948003,$5000 Sign-on Bonus - Fleet Diesel Technician,"Albany, OR",Republic Services,2024-04-18,2024-05-18,,,,,3.0,
3901948121,Ecommerce Analyst,"Oak Creek, WI",Stella & Chewy's,2024-04-18,2024-05-18,,,,,3.0,
3901948510,Relief Merchandiser,"Milledgeville, GA","Coca-Cola Bottling Company UNITED, Inc.",2024-04-18,2024-05-18,,,,,6.0,
3901948519,Director of Development & Community Engagement,"Portland, OR",Mental Health & Addiction Association of Oregon,2024-04-18,2024-05-18,,100000.0,125000.0,YEARLY,2.0,
3901949244,Package Handler New Brighton Metro Area (Warehouse like),"New Brighton, MN",FedEx Ground,2024-04-18,2024-05-18,,17.2,18.7,HOURLY,3.0,
3901949285,Systems Administrator,"Omaha, NE",Scoular,2024-04-18,2024-05-18,,,,,3.0,
3901949715,Technician III,"Laredo, TX",Fontaine Modification Company,2024-04-18,2024-05-18,,,,,3.0,
3901949724,Admissions Counselor,"Indio, CA",Acadia Healthcare,2024-04-18,2024-05-18,,24.98,37.47,HOURLY,3.0,
3901950008,Billing (Government) Support Representative,United States,Kelly,2024-04-18,2024-05-18,,,,,2.0,
3901950076,Supervisor/Manager Part-Time,"Downey, CA",Claire's,2024-04-18,2024-05-18,,,,,4.0,
3901950098,Wound Care Supervisor,"Soldotna, AK",Central Peninsula Hospital,2024-04-18,2024-10-15,,50.42,57.62,HOURLY,2.0,
3901950379,Transaction Coordinator,"Baltimore, MD",CBRE,2024-04-18,2024-05-18,,,,,2.0,
3901950531,Quality Control Analyst I (Microbiology)  ,"Fort Worth, TX",Aequor,2024-04-18,2024-05-18,,25.0,28.0,HOURLY,3.0,
3901951171,Center Director,"Ripley, TN",Save the Children US,2024-04-18,2024-05-18,,,,,3.0,
3901951290,FPGA Engineer- Onsite Fremont - CA,"Fremont, CA",W3Global,2024-04-18,2024-05-18,,,,,4.0,
3901951292,Internal Auditor,"Las Vegas, NV",Experis,2024-04-18,2024-05-18,,45.0,52.0,HOURLY,4.0,
3901951408,Buyer (Hybrid),"Charlotte, NC",Xceleration,2024-04-18,2024-05-18,,,,,3.0,
3901951488,Assistant Billing Specialist,"Philadelphia, PA","Greenberg Traurig, LLP",2024-04-18,2024-05-18,,,,,3.0,
3901952617,"Assistant Store Manager, Bay Ridge","Brooklyn, NY",SEPHORA,2024-04-18,2024-05-18,,,,,1.0,
3901952832,Finishing Department,"Greenville, SC","TalentBurst, an Inc 5000 company",2024-04-18,2024-05-18,,,,HOURLY,3.0,
3901953535,"000198 - W2 Only - Data Engineer (Python, React, Hadoop & Cloud)","Plano, TX",New Millenium Consulting,2024-04-18,2024-05-18,,65.0,70.0,HOURLY,18.0,5.0
3901954270,Quantitative Programmer,"Dallas County, TX",ESB Technologies,2024-04-18,2024-05-18,,67.0,67.0,HOURLY,3.0,1.0
3901954365,Project Manager,"Concord, CA",Akima,2024-04-18,2024-05-18,,135000.0,145000.0,YEARLY,5.0,
3901954910,Packaging Engineer,"Stamford, CT",Henkel,2024-04-18,2024-05-18,,72500.0,88000.0,YEARLY,2.0,
3901954914,Mobile Developer,"McLean, VA",BigBear.ai,2024-04-18,2024-05-18,,,,,5.0,
3901955645,Visiting Assistant Professor of Psychology,"Memphis, TN",Rhodes College,2024-04-18,2024-05-18,,,,,4.0,
3901955830,Building/Grounds Specialist,"Richland, SC",University of South Carolina School of Medicine,2024-04-16,2024-05-18,,34532.0,51798.0,YEARLY,2.0,
3901956490,"LCSW, Women's Health Passion in New Jersey",United States,LinqCare,2024-04-18,2024-05-18,,,,,3.0,
3901956571,"Intermediary, BDA - Asset Management","Chicago, IL",Northern Trust,2024-04-18,2024-05-18,,,,,4.0,
3901956625,Sr Robotics Prototyping Engineer (commercial-grade robotics),"Ridgewood, NJ",techolution,2024-04-18,2024-05-18,,120000.0,160000.0,YEARLY,6.0,
3901957614,Regional Facilities Maintenance,"Atlanta, GA",Whataburger,2024-04-18,2024-05-18,,,,,2.0,
3901958228,Forklift Operator - 1st Shift,"Springfield, MO",Performance Foodservice,2024-04-18,2024-05-18,,,,,4.0,
3901958310,Care Manager I (RN),"Florida, United States",Centene Corporation,2024-04-18,2024-05-18,,54000.0,97100.0,YEARLY,3.0,
3901958397,"Support Specialist - Village (Tues-Sat, 8am-4:30pm)",Los Angeles Metropolitan Area,The People Concern,2024-04-18,2024-05-18,,,,,4.0,
3901958428,Financial Controller,"California, United States",SBI Partners,2024-04-18,2024-05-18,,165000.0,180000.0,YEARLY,24.0,10.0
3901959079,Inside Sales Representative,Greater Cleveland,L&M Tool and Industrial Supply,2024-04-18,2024-05-18,,,,,2.0,
3901959582,Senior Events Manager,"San Antonio, TX",The University of Texas at San Antonio,2024-04-18,2024-05-18,,40000.0,42000.0,YEARLY,4.0,
3901960040,Director Corporate Communications,United States,Planview,2024-04-18,2024-05-18,,,,,40.0,10.0
3901960222,DISH Installation Technician - Field,"Orange, TX",DISH Network,2024-04-18,2024-05-18,,19.75,19.75,HOURLY,5.0,
3901960530,TECHNICIAN - Structured Cabling,"Baltimore, MD","Henkels & McCoy, Inc.",2024-04-18,2024-05-18,,,,HOURLY,4.0,
3901960533,Patient Account Registrar Per Diem - Admitting**,"Victorville, CA",Desert Valley Hospital & Medical Group,2024-04-18,2024-05-18,,,,HOURLY,3.0,
3901960544,Nursing Assistant-Med/Surg,"Bloomington, IN",Monroe Hospital,2024-04-18,2024-05-18,,,,,4.0,
3901960627,"Product Manager, Enterprise Payments and Money Movement (Remote)","Minneapolis, MN",Thrivent,2024-04-18,2024-05-18,,,,,4.0,
3901960629,Primary Care Nurse Practitioner,"Winston-Salem, NC",National Staffing Solutions,2024-04-18,2024-05-18,,,,,3.0,
3901960651,Business Analyst,United States,"Spatial Front, Inc",2024-04-18,2024-05-18,,,,,6.0,1.0
3901960675,Aviation Firefighter - Driver/Operator,"Greenville, SC",AIM World Services,2024-04-18,2024-10-15,,,,YEARLY,2.0,
3901960680,Maintenance Technician II,"White Plains, NY",Waterton,2024-04-18,2024-05-18,,21.0,27.0,HOURLY,4.0,
3901961001,Lineage Supervisor Management Program,"Fort Worth, TX",Lineage,2024-04-18,2024-05-18,,,,,4.0,
3901961567,Patient Account Registrar - Admitting,"National City, CA",Paradise Valley Hospital,2024-04-18,2024-05-18,,17.25,23.0,HOURLY,5.0,
3901961652,Sales Analyst,"Houston, TX",Symmetry Energy Solutions,2024-04-18,2024-05-18,,,,,3.0,
3901961700,Supv Clinical Nursing / Cardiac ICU,"Omaha, NE",Children's Nebraska,2024-04-18,2024-05-18,,,,,2.0,
3901962185,CT Technologist,"Waterbury, CT",Trinity Health,2024-04-18,2024-05-18,,,,,4.0,
3901962433,"Electrical Designer/Drafter, Knoxville","Knoxville, TN",Bechtel Corporation,2024-04-18,2024-05-18,,,,,4.0,
3901962466,Project Director - Renewable Energy,"Las Vegas, NV","McCarthy Building Companies, Inc.",2024-04-18,2024-05-18,,,,,4.0,
3901962545,CT Technologist,"Duluth, GA",National Staffing Solutions,2024-04-18,2024-05-18,,,,,5.0,
3901962551,PHYSICAL THERAPIST 1,"Dallas, TX",Methodist Health System,2024-04-18,2024-05-18,,,,,4.0,
3901962554,Strategic Communications Specialist,"Washington, DC",ICF Next,2024-04-18,2024-05-18,,96367.0,163825.0,YEARLY,4.0,
3901962641,IAM Service Delivery Manager,United States,Cloud Destinations,2024-04-18,2024-05-18,,,,,2.0,
3901962726,Senior Project Manager (Supplier Chain),"Alpharetta, GA",Avacend Inc,2024-04-18,2024-05-18,,,,,3.0,1.0
3901963378,Chief of Staff to COO,"New York, United States",The Hire Standard,2024-04-18,2024-05-18,,180000.0,220000.0,YEARLY,3.0,
3901963535,Ultrasound Tech - Traveler,"Portland, Maine Metropolitan Area",,2024-04-18,2024-05-18,,,,,2.0,
3901963546,Poultry Processing Supervisor,"Dobson, NC",Wayne-Sanderson Farms,2024-04-18,2024-05-18,,,,,4.0,
3901964398,Counter Sales,Memphis Metropolitan Area,Agilix Solutions,2024-04-18,2024-05-18,,,,,2.0,
3901965275,"CBA - Aircraft Mechanic III - P-3/C-130 - Avionics Technician - Naval Test Wing Pacific (NTWP) - Point Mugu, CA","California, United States",V2X Inc,2024-04-18,2024-05-18,,,,HOURLY,4.0,
3901965557,Sample Manager,"Houston, TX",LTIMindtree,2024-04-18,2024-05-18,,120000.0,150000.0,YEARLY,2.0,
3901965564,Information Technology Support Specialist,"Los Angeles, CA",Robert Half,2024-04-18,2024-05-18,,30.0,32.0,HOURLY,7.0,2.0
3901965592,Sr. Director Financial Planning & Analysis,"Minneapolis, MN",Star Tribune,2024-04-18,2024-05-18,,,,,4.0,
3901966018,Quality Assurance Design Specialist,Denver Metropolitan Area,Engrain,2024-04-18,2024-05-18,,,,,2.0,
3901966214,Lifecycle Specialist,"Las Vegas, NV",GEOTAB,2024-04-18,2024-05-18,,,,,4.0,
3901966295,Client Specialist,"Cincinnati, OH",Baird,2024-04-18,2024-05-18,,,,,3.0,
3901966323,Application Development & Support Analyst,"Anderson, SC",Vertiv,2024-04-18,2024-05-18,,,,,4.0,
3901966408,Restaurant Supervisor-Wyndham,"Gettysburg, PA",Remington Hospitality,2024-04-18,2024-05-18,,,,,4.0,
3901967075,"Registered Nurse, RN- Telemetry (New Grads Welcome)","Inglewood, CA",Centinela Hospital Medical Center,2024-04-18,2024-05-18,,38.57,56.64,HOURLY,3.0,
3901967077,Pharmacy Intern,"Harlingen, TX",Harlingen Medical Center,2024-04-18,2024-05-18,,,,,3.0,
3901967136,Pharmacy Technician - Data Entry/Intake,"Woodridge, IL",Onco360 Oncology Pharmacy,2024-04-18,2024-05-18,,,,,5.0,
3901967166,"Director, Business Program Management","Omaha, NE",Wabtec Corporation,2024-04-18,2024-05-18,,,,,4.0,
3901967214,Administrative Assistant,"Coeur d'Alene, ID",Thrivent,2024-04-18,2024-05-18,,18.0,20.0,HOURLY,4.0,
3901967275,Human Resources Project Manager,"Boston, MA","Sunrise Systems, Inc.",2024-04-18,2024-05-18,,,,,2.0,
3901967347,Associate Business Analyst,"Thousand Oaks, CA",Aditi Consulting,2024-04-18,2024-05-18,,34.0,34.0,HOURLY,5.0,
3901977648,Sales Representative,"Rogers, AR",WestRock Company,2024-04-19,2024-05-19,,,,,5.0,
3901977993,Specialist,"San Antonio, TX",Funnel Boost Media,2024-04-19,2024-05-19,,,,,,
3901978291,Assistant Executive Director (RN Preferred),"Birmingham, AL","NHS Management, LLC",2024-04-18,2024-05-18,,,,,2.0,
3901978341,Buyer,"Seattle, WA",Visions Espresso,2024-04-18,2024-10-15,,24.0,30.0,HOURLY,3.0,
3901978370,Warehouse Manager,Charlotte Metro,Expert Executive Recruiters (EER Global),2024-04-18,2024-05-18,,,,,1.0,
3901978518,Marketing & Events Associate Internship,"St Charles, IL",Parent Petroleum,2024-04-19,2024-05-19,,,,,2.0,
3901978621,Thermal/Fluids Systems Engineer III - Lunar Permanence,"Denver, CO",Blue Origin,2024-04-19,2024-05-19,,,,,4.0,
3901978653,Board Certified Behavior Analyst (BCBA),"Long Beach, CA",The Job Network,2024-04-19,2024-05-19,,,,,4.0,
3901978856,Plumbing CAD/Revit Technician,"San Diego, CA",Pacific Rim Mechanical,2024-04-19,2024-10-16,,30.0,45.0,HOURLY,1.0,
3901979192,Maintenance Supervisor,"Capitol Heights, MD",Holistic Industries,2024-04-18,2024-05-18,,,,,2.0,
3901979193,Finance Support Manager,"Redmond, OR",TalentBridge,2024-04-18,2024-05-18,,,,YEARLY,2.0,
3901979211,Farm Hand/Animal Care Associate,"Garnett, KS",myGwork - LGBTQ+ Business Community,2024-04-18,2024-05-18,,,,,4.0,
3901979544,Research Analyst,"Tulsa, OK",Northmarq,2024-04-19,2024-05-19,,,,,4.0,
3901979659,Health And Wellness Coach,United States,Habit,2024-04-19,2024-05-19,,,,,2.0,
3901979702,Connecticut Psychiatric Nurse Practitioner (NP) (DEA-Licensed) (Multi State-Licensed),"Connecticut, United States",Better U,2024-04-19,2024-10-16,,,,HOURLY,2.0,
3901979775,Millwright Journeyman,"Falconer, NY",SKF Group,2024-04-19,2024-05-19,,,,HOURLY,3.0,
3901979897,Account Manager II,"California, United States",Lumen Technologies,2024-04-19,2024-05-19,,67570.0,112620.0,YEARLY,3.0,
3901980501,Board Certified Behavior Analyst (BCBA),"Chula Vista, CA",The Job Network,2024-04-19,2024-05-19,,82000.0,86000.0,YEARLY,4.0,
3901980513,Board Certified Behavior Analyst (BCBA),"Bakersfield, CA",The Job Network,2024-04-19,2024-05-19,,,,,4.0,
3901980761,Physician Assistant,"Dallas, TX",,2024-04-19,2024-05-19,,,,,2.0,
3901981032,.NET Full Stack Developer,"Santa Ana, CA",Orange County Superior Court,2024-04-18,2024-05-18,,101857.6,126568.0,YEARLY,3.0,
3901981124, Healthcare Facets Technical Manager ,United States,Infinite Computer Solutions,2024-04-18,2024-05-18,,,,,2.0,
3901981498,Program Coordinator-Residential Services,"Chicago, IL","Ada S. McKinley Community Services, Inc",2024-04-19,2024-05-19,,,,YEARLY,5.0,
3901981687,Seal Product Design Engineer,"Elgin, IL",SKF Group,2024-04-19,2024-05-19,,,,,3.0,
3901981800,Bilingual Outreach Coordinator,"Phoenix, AZ",Maricopa County,2024-04-19,2024-05-19,,60000.0,98500.0,YEARLY,5.0,
3901982352,Production Operator,"Hodgenville, KY",The Reserves Network,2024-04-18,2024-05-19,,,,,4.0,
3901982355,Production Associate,"Warrensville Heights, OH",The Reserves Network,2024-04-18,2024-05-19,,,,,3.0,
3901982521,Board Certified Behavior Analyst (BCBA),"Katy, TX",The Job Network,2024-04-19,2024-05-19,,,,,4.0,
3901982525,Admin/CSR,"Brea, CA",Ultimate Staffing,2024-04-19,2024-05-19,,20.0,26.0,HOURLY,2.0,
3901982568,Software Engineer/Sr. Software Engineer,"Torrance, CA",ADSANTEC,2024-04-19,2024-10-16,,,,,5.0,
3901982644,Operations Supervisor - Transportation (Supply Chain/Logistics),"Grand Prairie, TX",Penske Logistics,2024-04-19,2024-05-19,,,,,4.0,
3901982812,"HVAC Technician, Level II","Jacksonville, FL",Pearce Renewables,2024-04-19,2024-05-19,,,,,4.0,
3901983116,Assistant Store Manager,"Birmingham, AL",Music & Arts,2024-04-19,2024-05-19,,,,,1.0,
3901983304,Bookkeeper,"Wichita Falls, TX",The Job Network,2024-04-19,2024-05-19,,,,,3.0,
3901983487,Machining - Grinding Specialist,"Muskegon, MI",SKF Group,2024-04-19,2024-05-19,,,,,3.0,
3901983574,Game Programmer - Match 3 Celebrity Mobile Video Game,United States,Valiant Games,2024-04-19,2024-05-19,,,,,2.0,
3901983602,Account Manager II-RE Expansion,"Edison, NJ",Lumen Technologies,2024-04-19,2024-05-19,,67570.0,90090.0,YEARLY,3.0,
3901983727,Visual,"Green Bay, Wisconsin Metropolitan Area",Steinhafels Furniture,2024-04-19,2024-05-19,,,,,2.0,
3901983821,AR/Collections Coordinator III,"Quincy, IL",Ingersoll Rand,2024-04-19,2024-05-19,,,,,3.0,
3901983824,Service Coordinator,"Tonawanda, NY",Ingersoll Rand,2024-04-19,2024-05-19,,55000.0,70000.0,YEARLY,4.0,
3901983859,Nurse - RN - Emergency Medicine,"Santa Monica, CA",Solomon Page,2024-04-19,2024-05-19,,,,,4.0,
3901983861,Nurse - RN - Operating Room,"Portland, OR",Solomon Page,2024-04-19,2024-05-19,,,,,5.0,
3901984297,Director of Strategic Sourcing - PTL,"Davidson, NC",Ingersoll Rand,2024-04-19,2024-05-19,,,,,4.0,
3901984300,Entry Level Manufacturing Positions,"Ivyland, PA",Ingersoll Rand,2024-04-19,2024-05-19,,17.0,19.0,HOURLY,4.0,
3901984516,Regulatory Affairs & Quality Compliance Specialist,"Eden Prairie, MN",STERIS,2024-04-18,2024-05-19,,50250.0,70350.0,YEARLY,4.0,
3901984609,Lead Sales Associate,"Arlington Heights, IL",Petco,2024-04-18,2024-05-19,,,,,3.0,
3901985011,Project Manager,"Minneapolis, MN",Associa,2024-04-19,2024-05-19,,,,,3.0,
3901985253,Inside Sales and Service Representative - Parts,"Minneapolis, MN",Ingersoll Rand,2024-04-19,2024-05-19,,,,,5.0,
3901985454,Supervisor/Manager Part-Time Kings Plaza,"Brooklyn, NY",Claire's,2024-04-19,2024-05-19,,,,,4.0,
3901985466,"Account Manager II, Clinical Sales","Trenton, NJ",Thermo Fisher Scientific,2024-04-19,2024-05-19,,,,,4.0,
3901985556,Sales Associate,"Morgantown, WV",Petco,2024-04-18,2024-05-19,,,,,4.0,
3901986389,ASSOCIATE GOVERNMENTAL PROGRAM ANALYST,"Sacramento County, CA",Employment Development Department,2024-04-18,2024-05-19,,5684.0,7114.0,MONTHLY,7.0,
3901986480,Package Handler (Warehouse like),"Menomonee Falls, WI",FedEx Ground,2024-04-19,2024-05-19,,,,,4.0,
3901986484,Vetco Clinic Lead,"Gonzales, LA",Petco,2024-04-18,2024-05-19,,,,,4.0,
3901987100,Service Technician,"Menomonee Falls, WI",Ingersoll Rand,2024-04-19,2024-05-19,,,,,4.0,
3901987128,Event Security Supervisor - BMO Stadium,"Los Angeles, CA",Allied Universal,2024-04-19,2024-05-19,,,,HOURLY,2.0,
3901987169,Enterprise Shared Services Program Manager II (Limited Duration),"Los Angeles, CA",L.A. Care Health Plan,2024-04-19,2024-05-19,,117509.0,188015.0,YEARLY,4.0,
3901987292,General Manager,Greater Indianapolis,Gerber Collision & Glass,2024-04-19,2024-05-19,,90000.0,115000.0,YEARLY,4.0,
3901987487,System Administrator(Mid-Level),"Colorado Springs, CO",Deloitte,2024-04-19,2024-05-19,,,,,4.0,
3901987869,Physician Assistant-Orthopedic Practice,"Teaneck, NJ",Holy Name Medical Center,2024-04-19,2024-05-19,,,,,7.0,
3901988145,Surround Systems Configuration Analyst I,"Los Angeles, CA",L.A. Care Health Plan,2024-04-19,2024-05-19,,77265.0,112000.0,YEARLY,4.0,
3901988289,Supervisor/Manager Part-Time CT POST,"Milford, CT",Claire's,2024-04-19,2024-05-19,,,,,4.0,
3901988390,Package Handler (Warehouse like),"Port Angeles, WA",FedEx Ground,2024-04-19,2024-05-19,,,,HOURLY,2.0,
3901988394,Warehouse Partner – 1st Shift Non-Con Picker (Electric Pallet Jack-Voice Picking),"Mira Monte, CA",Petco,2024-04-18,2024-05-19,,15.45,25.45,HOURLY,4.0,
3901988460,Sales Associate,"Wichita, KS",Petco,2024-04-18,2024-05-19,,,,,4.0,
3901988471,2nd Grade (2 Positions),"Cedar Rapids, IA",Cedar Rapids Community School District,2024-04-18,2024-05-19,,,,,4.0,
3901989078,"Compressed Air System, IoT Field Engineer","Houston, CO",Ingersoll Rand,2024-04-19,2024-05-19,,,,,3.0,
3901989283,"Account Manager II, Clinical Sales","Hopewell, NJ",Thermo Fisher Scientific,2024-04-19,2024-05-19,,,,,4.0,
3901989427,UI/UX Front-End Developer Senior,"Colorado Springs, CO",Deloitte,2024-04-19,2024-05-19,,,,,4.0,
3901989953,Behavioral Medical Director - Louisiana,"Louisiana, United States",Centene Corporation,2024-04-19,2024-05-19,,217000.0,412300.0,YEARLY,6.0,
3901991038,ERP Business Analyst,United States,PAC Worldwide,2024-04-19,2024-05-19,,,,,5.0,
3901991101,Groomer,"Cheyenne, WY",Petco,2024-04-18,2024-05-19,,,,,4.0,
3901991739,"Machine Learning Engineer, PhD Intern",United States,Instacart,2024-04-18,2024-05-19,,,,,19.0,
3901992965,Senior Technical Recruiter,United States,Redpoint Talent,2024-04-19,2024-05-19,,75000.0,110000.0,YEARLY,81.0,46.0
3901993005,"Personal Banker/New Accounts Representative - Monday - Friday Only, No Saturdays","St Louis, MO",Triad Bank,2024-04-19,2024-05-19,,,,,5.0,
3901993008,Lead Software Developer - Secret Clearance,"Binghamton, NY",Piper Companies,2024-04-19,2024-05-19,,150000.0,170000.0,YEARLY,3.0,
3901993577,Medical Technologist I - Evening,"Silver Spring, MD",Trinity Health,2024-04-18,2024-05-19,,,,,5.0,
3901993889,Sales Performance Specialist - Nashville,"Nashville, TN",Independence Realty Trust Inc.,2024-04-19,2024-05-19,,,,,3.0,
3901994754,CONVERSION - Core Tax Associate - Summer 2025 (Charlotte),"Charlotte, NC",BDO USA,2024-04-18,2024-05-19,,56000.0,82000.0,YEARLY,4.0,
3901995064,Long Term Care Coordinator I,"Chicago, IL",Centene Corporation,2024-04-19,2024-05-19,,22.36,38.07,HOURLY,6.0,
3901995458,Sales Development Representative,San Francisco Bay Area,TeamBridge,2024-04-19,2024-05-19,,,,,7.0,2.0
3901997817,"Urgent! Hiring Experienced Caregivers in Fremont, CA ($20-25/hr)","Fremont, CA",Center for Social Dynamics,2024-04-19,2024-05-19,,20.0,25.0,HOURLY,4.0,
3901998147,IP Foreign Filing Paralegal,"Boston, MA",Burns & Levinson LLP,2024-04-19,2024-05-19,,,,,8.0,1.0
3901998755,Union Insulator Apprentice,"Sumner, WA",American National Insulation & Sealants,2024-04-19,2024-05-19,,26.85,48.33,HOURLY,3.0,
3902300090,"Urgent! Hiring Experienced Caregivers in Livermore, CA ($20-25 /hr)","Livermore, CA",Center for Social Dynamics,2024-04-19,2024-05-19,,20.0,25.0,HOURLY,4.0,
3902301451,Assistant Controller,"Irving, TX",Korn Ferry,2024-04-19,2024-05-19,,,,,4.0,
3902303360,Database_Administrator,United States,,2024-04-19,2024-05-19,,,,,4.0,
3902303498,Digital Marketing Manager,"Irvine, CA",Xe.com,2024-04-19,2024-05-19,,,,,3.0,
3902304198,Substance Abuse Program Coordinator,"Buncombe County, NC",NC Department of Adult Correction,2024-04-19,2024-05-19,,,,,4.0,
3902305117,Part Time Associate Banker Westchester Southeast (30 Hours),"Eastchester, NY",myGwork - LGBTQ+ Business Community,2024-04-19,2024-05-19,,,,,4.0,
3902309587,Licensed Optician,"Orlando, FL",The Job Network,2024-04-19,2024-05-19,,,,,4.0,
3902310056,Assistant Freshman Football Coach,"Marion, OH",TrulyHired,2024-04-19,2024-05-19,,,,,2.0,
3902314376,Receptionist (Temp),"Wichita Falls, TX",The Job Network,2024-04-19,2024-05-19,,,,,3.0,
3902314392,"Sales Manager, Strategic Accounts","Burlington, MA",The Job Network,2024-04-19,2024-05-19,,,,,3.0,
3902314419,Board Certified Behavior Analyst (BCBA),"Ontario, CA",The Job Network,2024-04-19,2024-05-19,,,,,4.0,
3902316984,Shift Supervisor Trainee,"Orange, TX",CVS Health,2024-04-19,2024-05-19,,16.0,18.5,HOURLY,2.0,
3902319305,Task Associate,"Pleasant Hill, CA",Ulta Beauty,2024-04-19,2024-05-19,,,,,3.0,
3902319556,Welcome Desk Receptionist,"Spring Hill, FL",David's Bridal,2024-04-19,2024-05-19,,,,,4.0,
3902319878,Scientist - Cell Culture,"Worcester, MA",Thermo Fisher Scientific,2024-04-19,2024-05-19,,,,,5.0,
3902319931,Medical Support Assistant,"White Earth, MN",HHS Careers,2024-04-19,2024-05-19,,,,,3.0,
3902322392,Transmission Line Engineer -- Mid-Level,"Columbus, OH",Sargent & Lundy,2024-04-19,2024-05-19,,,,,2.0,
3902322542,Entry-Level Validation Engineer,"Michigan, United States",Revature,2024-04-19,2024-05-19,,,,,2.0,
3902322957,PT Produce Sales Associate,"Victoria, VA",Food Lion,2024-04-19,2024-05-19,,,,,4.0,
3902322967,PT Food Lion To Go Associate,"Lexington, NC",Food Lion,2024-04-19,2024-05-19,,,,,4.0,
3902323485,"Outreach and Partnerships Manager, Marketing","North Carolina, United States",Thermo Fisher Scientific,2024-04-19,2024-05-19,,,,,4.0,
3902323489,"Team Leader, Formulation Manufacturing","Sunnyvale, CA",Thermo Fisher Scientific,2024-04-19,2024-05-19,,72000.0,100000.0,YEARLY,5.0,
3902323726,FT Assistant Manager Customer Service,"Nashville, GA",Food Lion,2024-04-19,2024-05-19,,,,,4.0,
3902325203,PT Sales Associate (Cashier) - Food Lion,"Elgin, SC",Food Lion,2024-04-19,2024-05-19,,,,,4.0,
3902326073,FT Assistant Deli Bakery Manager,"Nashville, GA",Food Lion,2024-04-19,2024-05-19,,,,,4.0,
3902326088,FT Perishable Manager (H),"Cayce, SC",Food Lion,2024-04-19,2024-05-19,,,,,3.0,
3902327047,PT Quality Assurance Associate,"Durham, NC",Food Lion,2024-04-19,2024-05-19,,,,,4.0,
3902327926,Entry-Level Automotive Engineer,"Wisconsin, United States",Revature,2024-04-19,2024-05-19,,,,,2.0,
3902330915,Account Manager-Dental (Southwest Region),United States,SHINING 3D,2024-04-19,2024-06-18,,,,,3.0,
3902331552,"Services Account Manager - St. George, UT","Salt Lake City, UT",Trane Technologies,2024-04-18,2024-05-19,,,,,5.0,
3902332032,Seasonal Administrative Support Specialist,"Oceanside, CA",Hunt Military Communities,2024-04-19,2024-05-19,,19.0,21.0,HOURLY,5.0,
3902332132,Sr Customer Development Director - Walmart/Sam's,"North Little Rock, AR",Southern Glazer's Wine & Spirits,2024-04-19,2024-05-19,,,,,4.0,
3902334024,"Senior Developer (React Native Developer ) Contract (Corp-2-Corp, 1099, CTH)- OR Full time - All options are available","Austin, TX",Avesta Computer Services,2024-04-19,2024-05-19,,,,,4.0,
3902335577,Executive Product Owner (US),"New York, United States",myGwork - LGBTQ+ Business Community,2024-04-19,2024-05-19,,160000.0,220000.0,YEARLY,4.0,
3902336542,Quality Engineer-Software - Becton Dickinson,"Broken Bow, NE",BD,2024-03-25,2024-05-19,,,,,2.0,
3902336708,Webinar Co ordinator,United States,TekJobs,2024-04-19,2024-05-19,,20.0,25.0,HOURLY,3.0,
3902337829,Neuroscience Health and Science Professional- Washington DC/Fairfax,Greater Richmond Region,myGwork - LGBTQ+ Business Community,2024-04-19,2024-05-19,,70600.0,167600.0,YEARLY,4.0,
3902339334,Accounting Manager,United States,Pro2Learn,2024-04-19,2024-05-19,,,,,4.0,
3902340769,Service Technician - New Acquisition,"Bethesda, MD",The Job Network,2024-04-19,2024-05-19,,21.0,27.0,HOURLY,4.0,
3902340797,Power BI Developer (Healthcare Claims),United States,Visionaire Partners,2024-04-19,2024-05-19,,90000.0,115000.0,YEARLY,3.0,1.0
3902340822,HR Director/Business Partner,"Wake Forest, NC",Super Home Services,2024-04-19,2024-05-19,,75000.0,100000.0,YEARLY,3.0,
3902341733,"Direct Care - South Salem, NY $4000 sign on bonus","South Salem, NY",The Job Network,2024-04-19,2024-05-19,,,,,3.0,
3902341754,Physical Medicine and Rehabilitation MD-Redding CA,"Redding, CA",The Job Network,2024-04-19,2024-05-19,,,,,4.0,
3902343827,Paralegal/Onsite,"Indianapolis, IN",CodeForce 360,2024-04-19,2024-05-19,,,,,8.0,
3902344333,Controller (career path to CFO!),"Lawrenceburg, IN","Batesville Products, Inc.",2024-04-19,2024-10-16,,,,,2.0,
3902345224,Business Development Associate,United States,Convertros,2024-04-19,2024-05-19,,,,,2.0,
3902345414,GMG Finance Lead,"Trenton, NJ",The Job Network,2024-04-19,2024-05-19,,,,,4.0,
3902345848,Java Microservices With BloomReach SME,United States,HARVIN TECHNOLOGIES LLC,2024-04-19,2024-05-19,,,,,10.0,2.0
3902346250,Technical Director,"San Jose, CA",TurningPoint: Executive Search & Human Resources Solutions,2024-04-19,2024-05-19,,,,,,
3902346894,Senior Mechanical Engineer,"Baltimore, MD",nTech Workforce,2024-04-19,2024-05-19,,,,,3.0,
3902347161,Staff Civil / Geotechnical Engineer [28258],"Tacoma, WA",Stealth Startup,2024-04-19,2024-05-19,,,,,3.0,
3902347770,Risk Analyst,"Lake Mary, FL","MARS-TECHNOMINDS, INC",2024-04-19,2024-05-19,,,,,6.0,
3902348111,"Supervisor, Digital","Dallas, TX",Hearts & Science,2024-04-19,2024-05-19,,,,,5.0,
3902348285,Senior Technical Procurement Specialist,"Waukegan, IL",Lake County Health Department and Community Health Center,2024-04-19,2024-05-19,,,,,1.0,
3902348523,Workday Integration (Full-Time),"Austin, TX",Diverse Lynx,2024-04-19,2024-05-19,,,,,3.0,
3902348697,File Transfer Support Analyst,United States,OpTech,2024-04-19,2024-05-19,,,,,7.0,
3902348924, Human Resource  Generalist,Dallas-Fort Worth Metroplex,PriceSenz,2024-04-19,2024-05-19,,,,,2.0,
3902349197,Secretary Board of Directors,United States,NSBE Aerospace SIG,2024-04-19,2024-05-19,,,,,2.0,
3902349284,AEM Lead,United States,Excelon Solutions,2024-04-19,2024-05-19,,,,,6.0,
3902349608,Technical Artist,San Francisco Bay Area,Advantis Global is becoming INSPYR Solutions,2024-04-19,2024-05-19,,55.0,75.0,HOURLY,6.0,
3902349639,Head of Sales,"San Francisco, CA",Venchr,2024-04-19,2024-05-19,,200000.0,400000.0,YEARLY,2.0,
3902349833,Software Developer,"Winchester, VA",American Woodmark,2024-04-19,2024-05-19,,,,,3.0,1.0
3902350496,Senior .Net Full Stack developer,"Austin, TX",Iris Software Inc.,2024-04-19,2024-05-19,,,,,4.0,
3902350605,Android Enterprise Technical Account Manager,"Mountain View, CA","Apton, Inc.",2024-04-19,2024-05-19,,,,,3.0,
3902350644,Tax Manager,"Dallas, TX",Benchmark Search,2024-04-19,2024-05-19,,130000.0,150000.0,YEARLY,3.0,
3902351265,Project Manager- Structural Engineering,"Los Angeles, CA",Provision People,2024-04-19,2024-05-19,,,,,4.0,
3902352252,Life Cycle Product Development,"Laguna Hills, CA",AppleOne Employment Services,2024-04-19,2024-05-19,,,,,2.0,
3902352467,Sales Account Manager,"Spartanburg, SC",Quest Financial,2024-04-19,2024-05-19,,75000.0,100000.0,YEARLY,,
3902352597,Product Development Engineer,Greater Houston,Stasis Drilling Solutions,2024-04-19,2024-05-19,,,,,7.0,
3902353095,Payroll Administrator,"Blue Bell, PA",SKF Group,2024-04-19,2024-05-19,,,,,2.0,
3902353548,Outside Sales Representative,"Odessa, TX",BelGas CP,2024-04-19,2024-05-19,,,,,3.0,
3902353861,Litigation Paralegal,"Parkersburg, WV","Jim Leach, LC",2024-04-19,2024-05-19,,,,,,
3902354845,Salesforce Developer with nCino,"Dallas, TX","Tanisha Systems, Inc",2024-04-19,2024-05-19,,,,,7.0,
3902354880,Sales Representative - Financial Institutions,"Colorado Springs, CO",Heartland,2024-04-19,2024-05-19,,,,,2.0,
3902355101,Lead Java Developer,"Dallas, TX",Capgemini,2024-04-19,2024-05-19,,,,,3.0,1.0
3902355151,Executive Assistant to the Management,"Princeton, NJ",Tenazx Inc,2024-04-19,2024-05-19,,,,,2.0,
3902355272,Cloud Architect,"Charlotte, NC",Apetan Consulting LLC,2024-04-19,2024-05-19,,,,,,
3902355466,"Principal, Technology Strategy","Atlanta, GA",Publicis Sapient,2024-04-19,2024-05-19,,,,,1.0,
3902355851,District Sales Manager,Raleigh-Durham-Chapel Hill Area,Confidential,2024-04-19,2024-05-19,,,,,2.0,
3902355853,Information Security Officer (NIST framework),"Mount Laurel, NJ",Smart IT Frame LLC,2024-04-19,2024-05-19,,,,,6.0,
3902356137,Senior System Integration Tester,"Richmond, VA",Swift Strategic Solutions Inc,2024-04-19,2024-06-18,,,,,6.0,
3902356201,Shift Supervisor,"Indianapolis, IN",Papa Johns,2024-04-19,2024-05-19,,,,HOURLY,4.0,
3902356852,"Senior Sales Engineer, West","Seattle, WA",Dataiku,2024-04-19,2024-05-19,,150000.0,190000.0,YEARLY,4.0,
3902356987,Sales Specialist,"Pooler, GA",White Cap,2024-04-19,2024-05-19,,,,,2.0,
3902357067,Sales Associate,"Morgantown, WV",United Bank,2024-04-19,2024-05-19,,,,,3.0,
3902357859,Survey Crew Chief,"Beech Grove, IN","CrossRoad Engineers, PC",2024-04-19,2024-05-19,,,,,,
3902358217,IBP Data Steward/ Data Governance,United States,Enterprise Solutions Inc.,2024-04-19,2024-05-19,,,,,2.0,
3902358744,Administrativo/a de compraventa de vehículos de ocasión - Girona.,"Fairfield County, CT",AUTO1 Group,2024-04-19,2024-05-19,,,,,5.0,
3902358846,Sales Specialist,"Massena Springs, NY",White Cap,2024-04-19,2024-05-19,,,,,4.0,
3902358855,Sales Specialist,"Cleveland, MS",White Cap,2024-04-19,2024-05-19,,,,,3.0,
3902358859,Sales Specialist,"Birmingham, AL",White Cap,2024-04-19,2024-05-19,,,,,4.0,
3902358974,Principal Software Engineering Manager,United States,Microsoft,2024-04-19,2024-05-19,,158500.0,304200.0,YEARLY,3.0,
3902359000,Senior Product Manager,United States,"Next Gen IT, Inc",2024-04-19,2024-05-19,,75.0,80.0,HOURLY,10.0,
3902359150,Fund Accounting Manager- Private Equity,"Chicago, IL",Brilliant®,2024-04-19,2024-05-19,,130000.0,145000.0,YEARLY,3.0,
3902359431,On-Site Recruiter,"San Antonio, TX",XL Pro Staffing and Consulting Group,2024-04-19,2024-05-19,,,,,2.0,
3902359661,Sales Associate - Walnut St.,"Philadelphia, PA",Warby Parker,2024-04-19,2024-05-19,,,,,3.0,
3902359887,"DevOps Engineer (Need 10+ years of experience candidates) || Fulltime Role Only (USC, GC, GC EAD Visa Only) || Newark, DE Or Atlanta, GA Or Plano, TX Or Pennington, NJ (Hybrid)","Plano, TX",Mamsys World,2024-04-19,2024-05-19,,,,,2.0,
3902359955,Med Tech - 3PM to 11 PM Full Time,"Boynton Beach, FL",Discovery Senior Living,2024-04-19,2024-05-19,,,,,5.0,
3902360537,"GCP Engineer :: PHOENIX, AZ :: Long term :: Webex Interview :: W2 /USC/GC","Phoenix, AZ",HCL Global Systems Inc,2024-04-19,2024-05-19,,,,,9.0,2.0
3902360611,Lab Tech Sr. - 3rd Shift,"Larkfield, CA",Planet Pharma,2024-04-19,2024-05-19,,,,,3.0,
3902360755,Student Radiologic Technologist I,"Charlotte, NC",Novant Health,2024-04-19,2024-05-19,,,,,3.0,
3902360762,Tax Manager,San Francisco Bay Area,"Next Level Recruiting, LLC",2024-04-19,2024-05-19,,,,,3.0,
3902360769,Customer Experience Representative,Oklahoma City Metropolitan Area,LHH,2024-04-19,2024-05-19,,50000.0,60000.0,YEARLY,,
3902360999,IAM Lead,United States,QuantumBridge,2024-04-19,2024-05-19,,50.0,60.0,HOURLY,7.0,
3902361077,Nurse - RN - Med Surg,"Oswego, NY",Solomon Page,2024-04-19,2024-05-19,,,,,3.0,
3902361285,"Service Desk Analyst - Bristol, CT","Bristol, CT",Optomi,2024-04-19,2024-05-19,,,,,2.0,
3902361337,Paralegal,"California, United States",Ascendion,2024-04-19,2024-05-19,,,,,1.0,
3902361387,"Senior Account Manager, Enterprise","New York, NY",Airwallex,2024-04-19,2024-05-19,,,,,3.0,
3902361518,Procurement/Sourcing Specialist II,"Fair Lawn, NJ",Thermo Fisher Scientific,2024-04-19,2024-05-19,,,,,4.0,
3902361587,Gas Distribution Dispatcher I or II,"Gastonia, NC",Dominion Energy,2024-04-19,2024-05-19,,,,,3.0,
3902361664,Sales Specialist,"Elk River, MN",White Cap,2024-04-19,2024-05-19,,,,,3.0,
3902361666,Sales Specialist,"Collinsville, IL",White Cap,2024-04-19,2024-05-19,,,,,3.0,
3902362080,Nurse Coordinator/Surgery Scheduler,"Denver, CO",Western Orthopaedics,2024-04-19,2024-10-16,,90000.0,110000.0,YEARLY,4.0,
3902362101,Technical Consultant IT - IT Applications ,"Columbus, OH",TekWissen ®,2024-04-19,2024-05-19,,70.0,70.0,HOURLY,6.0,1.0
3902362106,Scrum Master,"Pella, IA",Apex Systems,2024-04-19,2024-05-19,,88000.0,132990.0,YEARLY,2.0,
3902362194,Head of Product,"Austin, TX",Funga,2024-04-19,2024-05-19,,120000.0,160000.0,YEARLY,4.0,
3902362357,Customer Service Agent,United States,DCS SECURITY LIMITED,2024-04-19,2024-05-19,,,,,1.0,
3902362362,Senior Executive Assistant to CEO – Up to $250K ,"San Francisco, CA",Career Group,2024-04-19,2024-05-19,,180000.0,250000.0,YEARLY,1.0,
3902362654,"Payroll Timekeeping Administrator - Kerrville, TX","Kerrville, TX",James Avery Artisan Jewelry,2024-04-19,2024-05-19,,,,,3.0,
3902363353,Manager Critical Care,"Snellville, GA",Piedmont,2024-04-19,2024-05-19,,,,,3.0,
3902363578,RF Communications Engineer (Active Secret Clearance),"McLean, VA",MITRE,2024-04-19,2024-05-19,,,,,4.0,
3902363611,Software Engineer II,"Redmond, WA",Microsoft,2024-04-19,2024-05-19,,94300.0,198600.0,YEARLY,4.0,
3902363654,Full Stack Engineer,"Chicago, IL",Datamatics,2024-04-19,2024-05-20,,,,,6.0,
3902363766,EDIFECS Developer (.NET),"Somerset County, NJ",PSRTEK,2024-04-19,2024-05-19,,,,,8.0,2.0
3902364021,Sales Specialist,"North Little Rock, AR",White Cap,2024-04-19,2024-05-19,,,,,3.0,
3902364030,Sales Specialist,"Metairie, LA",White Cap,2024-04-19,2024-05-19,,,,,2.0,
3902364031,Sales Specialist,"Aledo, TX",White Cap,2024-04-19,2024-05-19,,,,,3.0,
3902364335,"VP Finance – Healthcare Services – Rapid Growth – Private Equity, 78796","Phoenix, AZ","Truenorth Executive Search, Inc.",2024-04-19,2024-05-19,,,,,1.0,
3902364715,Consumer Loan Sales Specialist,"Mendota Heights, MN",OneMain Financial,2024-04-18,2024-05-19,,,,,4.0,
3902364793,Architecte solution BUILD H/F,"Francesville, IN",LesJeudis,2024-04-19,2024-05-19,,,,,2.0,
3902365379,Insurance - Commercial Lines Account Manager/CSR  - DC12747,"Suffolk County, NY",Pryor Associates Executive Search,2024-04-19,2024-05-19,,,,,2.0,
3902365659,Unarmed SPO,"Washington, DC","iQuasar, LLC",2024-04-19,2024-05-19,,,,,1.0,
3902366153,Technical Writer - Cyber Publications (Primarily Remote),"Quantico, VA",ASRC Federal,2024-04-19,2024-05-19,,,,,4.0,
3902367568,Tech Lead Java H/F,"Francesville, IN",LesJeudis,2024-04-19,2024-05-19,,,,,4.0,
3902368154,Subcontractor Administrator,"Herndon, VA",USM Business Systems,2024-04-19,2024-05-19,,,,,1.0,
3902368157,Videographer - Marketing Manager,"Arlington, TX",Core Group Resources,2024-04-19,2024-05-19,,,,,3.0,
3902368444,Shuttle Driver,"Shakopee, MN",Cedar Fair Entertainment Company,2024-04-19,2024-05-19,,,,,3.0,
3902369108,"Licensed Financial Advisor, Remote",Kansas City Metropolitan Area,Thrivent,2024-04-19,2024-05-19,,,,,1.0,
3902369127,Commercial Insurance Sales Producer,Greater Houston,NavSav Insurance,2024-04-19,2024-05-19,,,,,3.0,
3902369518,Manager Data Management,"Atlanta, GA",Insight Global,2024-04-19,2024-05-19,,,,,4.0,
3902370010,Procurement/Purchase manager with (Heavy Contracting Exp in Beverage),"Corona, CA",KPG99 INC,2024-04-19,2024-05-19,,,,,2.0,
3902370353,Process Engineer,"Houston, TX","LanceSoft, Inc.",2024-04-19,2024-05-19,,,,HOURLY,2.0,
3902370389,Laboratory Assistant,"Orem, UT",Techcyte,2024-04-19,2024-05-19,,13.0,15.0,HOURLY,2.0,
3902370654,IAM Architect,United States,Trail Blazer Consulting LLC,2024-04-19,2024-05-19,,,,,4.0,
3902370693,Senior Client Service Associate - Wealth Management,"San Diego, CA",TalentLink Solutions,2024-04-19,2024-05-19,,80000.0,100000.0,YEARLY,,
3902371309,Senior Data Analyst- Scientist,United States,Insight Global,2024-04-19,2024-05-19,,45.0,55.0,HOURLY,2.0,
3902372137,Accounting Clerk,"Louisville, KY",Vaco,2024-04-19,2024-05-03,,,,,2.0,
3902397070,Plant Manager,Greater Seattle Area,"Northwest Frozen, LLC",2024-04-19,2024-10-16,,160000.0,175000.0,YEARLY,10.0,
3902714464,Software Customer Support Analyst,United States,Digital Wave Technology,2024-04-17,2024-10-14,,,,,32.0,2.0
3902727449,"Project Manager (PM Level 1), Housing For Health, Office of Managed Care (Central Office)","Manhattan, NY",NYC Health + Hospitals,2024-04-17,2024-05-17,,,,,16.0,1.0
3902730958,Retail Floor Lead - Community Focus,"San Jose, CA",Vuori,2024-04-17,2024-05-17,,,,,25.0,
3902733740,Maintenance Tech II 3rd Shift,"La Vergne, TN",Ingram Content Group,2024-04-17,2024-05-17,,28.0,30.0,HOURLY,7.0,
3902734144,Early Childhood Teacher - Layne Elementary School (2024-2025)- Start Time 7:40,"Louisville, KY",Jefferson County Public Schools,2024-04-17,2024-05-17,,50459.16,100539.82,YEARLY,6.0,
3902734821,Physician - Interventional Cardiology (Thomas),"South Charleston, WV",WVU Medicine,2024-04-17,2024-05-17,,,,,4.0,
3902735212,Project Developer,"Charlottesville, VA",Apex Clean Energy,2024-04-17,2024-05-17,,,,,4.0,
3902735798,Welder- 2nd shift,"Chicago, IL",S&C Electric Company,2024-04-17,2024-05-17,,,,,6.0,
3902736532,Quality Analyst II,"Exton, PA",Maxis Clinical Sciences,2024-04-17,2024-05-17,,,,,11.0,
3902736535,Principal Software Engineer,"Durham, NC",Fidelity Investments,2024-04-17,2024-05-17,,,,,5.0,
3902737294,Trailblazer Operator,"Tomball, TX",Harris County,2024-04-17,2024-05-17,,,,,3.0,
3902737310,Certified Medical Assistant CMA - Northeast Georgia Physicians Group NGPG - Ortho - FT Days will float,"Gainesville, GA",Northeast Georgia Health System,2024-04-17,2024-05-17,,,,,6.0,
3902737431,Building Maintenance Tech II - Grandscape Facilities,"The Colony, TX",Nebraska Furniture Mart,2024-04-17,2024-05-17,,22.1,27.4,HOURLY,5.0,
3902737912,Body Technician,"Grand Prairie, TX",Crash Champions,2024-04-17,2024-05-17,,,,,4.0,
3902737997,Operator,"Brunswick, OH",Tenneco,2024-04-17,2024-05-17,,,,,10.0,
3902738165,Claims Consultant - Burnham WGB,"Tustin, CA",Burnham WGB Insurance Solutions,2024-04-17,2024-05-17,,,,,7.0,
3902738269,Personal Injury Legal Assistant,Atlanta Metropolitan Area,Bader Scott Injury Lawyers,2024-04-17,2024-05-17,,,,,14.0,5.0
3902738657,OB Technician - days,"Chicago, IL",Endeavor Health,2024-04-17,2024-05-17,,,,,4.0,
3902739102,Assembler,"Franklin, WI",S&C Electric Company,2024-04-17,2024-05-17,,,,,3.0,
3902739253,Sales Associate-MALL OF ABILENE,"Abilene, TX",Bath & Body Works,2024-04-17,2024-05-17,,,,,6.0,
3902739435,Senior ERP Administrator,"Hialeah Gardens, FL","AerSale, Inc.",2024-04-17,2024-05-17,,,,,9.0,
3902740325,Registered Nurse - Perinatal Educator - Per Diem,"Arlington Heights, IL",Endeavor Health,2024-04-17,2024-05-17,,,,,7.0,
3902740931,Infant/Toddler/Twos Teacher,"St Augustine, FL",Tutor Time Childcare,2024-04-17,2024-05-17,,,,,5.0,
3902741270,Assistant Project Manager,"Fairfax County, VA",Branch,2024-04-17,2024-05-17,,,,,8.0,1.0
3902741602,Auto Body Detailer,"Dover, NJ",Crash Champions,2024-04-17,2024-05-17,,,,,4.0,
3902741621,Medical Assistant - Neurosurgery,"Corpus Christi, TX",Driscoll Children's Hospital,2024-04-17,2024-05-17,,,,,4.0,
3902742046,Show Producer,"Los Angeles, CA",FanDuel,2024-04-16,2024-05-17,,,,,37.0,7.0
3902742118,Clinical Research Physician - Dermatologist (218522),"St Louis, MO",Medix™,2024-04-17,2024-05-17,,,,,2.0,
3902742608,Electrical Controls Technician,"Holland, MI",Fogg Filler,2024-04-17,2024-05-17,,,,,11.0,
3902743501,Child Care Bus Driver,"Miamisburg, OH",La Petite Academy,2024-04-17,2024-05-17,,,,,4.0,
3902743889,People Operations Coordinator,"Alpharetta, GA",MedQuest,2024-04-17,2024-05-17,,,,,26.0,3.0
3902743954,Package Handler- Switcher FT,"Independence, KY",FedEx Ground,2024-04-17,2024-05-17,,,,HOURLY,5.0,
3902744273,Pricing Analyst,United States,CEVA Logistics,2024-04-17,2024-05-17,,,,,35.0,10.0
3902744873,Marketing Manager,"Flowood, MS",Ergon Inc.,2024-04-17,2024-05-17,,,,,16.0,
3902744881,Mental Health Professional Hourly,"Gainesville, FL",Wellpath,2024-04-17,2024-05-17,,,,,5.0,
3902745028,Program Staffing Coordinator,"Annapolis Junction, MD",CACI International Inc,2024-04-17,2024-05-17,,50500.0,101000.0,YEARLY,22.0,
3902745085,Service Process Integrator,"Springfield, VA",CACI International Inc,2024-04-17,2024-05-17,,71500.0,150200.0,YEARLY,8.0,1.0
3902745677,Parking & Valet Supervisor,"St Louis, MO",BJC HealthCare,2024-04-17,2024-05-17,,,,,4.0,
3902746168,Industrial Maintenance Technician 2nd Processing Night Shift,"Mount Olive, NC","Butterball, LLC",2024-04-17,2024-05-17,,,,,6.0,
3902746419,Medical Laboratory Scientist,"Asheville, NC",Mission Health,2024-04-17,2024-05-17,,,,,9.0,
3902746697,Progressive Care Unit - Student Nurse Tech,"St Louis, MO",BJC HealthCare,2024-04-17,2024-05-17,,16.47,27.35,HOURLY,6.0,
3902746721,Staff Nurse,"Bronx, NY",NYC Health + Hospitals,2024-04-17,2024-05-17,,,,,5.0,
3902747315,Inventory Clerk,"Midland, TX",NOV,2024-04-17,2024-05-17,,,,,5.0,
3902747407,"Mental Health Professional (LPC-A, LPC, LMSW, LCSW, LMFT)","San Marcos, TX",Wellpath,2024-04-17,2024-05-17,,27.43,32.7,HOURLY,5.0,
3902747592,Senior Marketing Manager,"Akron, OH",The Goodyear Tire & Rubber Company,2024-04-17,2024-05-17,,,,,5.0,
3902747738,"Sr Director, PEO Sales","Allentown, PA",Paychex,2024-04-17,2024-05-17,,,,,14.0,1.0
3902748517,Nashville Philosophy Tutor,"Nashville, TN","Varsity Tutors, a Nerdy Company",2024-04-01,2024-05-17,,,,,4.0,
3902748706,Financial Specialist,"Springfield, VA",Transportation Security Administration (TSA),2024-04-17,2024-05-17,,117962.0,153354.0,YEARLY,26.0,4.0
3902749386,Physician Assistant II (Specialty) - Orthopedics Surgery Associates - Full Time 8 Hour Days (Exempt) (Non-Union),"Glendale, CA",Keck Medicine of USC,2024-04-16,2024-05-17,,158080.0,260832.0,YEARLY,4.0,
3902749415,Accounts Receivable – Deductions Analyst,"Salt Lake City, UT",Trü Frü,2024-04-17,2024-05-17,,,,,4.0,
3902749483,Director Of Casualty Claims,"Dublin, OH",Central Insurance,2024-04-17,2024-05-17,,,,,5.0,
3902749534,General Laborer,"Fort Pierce, FL",Tradesmen International,2024-04-17,2024-05-17,,18.0,19.0,HOURLY,14.0,1.0
3902750132,Mental Health Director,"North Brunswick, NJ","NaphCare, Inc.",2024-04-17,2024-05-17,,,,,4.0,
3902750207,Subject Matter Expert- Reporting Team,Greater Phoenix Area,Orion,2024-04-17,2024-05-17,,17.39,22.61,HOURLY,7.0,
3902750230,Indianapolis AP Computer Science Principles Tutor,"Indianapolis, IN","Varsity Tutors, a Nerdy Company",2024-04-01,2024-05-17,,,,,11.0,
3902750504,Veterinary Assistant,"Arlington, TX",National Veterinary Associates,2024-04-17,2024-05-17,,,,,12.0,1.0
3902750770,Referral Coordinator CenterWell Casselberry,"Casselberry, FL",CenterWell Senior Primary Care,2024-04-17,2024-05-17,,,,,7.0,
3902750910,Product Manager- Global Customer Service,"North Reading, MA",Teradyne,2024-04-17,2024-05-17,,,,,30.0,5.0
3902751453,"Offsite Medical Assistant I-Jackson Heights, NY, Full Time-Day",United States,Mount Sinai Health System,2024-04-17,2024-05-17,,20.94,23.05,HOURLY,4.0,
3902751456,Sales Outfitter Fishing/Marine-1,"Farmington, UT",Cabela's,2024-04-17,2024-05-17,,,,,5.0,
3902751839,"Manager, Pharmacy Regional Account Management",United States,Outcomes®,2024-04-17,2024-05-17,,,,,81.0,19.0
3902751894,Paralegal Assistant,"Tampa, FL",Holland & Knight LLP,2024-04-17,2024-05-17,,,,,17.0,
3902751957,CAS Air Force Writer / Intel Analyst,"Leesville, LA",Valiant Integrated Services,2024-04-17,2024-05-17,,,,,4.0,
3902752018,Manufacturing Engineer - Polymer Extrusion (Wire & Cable),"St Augustine, FL",Carlisle Interconnect Technologies,2024-04-17,2024-05-17,,,,,16.0,2.0
3902752048,Commercial Lines Pricing Manager,"Dublin, OH",Central Insurance,2024-04-17,2024-05-17,,,,,5.0,
3902752682,Float Universal Banker,"Pensacola, FL",Hancock Whitney,2024-04-17,2024-05-17,,,,,4.0,
3902752705,CPU Architecture and Performance Engineer,"Mountain View, CA",Google,2024-04-17,2024-05-17,,127000.0,187000.0,YEARLY,53.0,7.0
3902752817,Cashier Associate,"Wilson, NC","Burlington Stores, Inc.",2024-04-17,2024-05-17,,,,HOURLY,6.0,
3902752820,Veterinary Student Representative - Washington State University CVM,"Washington, United States",National Veterinary Associates,2024-04-17,2024-05-17,,,,,4.0,
3902752878,Sales & Applications Engineer II,"Largo, FL",ONICON Incorporated,2024-04-17,2024-05-17,,,,,4.0,
3902752886,Physical Therapist - SNF,"Orange Park, FL",National Staffing Solutions,2024-04-17,2024-05-17,,,,,5.0,
3902753078,Senior Process Engineer,"Austin, TX",Page,2024-04-17,2024-05-17,,,,,12.0,
3902753518,Customer Support Supervisor - Resolution Specialist,"Fairfield County, CT",Bob's Discount Furniture,2024-04-17,2024-05-17,,,,,56.0,15.0
3902754342,Material Tech (NE),"York, PA",DP World,2024-04-17,2024-05-17,,,,,5.0,
3902754359,Physician Associate - Cardiac OR - MSH - Per Diem,United States,Mount Sinai Health System,2024-04-17,2024-05-17,,,,,3.0,
3902754464,"Associate II, Quality Assurance","West Chester, OH",Resilience,2024-04-17,2024-05-17,,,,,32.0,4.0
3902754592,GI Field Based Marketing Director - Key Customer Team - Central,United States,Exelixis,2024-04-17,2024-05-17,2024-04-17,182000.0,258000.0,YEARLY,6.0,
3902754638,KI Kinetic Ops - Construction-Line Worker,"Perry, IN",Windstream,2024-04-17,2024-05-17,,,,,8.0,
3902754733,"Assistant Account Executive/Account Executive, Digital Innovation Group","Chicago, IL",BCW Global,2024-04-17,2024-05-17,,,,,2.0,
3902755417,STARBUCKS CLERK,"Anton Chico, NM",Albertsons Market,2024-04-17,2024-05-17,,,,,6.0,
3902755770,Mail Clerk,"Tampa, FL",University of South Florida,2024-04-17,2024-05-17,,,,YEARLY,12.0,
3902755858,Customer Technology Program Lead - Waukesha WI - Remote,"Waukesha, WI",GE HealthCare,2024-04-17,2024-05-17,,,,,25.0,1.0
3902756179,LPN - Float Team,"Marysville, OH",OhioHealth,2024-04-17,2024-05-17,,,,,5.0,
3902756292,Computer Science Intern,"Dayton, OH",Woolpert,2024-04-17,2024-05-17,,,,,84.0,31.0
3902756387,Readiness Manager 2,"Fort Meade, MD","Mission Technologies, a division of HII",2024-04-17,2024-05-17,,,,,7.0,
3902756458,Seasonal Sales Associate,"Norridge, IL",Men's Wearhouse,2024-04-17,2024-05-17,,,,,3.0,
3902756612,Part Time Sales Associate - US,"Chattanooga, TN",Eddie Bauer,2024-04-17,2024-05-17,,,,,5.0,
3902756681,Lead Warehouse Technician,"Dallas, NC",Owens Corning,2024-04-17,2024-05-17,,,,,7.0,
3902756745,Overnight Team Member,"Forest Lake, MN",Holiday Stationstores,2024-04-17,2024-05-17,,,,,5.0,
3902757026,Simulation Operations Specialist,"Dallas, TX",Children's Health,2024-04-17,2024-05-17,,,,,15.0,
3902757090,Per Diem Physical Therapist,"Columbus, OH",OhioHealth,2024-04-17,2024-05-17,,,,,4.0,
3902757207,Finance Director - Titanium Technologies,"Wilmington, DE",The Chemours Company,2024-04-17,2024-05-17,,,,,4.0,
3902757308,"Design Consultant- Pool Construction Sales, High Commissions!!","Farmers Branch, TX",Anthony & Sylvan Pools,2024-04-17,2024-05-17,,,,,3.0,
3902758026,Lamination Technician - RTM,"Vonore, TN",Brunswick Corporation,2024-04-17,2024-05-17,,,,,8.0,
3902758124,Market Cleanup,"Colleyville, TX",Market Street,2024-04-17,2024-05-17,,,,,4.0,
3902758183,Seasonal Sales Associate,"Noblesville, IN",Men's Wearhouse,2024-04-17,2024-05-17,,,,,5.0,
3902758376,Buyer / Planner,"Salt Lake City, UT",Ovivo,2024-04-17,2024-05-17,,,,,4.0,
3902758492,Team Member,"Arden Hills, MN",Holiday Stationstores,2024-04-17,2024-05-17,,,,,4.0,
3902758500,Field Service Technician - PV Inverters,"Wendell, NC",Siemens,2024-04-17,2024-05-18,,63980.0,109680.0,YEARLY,7.0,
3902758503,CAD Architect,"Fremont, CA",Siemens,2024-04-17,2024-05-18,,116900.0,233800.0,YEARLY,22.0,1.0
3902758508,Team Member,"Forest Lake, MN",Holiday Stationstores,2024-04-17,2024-05-17,,,,,6.0,
3902758602,"VP, Branch Manager - Miami","Miami, FL",Citi,2024-04-17,2024-05-17,,88320.0,132480.0,YEARLY,10.0,
3902758607,Internal Audit Director – Financial Planning & Analysis / Recovery & Resolution Planning,"Tampa, FL",Citi,2024-03-23,2024-05-17,,,,,23.0,1.0
3902759024,Seasonal Sales Associate,"Pittsburgh, PA",Men's Wearhouse,2024-04-17,2024-05-17,,,,,5.0,
3902759070,Key Account Manager,United States,Intertek,2024-04-17,2024-05-17,,,,,90.0,10.0
3902759333,"Building Automation Service Sales Manager – Canton, MA","Canton, MA",Siemens,2024-04-17,2024-05-18,,142520.0,244320.0,YEARLY,5.0,
3902759344,Digitalization Demand Manager,"Orlando, FL",Siemens,2024-04-17,2024-05-18,,66500.0,139080.0,YEARLY,15.0,1.0
3902759367,Lead Sales Associate,"Portage, IN",Leslie's,2024-04-17,2024-05-17,,13.0,15.0,HOURLY,8.0,
3902759369,Technical Project Manager,Greater Seattle Area,Grid Dynamics,2024-04-17,2024-05-17,,140000.0,170000.0,YEARLY,30.0,5.0
3902760342,Tier 3 Billing Support Specialist,United States,Rula,2024-04-17,2024-05-17,,,,,261.0,65.0
3902761171,Technical Support,"Kansas City, MO",Forrest T. Jones & Company,2024-03-23,2024-05-17,,,,,6.0,
3902762038,Maintenance - Level I,"Cloverdale, CA","Equity LifeStyle Properties, Inc.",2024-04-17,2024-05-17,,18.0,19.0,HOURLY,4.0,
3902762186,Customer Service Engineer 2 - MegaLab - Clifton NJ (3rd Shift),"Hoffman Estates, IL",Siemens,2024-04-17,2024-05-18,,,,,9.0,
3902762252,Digital Project Manager,"Milwaukee, WI",,2024-04-17,2024-05-17,,,,,10.0,2.0
3902762537,Registered Nurse,"Silvis, IL",Illini Restorative Care Ctr,2024-04-18,2024-05-18,,,,,2.0,
3902763077,"Intern, Parts, Garments & Accessories","Plymouth, MN",CFMOTO Powersports Inc,2024-04-17,2024-10-14,,,,,46.0,3.0
3902764042,Account Executive,United States,RevenueWell,2024-04-17,2024-05-17,,,,,94.0,45.0
3902776731,Newborn Hearing Screen Technician,"Tampa, FL",Pediatrix Medical Group,2024-04-18,2024-05-18,,,,,5.0,
3902779639,Brand Marketing Intern,"Portland, Oregon Metropolitan Area",Schoolhouse,2024-04-18,2024-05-18,,,,,75.0,6.0
3902779933,Compliance Advisory Manager,"Wilmington, DE",Capital One,2024-04-18,2024-05-18,,,,,4.0,
3902779955,Physical Therapist,"Lake Placid, NY","Team Builders Recruiting and Consulting, LLC",2024-04-17,2024-05-18,,44.01,66.02,HOURLY,7.0,
3902781817,Market Sales Leader,"Wilmington, MA",Bimbo Bakeries USA,2024-04-18,2024-05-18,,,,,4.0,
3902782566,Radiologic Technologist (X-Ray),"Rochester, NY",WellNow Urgent Care,2024-04-18,2024-05-18,,,,HOURLY,4.0,
3902782661,Dot Net Developer,"Raleigh, NC",Wipro,2024-04-18,2024-05-18,,,,,13.0,1.0
3902782724,"Principal Associate, Cloud Authentication Engineer (Microsoft Entra ID)","Plano, TX",Capital One,2024-04-18,2024-05-18,,,,,4.0,
3902782961,Certified Nursing Assistant (CNA),"Farmington Hills, MI",Ciena Healthcare,2024-04-18,2024-05-18,,,,,8.0,
3902783333,Baler Operator,"Mayville, WI",GFL Environmental Inc.,2024-04-18,2024-05-18,,,,,7.0,
3902783521,"Senior Software Engineer, Full Stack (Node)","McLean, VA",Capital One,2024-04-18,2024-05-18,,,,,12.0,
3902784806,Sr. Security Response Engineer,"Massachusetts, United States",Cloudera,2024-04-18,2024-05-18,,,,,12.0,1.0
3902785265,"Manager, Counsel - Real Estate","Richmond, VA",Capital One,2024-04-18,2024-05-18,,,,,8.0,
3902785926,Registered Nurse (RN) - Full-Time/Part-Time 1st Shift,"Wausau, WI","North Shore Healthcare, LLC",2024-04-18,2024-05-18,,,,,4.0,
3902786793,Registered Nurse (RN) - Full-Time/Part-Time 1st Shift,"Antigo, WI","North Shore Healthcare, LLC",2024-04-18,2024-05-18,,,,HOURLY,5.0,
3902787327,"Universal Banker I, II, or III - North Ave Branch - Chicago, IL","North Chicago, IL",Old Second National Bank,2024-04-17,2024-05-18,,,,,6.0,1.0
3902787507,Radiologic Technologist (Rad Tech),"Tualatin, OR",Legacy Health,2024-04-18,2024-05-18,,,,,6.0,
3902788344,Automotive Maintenance Technician,"Lorain, OH","Bridgestone Retail Operations, LLC",2024-04-18,2024-05-18,,,,,4.0,
3902788492,Buyer,"North Carolina, United States",Driven Brands Inc.,2024-04-17,2024-05-18,,,,,13.0,2.0
3902789495,Quality Systems Specialist,"Waltham, MA",Talent Groups,2024-04-18,2024-05-18,,,,,14.0,
3902790156,System Administrator,"Boston, MA",Tata Consultancy Services,2024-04-18,2024-05-18,,,,,7.0,
3902790385,Fire Sprinkler Technician,"Belgrade, MT",Summit Fire & Security,2024-03-24,2024-05-18,,,,,3.0,
3902794754,Dishwasher - City Cruises,"Chicago, IL",City Experiences,2024-04-17,2024-05-18,,,,,6.0,1.0
3902802199,Mechanical Engineer,"Lehi, UT",ZimZee Recruiting,2024-04-19,2024-10-16,,90000.0,130000.0,YEARLY,6.0,
3902803854,Product Marketing Manager,"San Francisco, CA",StyleAI,2024-04-19,2024-10-16,,,,,9.0,1.0
3902805143,Senior Attorney - Business Law Contracts,Nashville Metropolitan Area,Dollar General,2024-04-19,2024-05-19,,,,,5.0,
3902805475,Cybersecurity Sales Director,United States,Mammoth Cyber,2024-04-19,2024-05-19,,120000.0,170000.0,YEARLY,9.0,1.0
3902805918,Administrative Assistant,"Oklahoma City, OK",Addison Group,2024-04-19,2024-05-19,,40000.0,50000.0,YEARLY,5.0,1.0
3902806593,Mergers and Acquisitions Associate Attorney,Dallas-Fort Worth Metroplex,Lateral Link,2024-04-19,2024-05-19,,,,,20.0,5.0
3902807123,Senior Cost Engineer - Global Industrial Development,"Florence, SC",AESC US,2024-04-19,2024-05-19,,,,,2.0,
3902807136,Interim Enterprise Architect,"Plano, TX",Korn Ferry,2024-04-19,2024-05-03,,100.0,150.0,HOURLY,25.0,1.0
3902815009,Supervisor Supplier Quality Management,"Danville, IL",thyssenkrupp,2024-04-19,2024-05-19,,,,,5.0,1.0
3902815273,Manufacturing Engineering Supervisor,"Newton, NC",Movement Search & Delivery,2024-04-19,2024-05-19,,121000.0,146000.0,YEARLY,5.0,
3902817026,Database Administrator,"Lansing, MI","Hire IT People, Inc",2024-04-19,2024-05-19,,,,,37.0,1.0
3902818768,"Nurse Practitioner, PA/APRN Women's Health Bilingual ($30k signing bonus)","San Rafael, CA",Marin Community Clinics,2024-04-19,2024-10-16,2024-04-19,135000.0,160000.0,YEARLY,6.0,
3902822254,PCB Assembly Technician,"Ridgewood, NJ",techolution,2024-04-19,2024-06-18,,,,,5.0,
3902822276,Accounts Receivable Analyst,"Boston, MA",UG2,2024-04-19,2024-05-19,,,,YEARLY,14.0,1.0
3902822480,Request for Proposals: Design of a New Website,United States,International Fund for Public Interest Media,2024-04-19,2024-10-16,,,,,7.0,
3902825733,System Validation Engineer,"Plano, TX",Pave Talent,2024-04-19,2024-05-19,,,,,2.0,
3902826148,(Northeast) Remote opening for P&C Actuarial Director. - PR12743A,Northeastern United States,Pryor Associates Executive Search,2024-04-19,2024-05-19,,,,,4.0,
3902828672,Java Architect,"Jersey City, NJ",TekisHub Consulting Services ,2024-04-19,2024-05-19,,,,,15.0,
3902828839,SVP of Product Development ,"Utah, United States",Normine Lombard,2024-04-19,2024-05-19,,200000.0,270000.0,YEARLY,21.0,2.0
3902828885,Program Manager-Construction and Architecture,"Los Angeles, CA","First Tek, Inc.",2024-04-19,2024-05-19,,,,HOURLY,33.0,3.0
3902828886,Website Support Specialist ,United States,Team Velocity,2024-04-19,2024-05-20,,,,,33.0,8.0
3902829825,Supply Chain Master Scheduler,"Falconer, NY",SKF Group,2024-04-19,2024-05-19,,,,,5.0,
3902830434,Business Analyst,"Michigan, United States",USCTEK - Recruiting & Staffing,2024-04-19,2024-05-19,,,,,24.0,7.0
3902830612,Analytics Specialist,United States,aKUBE,2024-04-19,2024-05-19,,,,,101.0,20.0
3902830742,Healthcare Recruiter,"Alhambra, CA",Maxim Healthcare Services,2024-04-19,2024-05-19,,,,,4.0,
3902831514,Shift Leader,"Raleigh, NC",Papa Johns,2024-04-19,2024-05-19,,,,,4.0,
3902831537,Server,"Edison, NJ",True Food Kitchen,2024-04-19,2024-05-19,,,,,3.0,
3902831601,Executive Director for MBA Program (Academic Administrator),"San Diego, CA",UC San Diego,2024-04-19,2024-05-19,,,,,28.0,2.0
3902831722,Principal Architect (Architecture and Planning),"Texas, United States",Performance Services,2024-04-19,2024-05-19,,,,,7.0,
3902831766,Therapist - SBMH,"Queens, NY",The New York Foundling,2024-04-19,2024-05-19,,63750.0,72250.0,YEARLY,6.0,
3902831812,Corporate Paralegal - Technology,Denver Metropolitan Area,Soni,2024-04-19,2024-05-19,,65000.0,85000.0,YEARLY,3.0,
3902832569,Leasing Consultant,"Orlando, FL",,2024-04-19,2024-05-19,,,,,2.0,
3902832587,Mechanical Integration Design Release Engineer ,"Tustin, CA",Satyam Venture Engineering Services,2024-04-19,2024-05-19,,,,,18.0,4.0
3902832709,Process Engineer,"Garden City, NY",Akkodis,2024-04-19,2024-05-19,,,,,32.0,2.0
3902832721,Product Technology Project Manager,"Cupertino, CA",ATR International,2024-04-19,2024-05-19,,70.0,88.0,HOURLY,4.0,
3902833348,Sales Director,"Denver, CO",BellRock Brands,2024-04-19,2024-05-19,,90000.0,150000.0,YEARLY,14.0,
3902833473,Engine Department,"Port Arthur, TX",Bay Towing,2024-04-19,2024-05-19,,,,,6.0,
3902833622,Fleet Operations Specialist,"Lakewood, CO",JAB Recruitment,2024-04-19,2024-05-19,,36.0,42.0,HOURLY,5.0,
3902834363,Sales and Operations Management Trainee,"West Palm Beach, FL",Penske Truck Leasing,2024-04-19,2024-05-19,,,,,4.0,
3902834588,Director Technical Support,"South Portland, ME",Generac,2024-04-19,2024-05-19,,,,,6.0,
3902835144,Oracle HRMS,"Marlborough, MA",Centraprise,2024-04-19,2024-05-19,,,,,10.0,
3902836757,Assistant Store Manager - Chico's,"Morrisville, NC","Chico's FAS, Inc.",2024-04-19,2024-05-19,,,,,2.0,
3902836858,Senior Quantitative Researcher,"Chicago, IL",SkyWater Search Partners,2024-04-19,2024-05-19,,,,,3.0,
3902837895,2nd Shift Flexo Slitter,"Rochester, NY",MCC Label,2024-04-19,2024-05-19,,,,HOURLY,3.0,
3902838767,Case Manager,"Queens, NY",Jewish Board of Family and Children's Services,2024-04-19,2024-05-19,,,,,3.0,
3902838968,Reverse Engineer,"Bothell, WA",Piper Companies,2024-04-19,2024-05-19,,,,,4.0,
3902838974,CAD/BIM Drafter,"Towson, MD",Piper Companies,2024-04-19,2024-05-19,,,,,3.0,
3902839635,Senior Financial Analyst- Manufacturing – Garland Plant,"Garland, TX",Kraft Heinz,2024-04-19,2024-05-19,,,,,4.0,
3902839684,Senior Mechanical HVAC Engineer,"Ellicott City, MD",Merrick & Company,2024-04-19,2024-05-19,,120000.0,150000.0,YEARLY,4.0,
3902839791,Client Specialist,"Marlton, NJ",Talbots,2024-04-19,2024-05-19,,,,,4.0,
3902839943,HVDC Cable Specialist,"Goose Creek, SC",Core Group Resources,2024-04-19,2024-05-19,,,,,3.0,
3902840720,Cloud Operations Engineer,United States,CentralSquare Technologies,2024-04-19,2024-05-19,,,,,5.0,
3902840994,Director of Business Development,"Los Angeles, CA",Metropolis Technologies,2024-04-19,2024-05-19,,125000.0,160000.0,YEARLY,3.0,
3902841694,Data Modeler,"Philadelphia, PA",Experis,2024-04-19,2024-05-19,,,,,2.0,
3902841696,Manufacturing Manager - Material Plan & Execution,"Charleroi, PA",GE Renewable Energy,2024-04-19,2024-05-19,,,,,4.0,
3902841983,Freelance Marketing Copywriter,United States,SUCCESS Magazine,2024-04-19,2024-10-16,,,,HOURLY,4.0,
3902842503,EVP Assistant (Onsite),"Orlando, FL",Equitable,2024-04-19,2024-05-19,,46000.0,50000.0,YEARLY,5.0,
3902843614,"Scientist II, Lead Development","Durham, NC",Life Edit Therapeutics,2024-04-19,2024-05-19,,,,,2.0,
3902843828,Learning & Development Specialist,"Wisconsin, United States",AbleLight,2024-04-19,2024-05-19,,,,,1.0,
3902843925,Senior Accountant,"San Francisco County, CA",Ledgent,2024-04-19,2024-05-19,,100000.0,115000.0,YEARLY,,
3902844106,Enterprise Data Engineer (Onsite),"Washington, DC",Piper Companies,2024-04-19,2024-05-19,,130000.0,160000.0,YEARLY,3.0,
3902844359,Quality Assurance Lead,"Groton, CT",Randstad Life Sciences US,2024-04-19,2024-05-19,,39.0,49.0,HOURLY,1.0,
3902844456,Dietary Aide,"Billerica, MA",Life Care Centers of America,2024-04-19,2024-05-19,,,,,2.0,
3902844710,Power Plant Technician - Lake Hubbard,"Sunnyvale, TX",Vistra Corp.,2024-04-19,2024-05-19,,,,,3.0,
3902845030,Federal Support Engineer 2,"New York, NY",Datadog,2024-04-19,2024-05-19,,,,,3.0,
3902845331,Financial Assistant - Entry Level,"Tallahassee, FL",InstantServe LLC,2024-04-19,2024-05-19,,,,HOURLY,2.0,
3902845385,Certified Nursing Assistant (CNA),"Littleton Common, MA",Life Care Centers of America,2024-04-19,2024-05-19,,,,,3.0,
3902845603,Real Estate Salesperson,United States,METCAFE LIMITED,2024-04-19,2024-05-19,,,,,2.0,
3902846226,SEO Optimization and CMS Publishing Editor,United States,SUCCESS Magazine,2024-04-19,2024-10-16,,,,HOURLY,3.0,
3902846239,Corporate Recruiter,"Bedford, MA",Kelly,2024-04-19,2024-05-19,,,,,1.0,
3902846520,Lead Python Software Engineer,"Houston, TX",FUSTIS LLC,2024-04-19,2024-05-19,,80.0,85.0,HOURLY,5.0,
3902846521,Marketing Assistant,United States,SUCCESS Magazine,2024-04-19,2024-10-16,,,,HOURLY,4.0,1.0
3902847303,"Administrative Associate Sr, Chancellor's Office","Lawrence, KS",The University of Kansas,2024-04-19,2024-05-19,,44000.0,50000.0,YEARLY,3.0,
3902848474,Epidemiologist,United States,Insight Global,2024-04-19,2024-05-19,,46.0,56.0,HOURLY,3.0,
3902850024,Certified Nursing Assistant (CNA),"Acton, MA",Life Care Centers of America,2024-04-19,2024-05-19,,,,,4.0,
3902858889,Relationship Banker I 30 hr (Laplace Branch),"LaPlace, LA",Regions Bank,2024-04-19,2024-05-19,,36580.0,43380.0,YEARLY,4.0,
3902860456,Advisor Consultant - Alternative Investments,"Newport Beach, CA",TIAA,2024-04-19,2024-05-19,,150000.0,200000.0,YEARLY,3.0,
3902860781,Mig Welder,"Mesquite, TX",XL Pro Staffing and Consulting Group,2024-04-19,2024-05-19,,,,,1.0,
3902860945,Pharmacist,"Redding, CA",Shasta Regional Medical Center,2024-04-19,2024-05-19,,,,,4.0,
3902860980,Industry Sales Executive,United States,Oracle,2024-04-19,2024-05-19,,70200.0,147600.0,YEARLY,4.0,
3902862316,Material Handler,"Greenville, SC",Russell Tobin,2024-04-19,2024-05-19,,,,,4.0,
3902862769,Respiratory Therapist - CRT/RRT,"Newark, NJ",Saint Michael's Medical Center,2024-04-19,2024-05-19,,,,,3.0,
3902862914,AML KYC Operations Analyst,"Jacksonville, FL",Bank of America,2024-04-19,2024-05-19,,,,,3.0,
3902863216,Seasonal Warehouse Worker,"Hanover, MD",POOLCORP,2024-04-19,2024-05-19,,,,,4.0,
3902863522,Service Coordinator - Chattanooga,"Chattanooga, TN",Trane Technologies,2024-04-16,2024-05-19,,,,,2.0,
3902863868,On-Air Talent - Part Time,"Albany, GA",iHeartMedia,2024-04-19,2024-05-19,,,,,5.0,
3902863987,Marketing Intern,"Newport Beach, CA",Altura,2024-04-19,2024-05-19,,,,HOURLY,2.0,
3902864512,Sales Trainee,"Albany, NY",Red Bull Distribution Company,2024-04-19,2024-05-19,,,,,2.0,
3902864760,Manufacturing Process Engineer III,"Pasadena, TX",Ketjen Corporation,2024-04-19,2024-05-19,,,,,2.0,
3902864806,Test Development Project Manager,"Carson City, NV",Pearson,2024-04-19,2024-05-19,,,,,3.0,
3902864889,Tax / Senior Tax / Manager Specialist (SALT),United States,Apolis,2024-04-19,2024-05-19,,50.0,80.0,HOURLY,3.0,
3902865547,Field Service Technician / Low Voltage Electrician,"Medford, OR",Vivint,2024-04-19,2024-05-19,,,,,3.0,
3902865698,Full-Time Stockroom Operations Supervisor,"Blaine, MN",Kohl's,2024-04-19,2024-05-19,,,,,4.0,
3902865839,"Director HR, Digital Health","Fort Worth, TX",Alcon,2024-04-19,2024-05-19,,,,,5.0,
3902865994,Intervention Specialist - SY 24-25,"Cleveland, OH",ACCEL Schools,2024-04-19,2024-05-19,,,,,4.0,
3902866205,Gas Station Team Member,"Howell, NJ",BJ's Wholesale Club,2024-04-19,2024-05-19,,,,HOURLY,4.0,
3902866206,Front End Lead,"Pittsfield, MA",BJ's Wholesale Club,2024-04-19,2024-05-19,,,,HOURLY,4.0,
3902866565,OEM Technical Analyst 3 - Support,"Colorado Springs, CO",Oracle,2024-04-19,2024-05-19,,21.59,60.63,HOURLY,5.0,
3902866853,Grant Writer (Housing Solutions),"Phoenix, AZ",Goodwill of Central and Northern Arizona,2024-04-19,2024-05-19,,58000.0,60000.0,YEARLY,2.0,
3902866876,Project Manager Comp Package 100k+,"Virginia Beach, VA",Amtec Inc.,2024-04-19,2024-05-19,,,,,,
3902867159,"Multi-Purpose Clerk - Bakery/Deli - Lucky - 2175 Grant Rd., Los Altos, CA 94024","Los Altos, CA",The Save Mart Companies,2024-04-19,2024-05-19,,,,,4.0,
3902867202,Microbiology Laboratory Technician,"Modesto, CA",Tucker Parker Smith Group (TPS Group),2024-04-19,2024-05-19,,76211.0,116247.0,YEARLY,2.0,
3902867407,Experienced Fire Alarm Installation Technician,"Hampton, VA","Axcex Media, LLC",2024-04-19,2024-05-19,,,,,3.0,
3902867415,Test Development Project Manager,"Dover, DE",Pearson,2024-04-19,2024-05-19,,,,,1.0,
3902867417,Test Development Project Manager,"Richmond, VA",Pearson,2024-04-19,2024-05-19,,,,,4.0,
3902867514,"Principal GTM Solutions Architect (Remote, USA)",United States,Grafana Labs,2024-04-19,2024-05-19,,224000.0,268000.0,YEARLY,2.0,
3902867527,Facilities Engineer,"Des Moines, IA",EPITEC,2024-04-19,2024-05-19,,,,HOURLY,2.0,
3902867634,Network/Systems Engineer,"Los Angeles, CA",SKIMS,2024-04-19,2024-05-19,,130000.0,150000.0,YEARLY,3.0,
3902867648,Admissions Coordinator,"Phoenix, AZ",Sanctuary Recovery Centers,2024-04-19,2024-05-19,,,,,3.0,
3902867652,DIRECT CARE STAFF,"Omaha, NE",Rite of Passage,2024-04-19,2024-05-19,,,,,4.0,
3902868021,Healthcare Economics Analyst,"Meridian, ID",Blue Cross of Idaho,2024-04-19,2024-05-19,,,,,4.0,
3902868061,Marketing Writer/Copywriter,United States,Summit Strategy,2024-04-19,2024-05-19,,,,,5.0,
3902868261,Network Operations Admin NOC - Mid ,"Austin, TX","Ursus, Inc. ",2024-04-19,2024-05-19,,25.0,31.0,HOURLY,1.0,
3902869131,(F/T) Registered Nurse 1 - UMMG/Community Health,"Miami, FL",University of Miami,2024-04-19,2024-05-19,,,,,2.0,
3902871015,Social Worker,"Watsonville, CA",San Andreas Regional Center,2024-04-19,2024-05-19,,5723.0,6955.0,MONTHLY,1.0,
3902873579,Data Analyst,United States,USCTEK - Recruiting & Staffing,2024-04-19,2024-05-19,,,,,3.0,
3902875176,Regional Sales Manager (Northeastern US),United States,Kwik Lok Corporation,2024-04-19,2024-05-19,,65000.0,98000.0,YEARLY,6.0,
3902875988,Restoration Technician,"Tampa, FL","ATI Restoration, LLC",2024-04-19,2024-05-19,,,,,3.0,
3902876529,Senior Solutions Architect,United States,Cyara,2024-04-19,2024-05-19,,174000.0,193000.0,YEARLY,2.0,
3902876641,Director of Market Planning,Greater Phoenix Area,Dutch Bros Coffee,2024-04-20,2024-10-17,,,,,1.0,
3902877525,Practice Transformation Consultant,"California, United States",Elevation Health Partners,2024-04-19,2024-10-16,,70000.0,115000.0,YEARLY,1.0,
3902880417,Marketing Campaign Specialist,"Austin, Texas Metropolitan Area",Yardi,2024-04-19,2024-05-19,,,,,4.0,
3902880529,Summer Camp Manager,"Brainerd, MN",,2024-04-20,2024-05-20,,,,,4.0,
3902881313,Education Cloud Solution Lead,"New Haven, CT",LTIMindtree,2024-04-19,2024-05-19,,131000.0,180000.0,YEARLY,1.0,
3902881335,Supply Chain Manager,United States,,2024-04-19,2024-10-16,,,,,2.0,
3902881363,Vice President of Administrative Services - Mesa Community College,"Mesa, AZ",Another Source,2024-04-19,2024-05-19,,130000.0,169000.0,YEARLY,2.0,
3902881387,"Senior Financial Analyst, Hybrid (95K-100K+Bonus)","Dallas, TX",LHH,2024-04-19,2024-05-19,,,,,3.0,
3902881388,"Senior Corporate Accountant, Plano (90K-95K+Bonus)","Plano, TX",LHH,2024-04-19,2024-05-19,,,,,1.0,
3902881393,Python Software Engineer,New York City Metropolitan Area,Provision People,2024-04-20,2024-05-21,,,,,,
3902883017,Equity and Compliance Director - CSU Long Beach,"Long Beach, CA",Another Source,2024-04-19,2024-05-19,,130000.0,136000.0,YEARLY,2.0,
3902883131,Account Manager ,"Seattle, WA",Acer,2024-04-20,2024-05-20,,,,,3.0,
3902883232,Data Entry,"Rolling Meadows, IL",The Reserves Network,2024-04-19,2024-05-20,,,,HOURLY,4.0,
3902900415,Inside Sales - Lead Generation Specialist,United States,VIM Technologies Inc.,2024-04-16,2024-05-16,,,,,15.0,4.0
3902903527,Music Industry- Accounting Associate ,New York City Metropolitan Area,Navigate Search,2024-04-16,2024-05-16,,55000.0,60000.0,YEARLY,2.0,1.0
3902903991,"Senior Environmental, Health & Safety Professional","Newark, DE",TekSolv,2024-04-16,2024-10-13,,,,,7.0,2.0
3902905885,Dean of Students,"Greenfield, MA",Greenfield Community College,2024-04-16,2024-10-13,,105000.0,115000.0,YEARLY,32.0,4.0
3902910049,Account Merchandiser,"Mobile, AL",Buffalo Rock Company,2024-04-16,2024-05-16,,,,,5.0,
3902910093,PT ASSISTANT STORE MANAGER,"Washington, NC",Family Dollar,2024-04-16,2024-05-16,,,,,6.0,
3902910467,Patient Representative I - Radiology,Greater Cleveland,Cincinnati Children's,2024-04-16,2024-05-16,,,,,5.0,
3902910888,Dental Assistant - $1K Sign on Bonus,"Chesterfield, MI",North American Dental Group (NADG),2024-04-16,2024-05-16,,,,,4.0,
3902911182,PT ASSISTANT STORE MANAGER,"Pinetown, NC",Family Dollar,2024-04-16,2024-05-16,,,,,4.0,
3902911720,Cook,"Alexandria, VA",Wegmans Food Markets,2024-04-15,2024-05-16,,16.0,17.0,HOURLY,4.0,
3902912663,Maintenance Supervisor,"Rolla, MO",Randstad USA,2024-04-16,2024-05-16,,72000.0,84000.0,YEARLY,6.0,
3902912805,"Retail Cosmetics Sales Beauty Advisor - MAC, Pheasant Lane - Part Time","Nashua, NH",Macy's,2024-04-16,2024-05-16,,,,,5.0,
3902913488,Marketing Specialist,"Jacksonville, FL",Soliant,2024-04-16,2024-10-13,,,,,44.0,3.0
3902913681,ServiceNow Presales Lead/Director,United States,ClifyX,2024-04-16,2024-05-16,,,,,1.0,
3902913831,Quality Auditor,"Lansdale, PA","Merck & Co., Inc.",2024-04-16,2024-05-16,,30.0,32.0,HOURLY,5.0,
3902914473,Peoplesoft Financial Consultant,"Columbus, Ohio Metropolitan Area",,2024-04-16,2024-05-16,,,,,19.0,2.0
3902915545,Java Architect,"Pennsylvania, United States",First Derivative,2024-04-16,2024-05-16,,,,,2.0,
3902915573,Mortgage Loan Officer,"Vineland, NJ",YourEliteMortgage,2024-04-16,2024-05-16,,,,,2.0,
3902915616,IT Business Consultant - Cybersecurity,"Charleston, SC","Mercedes-Benz Vans, LLC (Charleston, SC)",2024-04-16,2024-05-16,,,,,4.0,
3902915791,Senior Medical Science Liaison Neurology - Southeast,"Miami, FL",Lundbeck,2024-04-16,2024-05-16,,,,,8.0,
3902916074,"Pharmacy Technician I, Outpatient Shapiro Pharmacy (Per Diem, Days/Evenings/Nights)","Boston, MA",Boston Medical Center (BMC),2024-04-16,2024-05-16,,,,,6.0,
3902916935,Solution Architect,"Sacramento, CA",HTC Global Services,2024-04-16,2024-05-16,,,,,6.0,
3902916981,Asset Protection Lead - Full Time,"Snellville, GA",Belk,2024-04-16,2024-05-16,,,,,6.0,
3902917707,Stylist,"Shrewsbury, NJ",,2024-04-16,2024-05-16,,,,,2.0,
3902917788,Provider Growth Associate,United States,Fay,2024-04-16,2024-05-16,,50000.0,90000.0,YEARLY,194.0,52.0
3902918245,General Automotive Technician,"Houston, TX",AAMCO Transmissions and Total Car Care,2024-04-16,2024-05-16,,,,,7.0,
3902918559,Administrative Assistant,"Wellesley Hills, MA",Equitable Advisors,2024-04-16,2024-05-16,,,,,27.0,3.0
3902919079,"Retail Sales Associate, Lakeside - Full Time","Metairie, LA",Macy's,2024-04-16,2024-05-16,,,,,5.0,
3902919446,Power Design Engineer,"McLeansville, NC",The Ekeo Group,2024-04-16,2024-05-16,,,,,8.0,
3902919470,Mortgage Loan Officer,"Edison, NJ",YourEliteMortgage,2024-04-16,2024-05-16,,,,,3.0,
3902919690,Maintenance Supervisor,"Novi, MI",Venteon,2024-04-16,2024-05-16,,85000.0,95000.0,YEARLY,8.0,
3902919764,Computer Based Training Specialist,"Fort McKavett, TX",PULAU Corporation,2024-04-16,2024-05-16,,,,,6.0,
3902922178,"Engineer, Enterprise Technical Support (3rd Shift)","Louisville, KY",Packsize,2024-03-22,2024-05-16,,,,,3.0,
3902922986,Associate Software Engineer,United States,Run A Better Set (RABS),2024-04-16,2024-10-13,,,,,1156.0,508.0
3902924011,Production Manager - Insulation,"Ocala, FL",TruTeam,2024-04-16,2024-05-16,,,,,4.0,
3902926021,Volunteer: Red Cross: Shelter Support Team,"Abbotsford, WI",VolunteerMatch,2024-04-16,2024-05-16,,,,,4.0,
3902927004,Business Process Analyst,"Wilmington, DE",GForce Life Sciences,2024-04-16,2024-05-16,,60.0,69.0,HOURLY,178.0,52.0
3902929635,"Legal Attorney, Vice President","New York, NY",Global Business Consulting Services (GBCS),2024-04-16,2024-05-16,,165000.0,185000.0,YEARLY,3.0,1.0
3902929786,Senior Cost Manager,Raleigh-Durham-Chapel Hill Area,HeatherDaniel International,2024-04-16,2024-05-16,,120000.0,170000.0,YEARLY,2.0,
3902931030,Database Administrator,"Hartford, CT",Software Technology Inc.,2024-04-16,2024-05-16,,,,,10.0,1.0
3902931202,ATTORNEY SPECIALIST,"Russellville, AR",State of Arkansas,2024-04-16,2024-05-16,,62531.0,90670.0,YEARLY,4.0,
3902933340,Specialist Network Project Mgmt,"Chicago, IL",AT&T,2024-04-15,2024-05-16,,77800.0,130800.0,YEARLY,4.0,1.0
3902934626,Senior Sales Manager - Washington Hilton,"Washington, DC",Washington Hilton,2024-04-16,2024-05-16,,,,,8.0,
3902935009,Administrative Assistant,"Syracuse, NY",Allegiance Technology,2024-04-16,2024-05-16,,40000.0,50000.0,YEARLY,5.0,
3902937044,CAD Designer,"Arcade, NY",Howard-Sloan Search,2024-04-16,2024-06-15,,55000.0,65000.0,YEARLY,13.0,1.0
3902937049,Marketing Assistant,"San Antonio, Texas Metropolitan Area","Millennium Recruiting, Inc.",2024-04-16,2024-05-16,,,,,3.0,
3902938840,Panel Shop Services Intern - Summer 2024,"Champlin, MN",Egan Company,2024-04-16,2024-05-16,,,,,6.0,
3902939643,Litigation Compliance Counsel for Homicide and Gang Cases,"Brooklyn, NY",Brooklyn District Attorney's Office,2024-04-16,2024-10-13,,,,,81.0,4.0
3902939727,Master Level Therapist (Contract) - Texas,United States,Included Health,2024-04-16,2024-05-16,,,,HOURLY,25.0,
3902939819,Sales Assistant Manager,United States,Rent-A-Center,2024-04-16,2024-05-16,,,,,6.0,
3902940508,Online Paid Conversation: City Insights Wichita,"Wichita, KS",Questo,2024-04-16,2024-05-16,,,,,19.0,1.0
3902940586,Licensed Professional Counselor,"Florida, United States",LunaJoy Health,2024-04-16,2024-10-13,,,,,16.0,
3902940976,"Dining Service Associate (11:30am-8:00pm, M-F)","Lincoln, NE",University of Nebraska-Lincoln,2024-04-16,2024-05-16,,,,HOURLY,5.0,
3902941523,Sales Assistant Manager,"San Juan, TX",Rent-A-Center,2024-04-16,2024-05-16,,,,,4.0,
3902941741,National Account Manager,United States,LocaliQ | USA TODAY NETWORK,2024-04-16,2024-05-16,,,,,31.0,1.0
3902941842,Residential Asset Management Associate,New York City Metropolitan Area,Gotham Organization,2024-04-16,2024-05-16,,110000.0,125000.0,YEARLY,33.0,4.0
3902942214,"Sr Manager & GM, Providence","Smithfield, RI",Otis Elevator Co.,2024-04-16,2024-05-16,,,,,11.0,1.0
3902942406,"Signing Agent - Palm Springs, California","Palm Springs, CA",Title Forward,2024-04-16,2024-05-16,,,,,7.0,
3902942597,Director of Athletics Development/Associate Director of Athletics,"New York, NY",Fordham University,2024-04-16,2024-05-16,,,,,80.0,6.0
3902942810,Consumer Loan Service Delivery Representative II,"Riverside, CA",SchoolsFirst Federal Credit Union,2024-04-16,2024-05-16,,20.67,28.94,HOURLY,6.0,
3902943514,Senior UX Designer,"Boston, MA",WHOOP,2024-04-16,2024-05-16,,,,,44.0,10.0
3902943531,FACETS Developer,United States,VITS Consulting Corp,2024-04-16,2024-05-16,2024-04-16,,,,70.0,
3902943733,Program Manager,"New York, NY",Inclusively,2024-04-16,2024-05-16,,,,,76.0,11.0
3902944011,Senior Automation Engineer - Power Systems,"Houston, TX",Current Power,2024-04-16,2024-05-16,,,,,22.0,
3902946054,Material Handler - 2nd Shift (Fabrication),"Waukesha, WI",Eaton,2024-04-16,2024-05-16,,,,,6.0,
3902947057,Customer Service Associate (Supply Chain & Logistics),United States,Swooped,2024-04-16,2024-05-16,,68000.0,75000.0,YEARLY,260.0,70.0
3902947398,"PD RN, Night Shift, (Emergency Screening)","Somerville, NJ",RWJBarnabas Health,2024-04-16,2024-05-16,,,,,4.0,
3902948054,"Claims Supervisor, Total Loss","Boston, MA",Plymouth Rock Assurance,2024-04-16,2024-05-16,,,,,5.0,
3902948105,Client Relationship Manager,"Dallas, TX","Millennium Recruiting, Inc.",2024-04-16,2024-05-16,,,,,10.0,
3902949089,Hand,"Beaver Falls, NY",ALKEGEN,2024-04-16,2024-05-16,,,,HOURLY,5.0,
3902952110,Senior Customer Success Manager,United States,Swooped,2024-04-16,2024-05-16,,100000.0,130000.0,YEARLY,109.0,26.0
3902953064,Physical Therapist - Pelvic Health - Part-Time,"Fayetteville, NC",Select Physical Therapy,2024-04-16,2024-05-16,,38.0,50.0,HOURLY,6.0,
3902953784,RESTAURANT / HOSPITALITY EXPERIENCE - Entry Level Positions,"Denver, CO",GIG USA,2024-04-16,2024-05-16,,,,,8.0,2.0
3902954958,Distribution Utility Forester,"Jackson, AL",Environmental Consultants (ECI),2024-04-16,2024-05-16,,,,,7.0,
3902956652,Customer Service Associates,Dallas-Fort Worth Metroplex,GIG USA,2024-04-16,2024-05-16,,,,,2.0,
3902957604,UTS-Temporary Conference Coordinator at UNC Chapel Hill,Raleigh-Durham-Chapel Hill Area,North Carolina State University,2024-04-16,2024-05-16,,26.0,28.0,HOURLY,10.0,
3902963119,Entry Level Technical Recruiter,"Jacksonville, FL","Johnson Service Group, Inc.",2024-04-16,2024-05-16,,,,,83.0,10.0
3903424903,"Junior Records Specialist(Onsite job in Phoenix, AZ)","Phoenix, AZ",Sharp Decisions,2024-04-18,2024-05-18,,22.98,22.98,HOURLY,40.0,2.0
3903425940,Claims Review Specialist - Workers Compensation,"Tempe, AZ",Aerotek,2024-04-18,2024-05-18,,,,,2.0,
3903425992,Financial Analyst,"Wilmington, DE",Collabera,2024-04-18,2024-05-18,,,,,5.0,
3903426588,Auto Glass Installation Technician Trainee,"Peoria, AZ",Safelite,2024-04-18,2024-05-18,,18.0,25.0,HOURLY,3.0,
3903426744,Network Admin,"San Jose, CA",Tata Consultancy Services,2024-04-18,2024-05-18,,,,,4.0,
3903426895,Behavioral Health LPN Part Time Nights,"Waterbury, CT",Trinity Health Of New England,2024-04-18,2024-05-18,,,,,2.0,
3903427636,Project Manager - District Services,"Frisco, TX",Westwood Professional Services,2024-04-18,2024-05-18,,,,,3.0,
3903428466,Azure Solution Architect- Healthcare,"Boston, MA",Akkodis,2024-04-18,2024-05-18,,170000.0,180000.0,YEARLY,8.0,4.0
3903428514,Floating Leasing Agent,New York City Metropolitan Area,TF Cornerstone,2024-04-18,2024-05-18,,55000.0,60000.0,YEARLY,4.0,
3903429314,Senior IT Risk Manager (temp to perm),New York City Metropolitan Area,"Madison-Davis, LLC",2024-04-18,2024-05-18,,,,,40.0,4.0
3903429751,Financial Operations Analyst,"New York, NY",Davis Polk & Wardwell LLP,2024-04-18,2024-05-18,,70000.0,90000.0,YEARLY,62.0,29.0
3903431111,Manufacturing Quality Engineer,"Oxford, MI",Kratos Defense and Security Solutions,2024-04-18,2024-05-18,,,,,23.0,3.0
3903431410,Environmental Services Technician 2,"Leesburg, FL",UF Health Central Florida,2024-04-18,2024-05-18,,,,,5.0,
3903432115,Medical Assistant MA 24 hours,"Springfield, MA",Trinity Health Of New England,2024-04-18,2024-05-18,,,,,4.0,
3903432527,Project Management Leader,"New York, NY",Myroutex,2024-04-18,2024-05-18,,,,,9.0,
3903433172,Technical Account Manager,United States,Wave Talent,2024-04-18,2024-05-18,,160000.0,180000.0,YEARLY,21.0,11.0
3903439890,"Restaurant Crewmember - Cook, Cashier & Customer Service","Boerne, TX",Raising Cane's Chicken Fingers,2024-04-18,2024-05-18,,,,,7.0,
3903440808,Gas and Electric Utility Client Account Manager,"Los Angeles County, CA",Kleinfelder,2024-04-18,2024-05-18,,138967.0,156881.0,YEARLY,9.0,1.0
3903440968,Lead Assoc 2 - $1.5 and up,"Kannapolis, NC",Goodwill Industries of Northwest NC,2024-04-18,2024-05-18,,,,HOURLY,7.0,
3903441937,Talent Acquisition Operations Specialist,United States,The Judge Group,2024-04-18,2024-05-18,,,,,801.0,354.0
3903442844,R & D Chemist - Coatings,Greater Cleveland,Advanced Materials & Technology Recruiting,2024-04-18,2024-05-18,,100000.0,115000.0,YEARLY,29.0,4.0
3903443556,Servers- Part Time Afternoons and Evenings- Flexible Hours,"Exeter, NH",RiverWoods,2024-04-18,2024-05-18,,,,,8.0,
3903445676,AI Engineer/Architect,"Washington, DC",Hyperion Technologies LLC,2024-04-18,2024-05-18,,,,,121.0,25.0
3903445758,Lead Customer Service Associate,"Memphis, TN",Zips Car Wash LLC,2024-04-18,2024-05-18,,,,,5.0,
3903445855,Data Center Acquisition Sales - Ohio,"Ohio, United States",Lenovo,2024-04-18,2024-05-18,,,,,3.0,
3903445959,Perianesthesia RN CC,"Corpus Christi, TX",Driscoll Children's Hospital,2024-04-18,2024-05-18,,,,,3.0,
3903446877,Telecom Engineer,"New York, NY",eTeam,2024-04-18,2024-05-18,,,,,56.0,3.0
3903447159,Data Engineer,United States,OpenWeb,2024-04-18,2024-05-18,,,,,752.0,212.0
3903447350,"Senior Engineer, I&C","Boise, ID",Exyte,2024-04-18,2024-05-18,,,,,9.0,
3903447802,Vice President of Finance,"Houston, TX","Century Communities, Inc. (NYSE:CCS)",2024-04-18,2024-05-18,,,,,13.0,
3903448185,Radiologic Technologist - Clinic,"Maple Grove, MN",Fairview Health Services,2024-04-18,2024-05-18,,,,,6.0,
3903448199,Sparkleberry Carpenter Helper 3,"Molino, FL",Black & Veatch,2024-04-18,2024-05-18,,,,,7.0,
3903448381,IT Account Executive,"Maplewood, MN",TechHuman,2024-04-18,2024-05-18,,,,,40.0,6.0
3903448598,"Full Time Nanny Needed in Peoria, IL. Option to Live-in (Temporarily).","Edwards, IL",Career Nannies and Household Staffing,2024-04-18,2024-10-15,,35.0,45.0,HOURLY,3.0,
3903448920,Clinical Nurse Coordinator RN,"Pasadena, TX",HCA Houston Healthcare,2024-04-18,2024-05-18,,,,,5.0,
3903449013,K- 8 Art Teacher,"Cleveland, OH",Maxim Healthcare Staffing,2024-04-18,2024-05-18,,,,,5.0,
3903449385,Perianesthesia RN CC,"Corpus Christi, TX",Driscoll Children's Hospital,2024-04-18,2024-05-18,,,,,4.0,
3903449544,Shipping & Receiving,"Pottsville, PA",Hexcel Corporation,2024-04-18,2024-05-18,,,,,3.0,
3903449552,Head of Partnerships,United States,Raintree Systems,2024-04-18,2024-05-18,,,,,140.0,32.0
3903449919,Java with Microservices (Developer),"Berkeley Heights, NJ",TalentOla,2024-04-18,2024-05-18,,,,,100.0,36.0
3903450165,Civil Structural Engineering Supervisor,"Aiken, SC","Enercon Services, Inc.",2024-04-18,2024-05-18,,,,,5.0,
3903450672,RN Coordinator,"Denver, CO",HCA Healthcare,2024-04-18,2024-05-18,,35.51,54.87,HOURLY,4.0,
3903450675,Central Sterile Tech-Surgery Center,"Webster, TX",HCA Healthcare,2024-04-18,2024-05-18,,,,,5.0,
3903451939,Collections Specialist,"Winston-Salem, NC",Computech Corporation,2024-04-18,2024-05-18,,20.0,21.0,HOURLY,8.0,2.0
3903451957,Field Engineer,"Edna, TX",Signal Energy,2024-04-18,2024-05-18,,,,,5.0,
3903452248,Fine Dining Senior Leaders,"Houston, TX",The Hunter Group Associates,2024-04-18,2024-05-18,,60000.0,85000.0,YEARLY,3.0,1.0
3903453168,Resident Assistant,"Yonkers, NY",Five Star Senior Living,2024-04-18,2024-05-18,,18.5,20.5,HOURLY,4.0,
3903453629,Infrastructure Manager,"University Park, PA",The Applied Research Laboratory at Penn State University,2024-04-18,2024-05-18,,,,,9.0,
3903453915,"Physical Therapist, Per Diem, Outpatient","Malvern, PA",Main Line Health,2024-04-18,2024-05-18,,,,,6.0,
3903454014,Associate Governmental Program Analyst (JC-427102),"Sacramento County, CA",Caltrans,2024-04-18,2024-05-18,,68208.0,85368.0,YEARLY,13.0,1.0
3903454555,Pharmacy Technician & Technician Trainee,"Greenfield, OH",RITE AID,2024-04-18,2024-05-18,,,,,6.0,
3903454796,Database Developer,"Los Angeles, CA",Ria Money Transfer,2024-04-18,2024-05-18,,90000.0,120000.0,YEARLY,81.0,32.0
3903455271,"Manager, Meetings & Events",United States,National LGBT Chamber of Commerce (NGLCC),2024-04-18,2024-05-18,,,,,178.0,46.0
3903455293,National Account Manager,"Dallas, TX",Atmus Filtration Technologies,2024-04-18,2024-05-18,,100000.0,150000.0,YEARLY,40.0,7.0
3903455348,Billing Coordinator,"New York, NY",Green Key Resources,2024-04-18,2024-05-18,,70000.0,115000.0,YEARLY,27.0,5.0
3903455546,Bilingual - (Spanish and English) Litigation Paralegal,"Tampa, FL","Morgan & Morgan, P.A.",2024-04-18,2024-05-18,,,,,5.0,
3903456223,Lead Service Associate,"Clinton, MA",RITE AID,2024-04-18,2024-05-18,,,,,3.0,
3903456311,Controls Engineer,"Moline, IL",Aditi Consulting,2024-04-18,2024-05-18,,40.0,45.0,HOURLY,24.0,2.0
3903456406,Special Education Summer School Teacher (3 Positions) #2024-309,"Albany, NY",Capital Region BOCES,2024-04-18,2024-05-18,,,,,7.0,
3903456736,OpenText Documentum Developer,United States,Peer Consulting Resources Inc.,2024-04-18,2024-05-18,,,,,57.0,5.0
3903457393,Assistant Director of Business Development,"Sandy, UT",Kidokinetics,2024-04-18,2024-05-18,,,,,17.0,1.0
3903457577,Business Development Manager,"Newnan, GA",Carolina Handling,2024-04-18,2024-05-18,,,,,20.0,3.0
3903458149,Roofing Products Engineer,"Chandler, AZ",Ergon Inc.,2024-04-18,2024-05-18,,,,,4.0,
3903458753,Accessibility Analyst,"McLean, VA",INSPYR Solutions,2024-04-18,2024-05-18,,50.0,57.0,HOURLY,8.0,2.0
3903459065,CCTV/Access Control Installer (regional travel),"Cleveland, OH",Jobot,2024-04-18,2024-05-18,,35.0,40.0,HOURLY,4.0,
3903460755,Shipping Lead - 3rd Shift,"Independence, KY",Cengage Group,2024-04-18,2024-05-18,,22.0,28.0,HOURLY,4.0,
3903461933,"Part-Time Sales Associate (Brick Specialist) Northstar Mall, San Antonio, TX","San Antonio, TX",the LEGO Group,2024-04-18,2024-05-18,,,,,4.0,
3903462040,Administrative Specialist III (College of Education),"Springfield, MO",Missouri State University,2024-04-18,2024-05-18,,15.75,16.0,HOURLY,4.0,
3903462095,Solutions Architect/Project Manager,"Little Rock, AR",Vestcom,2024-04-18,2024-05-18,,69525.0,115875.0,YEARLY,10.0,3.0
3903462777,GL - Weekend,"Farmington, MN","Valmont Industries, Inc.",2024-04-18,2024-05-18,,,,,3.0,
3903463483,Automotive Sales Advisor,"Lihue, HI",Ken Garff Automotive Group,2024-04-18,2024-05-18,,,,,3.0,
3903464481,Senior Network Engineer,"Eagan, MN",Marvin,2024-04-18,2024-05-18,,,,,7.0,
3903465880,Inventory Coordinator,"North Las Vegas, NV",Ritchie Bros.,2024-04-18,2024-05-18,,,,,5.0,
3903466780,"PRN, Patient Care Tech, 7p-7:30a, Acute Rehabilitation","Atlanta, GA",Emory Healthcare,2024-04-18,2024-05-18,,,,,4.0,
3903467138,Senior Software Engineer - Kiewit Technology Group,"Omaha, NE",Kiewit,2024-04-18,2024-05-18,,,,,16.0,1.0
3903467175,Project Manager,"Salisbury, NC",Mastech Digital,2024-04-18,2024-05-18,,,,,35.0,4.0
3903468507,"Hospital Manager - Carlsbad, CA","Carlsbad, CA",VCA Animal Hospitals,2024-04-18,2024-05-18,,,,,5.0,
3903469475,Vascular Surgeon,"Florida, United States",DocCafe,2024-04-18,2024-05-18,,,,,5.0,
3903469872,In-App Support Specialist,United States,Renaissance Learning,2024-04-18,2024-05-18,,,,,54.0,8.0
3903469911,Engineer I,"Bradley Junction, FL",The Mosaic Company,2024-04-18,2024-05-18,,,,,4.0,
3903470398,Warehouse Forklift Operator- 3pm start,"Aberdeen, MD",Bob's Discount Furniture,2024-04-18,2024-05-18,,,,,4.0,
3903470973,RF Test Technician,"Torrance, CA","Stellant Systems, Inc.",2024-04-18,2024-05-18,,,,,6.0,
3903471528,Combination Building Inspector,"Cobb County, GA",SAFEbuilt,2024-04-18,2024-05-18,,,,,5.0,1.0
3903471593,Dynamics 365 Product Manager,"Melbourne, FL",Booz Allen Hamilton,2024-04-18,2024-05-18,,,,,14.0,1.0
3903472063,Staff Accountant,"Bradenton, FL",Troon,2024-04-18,2024-05-18,,50000.0,55000.0,YEARLY,5.0,
3903472231,Interior Designer - Public Buildings Service,"Tacoma, WA",GSA,2024-04-18,2024-05-18,,97376.0,126585.0,YEARLY,7.0,
3903472505,Process Engineer,"Uncle Sam, LA",The Mosaic Company,2024-04-18,2024-05-18,,,,,5.0,
3903472726,"Hearing Technician, Per Diem Evening Shift, Newborn Audiology","Rockville, MD",Adventist HealthCare,2024-04-18,2024-05-18,,,,,3.0,
3903472866,Strategic Consulting Engagements Analyst,United States,"Capital Staffing Solutions, Inc.",2024-04-18,2024-05-18,,,,,9.0,1.0
3903473051,Anesthesiology CRNA - $180/hourly - $200/hourly,"Detroit, MI",DocCafe,2024-04-18,2024-05-18,,,,,4.0,
3903473205,Accountant,"Indianapolis, IN","Swift Air Mechanical, LLC",2024-04-18,2024-05-18,,,,,14.0,
3903473540,Identity Access Management Engineer,"Reston, VA",QinetiQ US,2024-04-18,2024-05-18,,,,,7.0,
3903473580,Quality Inspector,"St Joseph, MI",LECO,2024-04-18,2024-05-18,,,,,7.0,1.0
3903473890,Phlebotomist,"Aurora, CO",Pride Health,2024-04-18,2024-05-18,,18.5,22.4,HOURLY,5.0,
3903474716,Assembly B,"Rochester, NY",L3Harris Technologies,2024-04-18,2024-05-18,,,,,5.0,
3903475427,2nd Shift Part-Time Warehouse Associate,"Faribault, MN",ALDI USA,2024-04-17,2024-05-18,,,,HOURLY,1.0,
3903475473,Wind Technician I,"Forsan, TX",Clearway Energy Group,2024-04-18,2024-05-18,,,,,4.0,
3903476029,RN 3 South Med/Surg tele nights 7p-7:30a,"Patchogue, NY",Long Island Community Hospital,2024-04-18,2024-05-18,,,,,4.0,
3903476083,Vice President Sales,United States,Sagility,2024-04-18,2024-05-18,,,,,3.0,
3903476601,Software Engineer,New York City Metropolitan Area,Helix Tech IT Services,2024-04-18,2024-05-18,,,,,57.0,18.0
3903477097,Contract Administrative Specialist Construction,"Colonial Heights, VA",Virginia Department of Transportation,2024-04-18,2024-05-18,,56474.0,91771.0,YEARLY,12.0,1.0
3903477476,Dermatologist,New York City Metropolitan Area,Atlas Search,2024-04-18,2024-05-18,,350000.0,420000.0,YEARLY,3.0,
3903479169,CAD Specialist II,"Houston, TX",AECOM,2024-04-18,2024-05-18,,65000.0,85000.0,YEARLY,5.0,
3903479320,Software Test Engineer,"Zeeland, MI",Gentex Corporation,2024-04-18,2024-05-18,,,,,26.0,5.0
3903480129,HR Accommodations Team Lead,"Tampa, FL",Citi,2024-04-18,2024-05-18,,,,,7.0,
3903480321,Trading Goods Planner,"Gastonia, NC",MANN+HUMMEL,2024-04-18,2024-05-18,,,,,8.0,
3903481090,Dentist,"Salmon Creek, WA",InterDent Service Corporation,2024-04-18,2024-05-18,,,,,3.0,
3903483184,Membership Intelligence Analyst,"Wilmington, DE",AAA Club Alliance,2024-04-18,2024-05-18,,,,,5.0,
3903484378,Linux/DevOps Engineer - Up to $180k + Bonus + Package - Elite Tech Firm,"Austin, Texas Metropolitan Area",Hunter Bond,2024-04-18,2024-05-18,,100000.0,180000.0,YEARLY,30.0,10.0
3903489341,Medical Collections Specialist,"Mobile, AL",Clark Personnel,2024-04-18,2024-05-18,,,,HOURLY,5.0,
3903491465, Team Supervisor (Energy Engineering),"Chicago, IL",EM3,2024-04-18,2024-05-18,,95000.0,110000.0,YEARLY,2.0,
3903494991,Operations Supervisor,"Kokomo, IN",GFL Environmental Inc.,2024-04-18,2024-05-18,,,,,3.0,
3903495070,Sr Territory Mgr - West Texas PT,"Lubbock, TX",Bioventus,2024-04-18,2024-05-18,,,,,2.0,
3903495583,Head of Product,"Boston, MA",Centaura,2024-04-18,2024-05-18,,,,,,
3903496765,Sales Associate,"Charlotte, NC",Tillys,2024-04-18,2024-05-18,,,,,4.0,
3903497704,Assistant Manager (Part Time),"South Houston, TX",Tillys,2024-04-18,2024-05-18,,,,,5.0,
3903499570,Assistant Manager (Full Time),Greater Orlando,Tillys,2024-04-18,2024-05-18,,,,,3.0,
3903801103,District Maintenance Technician,"San Antonio, TX",Crunch Fitness - Undefeated Tribe,2024-04-18,2024-05-18,,,,,3.0,
3903801890,"Senior Associate, Endpoint Security Engineer","McLean, VA",Capital One,2024-04-18,2024-05-18,,,,,2.0,
3903802499,Mixed Commercial Superintendent ,Dallas-Fort Worth Metroplex,Russell Tobin,2024-04-18,2024-05-18,,125000.0,135000.0,YEARLY,4.0,
3903802564,Traction Power Engineer,"Sacramento, CA",Network Rail Consulting,2024-04-18,2024-05-18,,130000.0,150000.0,YEARLY,2.0,
3903802647,"Software Engineer, Full Stack","Cambridge, MA",Capital One,2024-04-18,2024-05-18,,,,,5.0,
3903802961,Emergency Department Charge Nurse,"Reno, NV",,2024-04-18,2024-05-18,,,,,2.0,
3903803219,"Board Certified Behavior Analyst BCBA ($1000 Sign on Bonus)- Prosper, Frisco & Plano, TX",Dallas-Fort Worth Metroplex,"The Behavior Exchange, Inc.",2024-04-18,2024-05-18,,,,,3.0,
3903803524,Paralegal,"Fort Lauderdale, FL","Team Builders Recruiting and Consulting, LLC",2024-04-18,2024-05-18,,60000.0,90000.0,YEARLY,3.0,
3903803903,Oracle Database Admin ,"Lansing, MI",System Soft Technologies,2024-04-18,2024-05-18,,,,,2.0,
3903804617,Engineering Manager,"Pittsburgh, PA",Brightpath Associates LLC,2024-04-18,2024-05-18,,,,,2.0,
3903804779,Project Accountant,"Duluth, GA","CHA Consulting, Inc.",2024-04-18,2024-05-18,,,,,2.0,
3903804864,Experienced Veterinary Customer Service Representative/Receptionist - Kingston Animal Hospital - NY,"Kingston, NY",Veterinary Innovative Partners,2024-04-18,2024-05-18,,,,,5.0,
3903805124,.NET Developer - Local to WI ONLY ,"Madison, WI",SSi People,2024-04-18,2024-05-18,,,,,10.0,4.0
3903806408,Clinical Research Coordinator - Direct Hire,"Houston, TX",USDM Life Sciences,2024-04-18,2024-05-18,,,,,2.0,
3903806818,"Senior Manager, Customer Segmentation Analytics","Frisco, TX",Equinix,2024-04-18,2024-05-18,,,,,4.0,
3903807157,"Software Engineer, Full Stack (Python, NodeJS, React)","San Francisco, CA",Capital One,2024-04-18,2024-05-18,,,,,3.0,
3903807467,Housekeeping Aide,"Hendersonville, NC",Ciena Healthcare,2024-04-18,2024-05-18,,,,,5.0,
3903807475,Activities Assistant,"Warren, MI",Ciena Healthcare,2024-04-18,2024-05-18,,,,,4.0,
3903807539,Sr. Project Manager,"Doral, FL","CHA Consulting, Inc.",2024-04-18,2024-05-18,,,,,2.0,
3903807922,Northside Hospital Atlanta - EVS Tech Job Fair - May 2,"Atlanta, GA",Northside Hospital,2024-04-18,2024-05-18,,,,,3.0,
3903808161,Inside Sales Support,"Norwalk, CT",GameChange Solar,2024-03-24,2024-05-18,,60000.0,80000.0,YEARLY,4.0,
3903808575,Accounts Receivable Analyst,"Queens, NY",Robert Half,2024-04-18,2024-05-18,,70000.0,80000.0,YEARLY,4.0,
3903808821,Chat support,United States,Erakulis,2024-04-18,2024-10-15,,16.0,18.0,HOURLY,9.0,1.0
3903808919,Maintenance Supervisor,"Havana, FL",Boise Cascade Company,2024-04-18,2024-05-18,,69500.0,134900.0,YEARLY,4.0,
3903808961,Water Features Mechanic ,"Bonita Springs, FL",Hyatt Regency,2024-04-18,2024-05-18,,,,,5.0,
3903809232,Senior Mechanical Engineer,"Albany County, NY","CHA Consulting, Inc.",2024-04-18,2024-05-18,,,,,2.0,
3903809844,Grounds Attendant- Landscaping- Full-Time ,"San Antonio, TX",Hyatt Regency,2024-04-18,2024-05-18,,,,,4.0,
3903810245,Senior Sap Business Warehouse Consultant,"San Antonio, TX","Mavin Info Solutions, Inc.",2024-04-18,2024-05-18,,,,,4.0,
3903810460,Financial Solutions Representative II,"Virginia Beach, VA",Chartway Credit Union,2024-04-18,2024-05-18,,,,,4.0,
3903811216,Facilities Maintenance 2,"Sikeston, MO",Unilever,2024-04-18,2024-05-18,,,,HOURLY,4.0,
3903811352,Operations Research Scientist I - Network Optimization Focus,"Jacksonville, FL",CSX,2024-04-18,2024-05-18,,,,,3.0,
3903811604,Hosp Care Investigator *PROVISIONAL*,"Manhattan, NY",NYC Health + Hospitals,2024-04-18,2024-05-18,,,,,5.0,
3903811607,Japanese Content Writer,United States,Bravens Inc.,2024-04-18,2024-05-18,,,,,3.0,1.0
3903811868,ENVIRONMENTAL SERVICES AIDE - DAYTIME LEAD,"Boston, MA",Beth Israel Lahey Health,2024-04-17,2024-05-18,,,,,4.0,
3903811872,High Level Disinfection I,"Burlington, MA",Beth Israel Lahey Health,2024-04-17,2024-05-18,,,,,4.0,
3903812214,Sr. Software Engineer - Android (Remote),"Sunnyvale, CA",CrowdStrike,2024-04-18,2024-05-18,,130000.0,205000.0,YEARLY,4.0,
3903812516,Intensive Care Manager (Remote within Virginia),"Virginia, United States",Acentra Health,2024-04-09,2024-05-18,,31.25,36.06,HOURLY,5.0,
3903812791,"Senior Software Engineer, Backend","New York, NY",Formation Bio,2024-04-18,2024-05-18,,,,,2.0,
3903813622,Accounts Payable Administrator,"Salt Lake City, UT",EnergySolutions,2024-04-18,2024-05-18,,,,,3.0,
3903813625,PMO Scheduling Lead,"Charlotte, NC",EnergySolutions,2024-04-18,2024-05-18,,,,,5.0,
3903814141,Seasonal Greeter - Red Marlin (On-Call) ,"San Diego, CA",Hyatt Regency,2024-04-18,2024-05-18,,,,HOURLY,4.0,
3903814159,Certified Surgical Technologist,"Milton, FL",National Staffing Solutions,2024-04-18,2024-05-18,,,,,4.0,
3903814280,Registered Nurse,"Hartford, CT",Trinity Health Of New England,2024-04-18,2024-05-18,,,,,2.0,
3903814783,Sales Operations Intern,"High Ridge, MO",Leonardo DRS,2024-04-18,2024-05-18,,,,,,
3903815460,Process Technician 2,"Erwin, TN",EnergySolutions,2024-04-18,2024-05-18,,,,,4.0,
3903816549,Certified Nursing Assistant (CNA) - Full-Time/Part-Time/Casual All Shifts,"Sheboygan, WI","North Shore Healthcare, LLC",2024-04-18,2024-05-18,,,,HOURLY,3.0,
3903816758,ServiceNow Business Development Director,United States,Optimum Healthcare IT,2024-04-18,2024-05-18,,,,,2.0,
3903817092,Coding Operations Manager,"District of Columbia, United States",Guidehouse,2024-04-18,2024-05-18,,86500.0,129700.0,YEARLY,3.0,
3903817369,Environmental Professional Programs Specialist,"Madison, WI","Nelson Institute for Environmental Studies, University of Wisconsin-Madison",2024-04-18,2024-05-18,,,,,4.0,
3903817786,Vice President Financial Services,United States,Confidencial,2024-04-18,2024-10-15,,,,,5.0,1.0
3903818044,"Administrative Assistant, Pulmonary & Critical Care","Burlington, MA",Beth Israel Lahey Health,2024-04-17,2024-05-18,,,,,4.0,
3903818115,Treasury Analyst,"Charlotte, NC",Brightspeed,2024-04-18,2024-05-18,,,,,4.0,
3903818151,Instrumentation & Controls Engineer,"Alpharetta, GA",ANDRITZ,2024-04-18,2024-05-18,,,,,2.0,
3903818860,Senior Solution Architect,"Boston, MA",John Hancock,2024-04-18,2024-05-18,,102200.0,189800.0,YEARLY,3.0,
3903819046,Licensed Practical Nurse - Full-Time/Part-Time/Casual All Shifts,"Two Rivers, WI","North Shore Healthcare, LLC",2024-04-18,2024-05-18,,,,HOURLY,3.0,
3903819085,Detailer,"Winter Park, FL","REV Group, Inc",2024-04-18,2024-05-18,,,,,4.0,
3903819913,"Vice President, Professional Learning",United States,Acelero Learning,2024-04-18,2024-05-18,,114165.0,175000.0,YEARLY,4.0,1.0
3903821141,Manager of IT End User Support (On-site),"Long Beach, CA",Bragg Companies,2024-04-18,2024-10-15,,105000.0,130000.0,YEARLY,,
3903822443,Associate IT Support Technician,"Minneapolis, MN",Veranex,2024-04-18,2024-05-18,,,,,4.0,
3903822474,Cleaner,"Framingham, MA",Cushman & Wakefield,2024-04-18,2024-05-18,,,,,4.0,
3903822525,"Leasing Consultant, Multifamily","Atlanta, GA",Cushman & Wakefield,2024-04-18,2024-05-18,,,,,3.0,
3903822804,Hiring Now: Remote Telesales Agents,"Anaheim, CA",TEKsystems,2024-04-17,2024-05-18,,20.0,26.0,HOURLY,6.0,
3903824419,Network Architect,"Springfield, Massachusetts Metropolitan Area",ISO New England Inc.,2024-04-18,2024-05-18,,,,,5.0,
3903824993,Patient Care Technician Urgent Care Part Time,"Beverly, MA",Carbon Health,2024-04-18,2024-05-18,,,,,2.0,
3903825071,"Controls Engineer - Vacaville, CA Remote","Vacaville, CA",CyberCoders,2024-04-18,2024-05-18,,75000.0,100000.0,YEARLY,4.0,
3903825673,"CNA Openings - Tewksbury, MA","Tewksbury, MA",Maxim Healthcare Staffing,2024-04-18,2024-05-18,,,,,4.0,
3903825756,Medical Assistant,"Indianapolis, IN",Maxim Healthcare Staffing,2024-04-18,2024-05-18,,20.0,23.0,HOURLY,2.0,
3903826007,FAE - Principal Embedded Solutions Engineer,San Diego Metropolitan Area,Microchip Technology Inc.,2024-04-18,2024-05-18,,,,,4.0,
3903826141,Sports & Media Partnership Specialist,"Santa Monica, CA",TEKsystems,2024-04-17,2024-05-18,,,,,4.0,
3903826330,Intake Specialist,"Boise, ID",International Rescue Committee,2024-04-18,2024-05-18,,,,,2.0,
3903826476,Recruiter Trainee,"Tucson, AZ",Maxim Healthcare Staffing,2024-04-18,2024-05-18,,,,,2.0,
3903826578,Substation Welder,"Crawfordsville, AR",MasTec Power Delivery,2024-04-18,2024-05-18,,,,,2.0,
3903826702,Diesel Mechanic,"Akron, OH","Rush Enterprises, Inc",2024-04-18,2024-05-18,,20.0,30.0,HOURLY,3.0,
3903826785,Client Services Coordinator,"Coppell, TX",The Suddath Companies,2024-04-18,2024-05-18,,,,,4.0,
3903827439,Ultrasound Technologist,"Brooklyn, NY",Pride Health,2024-04-18,2024-05-18,,72.0,73.0,HOURLY,2.0,
3903828053,Warehouse Associate - 2nd Shift,"Columbus, OH",Cardinal Health,2024-04-18,2024-05-18,,,,HOURLY,4.0,
3903828332,Warehouse - Warehouse Lead,Metropolitan Fresno,Gypsum Management and Supply,2024-04-18,2024-05-18,,,,,2.0,
3903829359,CAS Staff Accountant,"Harlingen, TX","Carr, Riggs & Ingram",2024-04-18,2024-05-18,,,,,4.0,
3903829709,Medication Aide,"Gainesville, GA",Five Star Senior Living,2024-04-18,2024-05-18,,,,,4.0,
3903830380,Outside Sales Executive,"Fort Myers, FL",Intelligent Conversations,2024-04-18,2024-05-18,,55000.0,70000.0,YEARLY,2.0,
3903831010,Sales Associate-GOVERNORS SQUARE,"Tallahassee, FL",Bath & Body Works,2024-04-18,2024-05-18,,,,,3.0,
3903831186,Medical Assistant,"Rancho Cucamonga, CA",Carbon Health,2024-04-18,2024-05-18,,20.0,24.0,HOURLY,2.0,
3903831201,Seasonal Order Builder - Nights,"Tacoma, WA","Swire Coca-Cola, USA",2024-04-18,2024-05-18,,,,,2.0,
3903831554,Computer Vision Engineer V,"Sunnyvale, CA",Aditi Consulting,2024-04-18,2024-05-18,,,,,4.0,
3903831662,Administrative Assistant,United States,Russell Tobin,2024-04-18,2024-05-18,,75.0,89.0,HOURLY,128.0,46.0
3903832057,Distribution Coordinator,"Phoenix, AZ",Ascensus,2024-04-18,2024-05-18,,,,,3.0,
3903832833,McKinney Series 86 Tutor,"McKinney, TX","Varsity Tutors, a Nerdy Company",2024-04-01,2024-05-18,,,,,3.0,
3903833619,Psychology Intake Liaison,"St Louis, MO",BJC HealthCare,2024-04-18,2024-05-18,,,,,3.0,
3903834901,District Environmental Manager,"Westlake, TX",Kiewit,2024-04-18,2024-05-18,,,,,3.0,
3903834950,Cashier PT-2,"Lawrenceville, GA",Bass Pro Shops,2024-04-18,2024-05-18,,,,,3.0,
3903834953,Cashier,"Richfield, WI",Cabela's,2024-04-18,2024-05-18,,,,,3.0,
3903835209,Intern - Cybersecurity Marketing,"St Louis, MO",BJC HealthCare,2024-04-18,2024-05-18,,,,,4.0,
3903835212,Shipping & Receiving Clerk,"St Louis, MO",BJC HealthCare,2024-04-18,2024-05-18,,15.0,18.21,HOURLY,4.0,
3903835707,Jr Back End Developer - Dallas or Phoenix,"Phoenix, AZ",INSPYR Solutions,2024-04-18,2024-05-18,,32.0,35.0,HOURLY,4.0,
3903835846,Army Metering Program Quality Analyst,"Huntsville, AL",COLSA,2024-04-18,2024-05-18,,,,,3.0,
3903836694,Counter Sales Associate,"Raleigh, NC","Heritage Landscape Supply Group, Inc.",2024-04-18,2024-05-18,,,,,4.0,
3903836794,Lamination Cut and Grind,"New Bern, NC",White River Marine Group,2024-04-18,2024-05-18,,,,,3.0,
3903837270,Hialeah NCLEX-PN Prep Course Tutor,"Hialeah, FL","Varsity Tutors, a Nerdy Company",2024-04-01,2024-05-18,,,,,4.0,
3903838332,Postdoctoral Research Associate - Nephrology,"St Louis, MO",Washington University in St. Louis,2024-04-18,2024-05-18,,,,,5.0,
3903838540,Tenured/Tenure Track: Open Rank and Director of the Advanced Education in General Dentistry Residency Program,"Dallas, TX",Texas A&M University,2024-04-18,2024-05-18,,,,,4.0,
3903838677,Laboratory Proj Coordinator I,"Portland, OR",ICON plc,2024-04-18,2024-05-18,,,,,4.0,
3903839262,Postbaccalaureate Researcher - PSTP Program,"St Louis, MO",Washington University in St. Louis,2024-04-18,2024-05-18,,,,,4.0,
3903839395,"Production - $2,000 Phased Sign-On Bonus!","Olathe, KS","SPX Cooling Tech, LLC",2024-04-18,2024-05-18,,,,,3.0,
3903839870,Regional Sales Manager,"Los Angeles, CA",SquareTrade,2024-04-18,2024-05-18,,85000.0,105000.0,YEARLY,4.0,
3903839932,Social Worker MSW--PALLIATIVE,"Dublin, OH",OhioHealth,2024-04-18,2024-05-18,,,,,5.0,
3903839950,Service Manager,"Okemos, MI",Trek Bicycle,2024-04-18,2024-05-18,,,,,3.0,
3903839966,Senior Infrastructure Engineer,"Boston, MA",EPAM Systems,2024-04-18,2024-05-18,,,,,5.0,
3903840329,Construction Administrator,"Albany, NY",Page,2024-04-18,2024-05-18,,,,,4.0,
3903840674,Delivery System Coordinator - Military DoD Skillbridge,"Jacksonville, FL",Florida Blue,2024-04-18,2024-05-18,,,,,3.0,
3903840791,Kansas City Co-Manager,"Kansas City, MO",Hobby Lobby,2024-04-18,2024-05-18,,67600.0,75400.0,YEARLY,4.0,
3903840833,Senior Product Manager - Workers' Compensation (Mid to Large Accounts),Detroit Metropolitan Area,Emergent Holdings,2024-04-18,2024-05-18,,,,,2.0,
3903840861,Service Manager,"Lincoln, NE",Trek Bicycle,2024-04-18,2024-05-18,,,,,3.0,
3903840900,"Seasonal Retail Store Associate - Ellenton Premium, 6177, Ellenton FL","Ellenton, FL",adidas,2024-04-18,2024-05-18,,,,,2.0,
3903841123,Project Manager,"Anaheim, CA",Global Payments Inc.,2024-04-18,2024-05-18,,60000.0,70000.0,YEARLY,5.0,
3903841134,CES - Client Services Specialist,"Girlstown USA, TX",Covanta,2024-04-18,2024-05-18,,,,,4.0,
3903841579,Entry BioCAD Engineer,"Littleton, CO",3D Systems Corporation,2024-04-18,2024-05-18,,55000.0,61000.0,YEARLY,4.0,
3903841873,"Account Specialist - West Sacramento, CA (On-Site)","West Sacramento, CA",UNFI,2024-04-18,2024-05-18,,,,,3.0,
3903842214,IT Financial Systems Manager,"Allentown, PA",CAI,2024-04-18,2024-05-18,,,,,5.0,
3903842265,SECURITY OFFICER - STARTING WAGE $19.00,"Las Vegas, NV",Boyd Gaming,2024-04-18,2024-05-18,,,,,3.0,
3903842890,Radiology Technologist,"Toledo, OH",Bon Secours Mercy Health,2024-04-18,2024-05-18,,,,,4.0,
3903842913,Director of Project Management - Imaging NE Region,"New Jersey, United States",GE HealthCare,2024-04-18,2024-05-18,,134640.0,201960.0,YEARLY,3.0,
3903842936,Head of Innovation and New Product Development - Branded Cards,"New York, NY",Citi,2024-04-18,2024-05-18,,,,,4.0,
3903843208,Cashier Associate,"Staten Island, NY","Burlington Stores, Inc.",2024-04-18,2024-05-18,,,,HOURLY,4.0,
3903843256,Advertising Account Executive I,"Sioux City, IA",Cable ONE,2024-04-18,2024-05-18,,,,,4.0,
3903843568,Seasonal Sales Associate,"Jacksonville, FL",Men's Wearhouse,2024-04-18,2024-05-18,,,,,2.0,
3903843589,Fire Sprinkler Designer,"Cullman, AL","CHA Consulting, Inc.",2024-04-18,2024-05-18,,,,,4.0,
3903843777,Front Desk Agent,"Novi, MI",Driftwood Hospitality Management,2024-04-18,2024-05-18,,16.0,16.0,HOURLY,4.0,
3903843780,Director of Food and Beverage,"Tempe, AZ",Driftwood Hospitality Management,2024-04-18,2024-05-18,,,,,4.0,
3903844131,SOUS CHEF,"Opelousas, LA",Boyd Gaming,2024-04-18,2024-05-18,,,,,3.0,
3903844236,"Seasonal Retail Store Associate - Palm Beach, 6223, West Palm Beach, FL","West Palm Beach, FL",adidas,2024-04-18,2024-05-18,,,,,4.0,
3903844633,Grant Payment Collector - 225738,"Cerritos, CA",Medix™,2024-04-18,2024-05-18,,34.0,39.0,HOURLY,2.0,
3903844884,"Director of Development, College of Engineering","Reno, NV","University of Nevada, Reno",2024-04-18,2024-05-18,,,,,2.0,
3903845044,Escrow Analysis Specialist II,"Greenville, SC",Newrez LLC,2024-04-18,2024-05-18,,,,,2.0,
3903845292,"Senior Engineer, Global Facilities - Mechanical","Boise, ID",Micron Technology,2024-04-18,2024-05-18,,,,,4.0,
3903845499,Pricing Analyst - Ticketing,"Raleigh, NC",On Location,2024-04-18,2024-05-18,,,,,3.0,
3903845854,"HW Reliability Engineer, Amazon Robotics","Westborough, MA",Amazon,2024-03-28,2024-05-19,,,,,3.0,
3903845859,"Account Executive I, Growth, GGS US FF AE, GGS US FF AE","Seattle, WA",Amazon,2024-03-26,2024-05-19,,49600.0,119400.0,YEARLY,4.0,
3903846170,Case Management Travel Licensed Clinical Social Worker - Job Id: JO03721216,"Marietta, GA",Health Carousel Nursing & Allied Health,2024-04-18,2024-05-18,,,,,4.0,
3903846376,Junior Project Manager (Video Production),"Chicago, IL",Artisan Talent,2024-04-18,2024-05-18,,,,HOURLY,4.0,
3903847183,Youth HealthCare Services Specialist - AmeriCorps Member,"New Britain, CT",Community Health Center,2024-04-18,2024-05-18,,,,,4.0,
3903847509,Project Manager,"Maryland Heights, MO",Ascendion,2024-04-18,2024-05-18,,,,,2.0,
3903848032,Camera Layout Artist (Project Hire),Los Angeles Metropolitan Area,That's No Moon,2024-04-18,2024-05-18,,87000.0,115000.0,YEARLY,9.0,1.0
3903848628,Student CRNA / Anesthesia,"North Carolina, United States",Catawba Valley Health System,2024-04-18,2024-05-18,,,,,4.0,
3903850194,"Sr. Product Manager-Technical, Amazon Financial Foundation Services","Seattle, WA",Amazon,2024-04-15,2024-05-19,,121000.0,235200.0,YEARLY,4.0,
3903850217,"Senior Vendor Manager, Health and Personal Care, Consumables","New York, United States",Amazon,2024-03-25,2024-05-19,,,,,4.0,
3903855216,Staff Site Reliability Engineer (Remote),"Austin, TX",DuckDuckGo,2024-04-18,2024-05-19,,,,YEARLY,4.0,
3903863293,Speech-Language Pathologist (SLP) - CA,"Sacramento, CA",EdTheory,2024-04-19,2024-05-19,,,,,2.0,
3903865703,Teller,"Woodmere, OH",PNC,2024-04-19,2024-05-19,,,,,2.0,
3903866987,Registered Nurse\/RN-Float Part-Time,"Boise, ID",Full Circle Health,2024-04-19,2024-05-19,,,,,3.0,
3903867767,Order Management and Purchase Specialist,"Houston, TX",United Imaging - North America,2024-04-19,2024-05-19,,,,,4.0,
3903867927,Dietary Aide,"Hendersonville, NC",Ciena Healthcare,2024-04-19,2024-05-19,,,,,2.0,
3903868738,Sales Center Leader,"Salem, OR",Bimbo Bakeries USA,2024-04-19,2024-05-19,,57100.0,74200.0,YEARLY,4.0,
3903868740,Sr Business Analyst,"Las Vegas, NV",Las Vegas Sands Corp.,2024-04-19,2024-05-19,,,,,5.0,
3903869039,Digital Product Manager Lead--Wire Transfers,"Birmingham, AL",PNC,2024-04-19,2024-05-19,,,,,2.0,
3903869503,Nurse Practitioner - Non-Acute Care- Radiation Oncology (Medical Center),"Houston, TX",Houston Methodist,2024-04-19,2024-05-19,,,,,5.0,
3903869809,Professional Tool Specialist - CT/MA,"Boston, MA",Emerson,2024-04-15,2024-05-19,,,,,4.0,
3903870462,"Data Science Reporting Analyst  in Columbus, OH","Columbus, OH",Central Point Partners,2024-04-19,2024-05-19,,,,,1.0,
3903870852,Pharmacy Tech - PRN,"Lawrenceville, GA",Northside Hospital,2024-04-18,2024-05-19,,,,,4.0,
3903870901,Sr Manager – IT Business Partner and IT Process Leader (Sr IT Program Manager),"Atlanta, GA",Honeywell,2024-03-25,2024-05-19,,,,,3.0,
3903871468,QAD Support Analyst,Shreveport-Bossier City Area,Top Quality Recruitment (TQR),2024-04-19,2024-05-19,,,,,2.0,
3903871861,Regional Sales Manager - Remote,"Baltimore, MD",Honeywell,2024-04-11,2024-05-19,,,,,3.0,
3903871986,Quality Assurance Engineer,"Foster City, CA",QuinStreet,2024-04-18,2024-05-19,,112299.0,135000.0,YEARLY,6.0,
3903872839,Eastern Region Manager,"Havana, FL",Boise Cascade Company,2024-04-18,2024-05-19,,154300.0,274300.0,YEARLY,12.0,
3903872858,Houseperson- Housekeeping ,"Austin, TX",Hyatt Hotels Corporation,2024-04-19,2024-05-19,,,,,3.0,
3903872900,Senior Quality Automation Engineer,United States,ServiceTitan,2024-04-19,2024-05-19,,95000.0,137000.0,YEARLY,4.0,
3903873425,Civil Engineer,"Joplin, MO","OWN, Inc. (formerly Anderson Engineering, Inc.)",2024-04-19,2024-05-19,,,,,3.0,
3903873613,"Field Service Support, Hourly","Plymouth, MN",Honeywell,2024-04-18,2024-05-19,,,,,4.0,
3903873643,Cook,"Memphis, TN",Topgolf,2024-04-19,2024-05-19,,,,,4.0,
3903874982,Technical Illustrator- Service,"Phoenix, AZ",Nikola Corporation,2024-04-18,2024-05-19,,,,,5.0,
3903875021,Senior Program Manager,"Lehi, UT",Snap One,2024-04-19,2024-05-19,,,,,4.0,
3903875371,Research Specialist,"Madison, WI",UW–Madison College of Agricultural and Life Sciences,2024-04-19,2024-05-19,,,,YEARLY,4.0,
3903875842,Portfolio Management Team Leader - SVP,"East Garden City, NY",Flagstar Bank,2024-04-19,2024-05-19,,154700.0,312700.0,YEARLY,7.0,
3903876131,Lead Marketing Technology Analyst,United States,Bounteous,2024-04-19,2024-05-19,,93000.0,125000.0,YEARLY,5.0,
3903876366,Commercial Account Executive,United States,GoLinks,2024-04-19,2024-05-19,,75000.0,180000.0,YEARLY,5.0,
3903877633,Loan Document Specialist,"Des Moines, IA",TEKsystems,2024-04-18,2024-05-19,,,,,4.0,
3903878594,"Mountain Multimedia Journalist, KMGH","Denver, CO",Denver7 (KMGH-TV),2024-04-19,2024-05-19,,,,,4.0,
3903878734,"Manager, Program Management - Manufacturing Initiatives","Massachusetts, United States",Cardinal Health,2024-04-19,2024-05-19,,,,,7.0,
3903879064,Sterile Processing Technician II,"Burlington, MA",Beth Israel Lahey Health,2024-03-25,2024-05-19,,,,,4.0,
3903880525,"Senior Consultant, Total Rewards","Greenwood Village, CO",Fidelity Investments,2024-04-18,2024-05-19,,103000.0,218000.0,YEARLY,3.0,
3903880671,Wellness Director,"Bronx, NY",NYC Health + Hospitals,2024-04-19,2024-05-19,,,,,5.0,
3903881563,Inventory Specialist - 1st Shift,"Des Plaines, IL",Kuehne+Nagel,2024-04-19,2024-05-19,,,,,5.0,
3903881578,"Environmental Geologist, Engineer, or Scientist","Fairbanks, AK",SLR Consulting,2024-04-19,2024-05-19,,,,,4.0,
3903881996,Registered Nurse RN Progressive Care Unit,"San Antonio, TX",Methodist Healthcare System,2024-04-19,2024-05-19,,,,,5.0,
3903882005,Senior Product Manager for B2B,"Seattle, WA",Adobe,2024-04-19,2024-05-19,,121800.0,228700.0,YEARLY,16.0,2.0
3903882731,Senior Accountant,"Evergreen, CO",Jobot,2024-04-19,2024-05-19,,80000.0,90000.0,YEARLY,6.0,
3903883729,Critical Care Registered Nurse Needed for Float Pool,"Eugene, OR",Jobot,2024-04-19,2024-05-19,,47.0,80.0,HOURLY,4.0,
3903885477,Toxic Tort Attorney,"Los Angeles, CA",Jobot,2024-04-19,2024-05-19,,150000.0,200000.0,YEARLY,3.0,
3903886298,Mental Health Professional I,"Frisco, TX",HCA Healthcare,2024-04-19,2024-05-19,,,,,5.0,
3903886478,RN - Emergency Department,"Eugene, OR",Jobot,2024-04-19,2024-05-19,,45.0,80.0,HOURLY,5.0,
3903886481,Pharmacy Service Associate PT,"Freeland, WA",RITE AID,2024-04-19,2024-05-19,,,,,4.0,
3903886821,Lab Tech,"Dallas, TX",Baylor Scott & White Health,2024-04-18,2024-05-19,,,,,4.0,
3903886975,"Manager, Care Coordination (IN Medicaid)","Indiana, United States",Humana,2024-04-19,2024-05-19,,84600.0,116300.0,YEARLY,5.0,
3903886985,AP Specialist - Immediate Start!,"Columbus, OH",Creative Financial Staffing (CFS),2024-04-19,2024-05-19,,52000.0,62000.0,YEARLY,4.0,
3903888334,Assistant Controller,"Alpharetta, GA",Jobot,2024-04-19,2024-05-19,,115000.0,135000.0,YEARLY,4.0,
3903888722,Supply Chain Coordinator,"Miami, FL",ADT,2024-04-18,2024-05-19,,,,,8.0,2.0
3903888880,NON-CDL Driver,"Kansas City, KS",US Foods,2024-04-19,2024-05-19,,,,HOURLY,4.0,
3903889100,"Staff Engineer, Product Applications","Wilmington, MA",Analog Devices,2024-04-19,2024-05-19,,141419.0,189100.0,YEARLY,4.0,
3903892105,Senior DevSecOps - Secrets Engineer,"Eden Prairie, MN",C.H. Robinson,2024-04-17,2024-05-19,,92000.0,203900.0,YEARLY,6.0,
3903893628,Boston Whaler- Assembler- Day Shift,"Flagler Beach, FL",Brunswick Corporation,2024-04-19,2024-05-19,,,,,3.0,
3903893918,MS Travel CNA  - Job Id: JO03721364,"Seattle, WA",Health Carousel Nursing & Allied Health,2024-04-19,2024-05-19,,,,,4.0,
3903898496,"Locum Radiology Pediatric Physician job in Dallas, TX - Make $2400/day - $2700/day","Dallas, TX",Aya Locums,2024-04-19,2024-05-19,,2400.0,2700.0,MONTHLY,2.0,
3903899777,Overnight Team Member,"Sheridan, WY",Holiday Stationstores,2024-04-18,2024-05-19,,,,,4.0,
3904000519,Outside Sales Representative (Bilingual Spanish),"Arnold, MO",Spectrum,2024-04-18,2024-05-19,,,,,4.0,
3904002515,Tour Guide,"Juneau, AK",Goldbelt Tram,2024-04-19,2024-05-19,,,,HOURLY,5.0,
3904002901,Senior Sustainability Consultant - Whole Life Carbon,"Novi, MI",AECOM,2024-04-15,2024-05-19,,27.0,38.0,HOURLY,3.0,
3904003102,Lifecycle Marketing Manager,"San Mateo, CA",Sendbird,2024-04-18,2024-05-19,,140000.0,175000.0,YEARLY,4.0,
3904006098,Special Education Compliance Coordinator,"West Virginia, United States","Stride, Inc.",2024-04-19,2024-05-19,,,,,4.0,
3904009147,Injury Examiner - various locations,"Tampa, FL",USAA,2024-04-19,2024-05-19,,,,,3.0,
3904048672,Registered Nurse Home Health,"Sumter, SC",Medical Services of America,2024-04-19,2024-05-19,,,,,2.0,
3904050708,Host/Hostess,"New Orleans, LA",Barcadia Bar & Grill,2024-04-19,2024-05-19,,,,,2.0,
3904055469,Program Coordinator Interventional Radiology,"Lansing, MI",McLaren Health Care,2024-04-19,2024-05-19,,,,,2.0,
3904056341,Cashier,"Winnsboro, SC",Pilot Flying J,2024-04-19,2024-05-19,,,,,2.0,
3904056342,Janitorial Maintenance,"Valdosta, GA",Pilot Flying J,2024-04-19,2024-05-19,,11.55,16.05,HOURLY,1.0,
3904056358,Dunkin Donuts Baker,"Rochester, IN",Pilot Flying J,2024-04-19,2024-05-19,,11.05,14.43,HOURLY,2.0,
3904057428,Sales and Service Specialist,"Plano, TX","Bridgestone Retail Operations, LLC",2024-04-19,2024-05-19,,,,,2.0,
3904057780,Admitting Representative (per diem),"New York, NY",NYU Langone Health,2024-04-18,2024-05-19,,,,,3.0,
3904058563,Business Data Analyst,"Rosemont, IL",Culligan International,2024-03-25,2024-05-19,,,,,6.0,
3904058984,AV Field Service Technician,"Bayonne, NJ",TEKsystems,2024-04-18,2024-05-19,,,,,5.0,
3904059200,Floating Maintenance Technician - California,"Antioch, CA",Rainey Property Management,2024-04-19,2024-05-19,,,,HOURLY,2.0,
3904060558,User Experience Web Designer (San Diego),"San Diego, CA",ICW Group,2024-04-19,2024-05-19,,86247.55,145450.55,YEARLY,5.0,
3904061631,Cash Reconciliation Analyst,"Frisco, TX",NCR Atleos,2024-04-19,2024-05-19,,,,,4.0,
3904061704,Healthcare Scheduling - Hiring Immediately!,"Grand Blanc, MI",TEKsystems,2024-04-18,2024-05-19,,,,,3.0,
3904061786,Locum | Physician Gastroenterology,"Richlands, VA",CompHealth,2024-03-25,2024-05-19,,,,,2.0,
3904062216,Remote Provider Enrollment (INDIANA RESIDENTS ONLY),"Indianapolis, IN",TEKsystems,2024-04-19,2024-05-19,,,,,4.0,
3904065014,Customer Service Representative,"San Diego, CA",TEKsystems,2024-04-18,2024-05-19,,,,,4.0,
3904065029,Patient Access Representative,"Walled Lake, MI",TEKsystems,2024-04-18,2024-05-19,,,,,4.0,
3904067174,"Sr. Product Manager, Search Platform","Austin, TX",H-E-B,2024-04-19,2024-05-19,,,,,3.0,
3904068837,"Senior Associate, M&A Tax","Philadelphia, PA",KPMG US,2024-04-19,2024-05-19,,,,,4.0,
3904068961,Manager Resident Accounts,"Dallas, TX",Progress Residential®,2024-04-19,2024-05-19,,,,,3.0,
3904070308,"Tax Senior Associate, Operating Partnerships","Tampa, FL",KPMG US,2024-04-19,2024-05-19,,,,,6.0,
3904070609,"Clinical Practice Manager, PICU","Seattle, WA",Seattle Children's,2024-03-25,2024-05-19,,,,,4.0,
3904073160,"Workday HCM, Lead Specialist","Tampa, FL",KPMG US,2024-04-19,2024-05-19,,,,,5.0,
3904074846,"Food & Beverage Guest Service Manager (Restaurant Assistant Manager) $70,000 - $93,800","Kapolei, HI",The Walt Disney Company,2024-04-18,2024-05-19,,,,,2.0,
3904076848,Strategic Sourcing Contracts Manager - Contingent Labor,United States,Arrow Electronics,2024-04-19,2024-05-19,,,,,4.0,
3904077227,Locum | Physician Cardiology,"South Dakota, United States",Global Medical Staffing,2024-04-18,2024-05-19,,,,,3.0,
3904078545,APPRENTI TECHNICIEN MAINTENANCE H/F,"Macon, GA",Voies navigables de France,2024-04-19,2024-05-19,,,,,4.0,
3904080934,Director of Business Development,"Melbourne, FL",Winchester Interconnect,2024-04-19,2024-05-19,,,,,2.0,
3904083630,"Global Merchandise Planning Senior Analyst, Apparel & Accessories - Calvin Klein","New York, NY",Energy Jobline,2024-04-19,2024-05-19,,85000.0,100000.0,YEARLY,3.0,
3904084740,"ATL BURROW Data Center Tech, DCC Communities","Atlanta, GA",Amazon Web Services (AWS),2024-04-01,2024-05-19,,,,,4.0,
3904084960,Firearms Examiner,"Dulles, VA","Ideal Innovations, Inc.",2024-04-19,2024-05-19,,,,,1.0,
3904085783,"Surface Transportation Senior Process Expert, EU ATS ACES","St Georges, DE",Amazon,2024-03-25,2024-05-19,,,,,4.0,
3904087641,Backend Software Engineer,New York City Metropolitan Area,maven,2024-04-19,2024-05-19,,,,,1.0,
3904087812,Real Estate Paralegal – Corporate Legal Department ,"Northern Virginia, VA",Hawthorne Lane,2024-04-19,2024-05-19,,60000.0,80000.0,YEARLY,2.0,
3904089674,Head of Sales,United States,Exelegent,2024-04-19,2024-05-19,,,,,1.0,
3904089931,Controller,"Queens, NY",Robert Half,2024-04-19,2024-05-19,,130000.0,170000.0,YEARLY,,
3904090589,Remote Inside Sales Coordinator,United States,Maven Link,2024-04-19,2024-05-19,,,,,1.0,
3904092271,Lead Machine Learning Researcher,Greater Chicago Area,maven,2024-04-19,2024-05-19,,,,,2.0,
3904094548,General Foreman Electrical I,"Port Sulphur, LA",Zachry Group,2024-04-19,2024-05-19,,,,,5.0,
3904094598,Commodity Manager,"Atlanta, GA",US Tech Solutions,2024-04-19,2024-05-19,,60.0,63.0,HOURLY,2.0,
3904094735,Power BI Developer - Supply Chain & Logistics,United States,US Tech Solutions,2024-04-19,2024-05-19,,80.0,80.0,HOURLY,13.0,4.0
3904095543,Lead General Studies Teacher,"Los Angeles, CA",CalWest Educators Placement,2024-04-19,2024-05-19,,60000.0,85000.0,YEARLY,,
3904097539,Construction Superintendent,Dallas-Fort Worth Metroplex,Blayze Group,2024-04-19,2024-05-19,,130000.0,150000.0,YEARLY,4.0,
3904099168,Content Specialist,"Columbus, OH",The Ohio State University Wexner Medical Center,2024-04-19,2024-05-19,,,,,2.0,
3904099305,Account Manager,"Syosset, NY","Jazwares, LLC",2024-04-19,2024-05-19,,,,,4.0,
3904353504,Executive Assistant to Chief Executive Officer,"East Lansing, MI",Martin Commercial Properties,2024-04-17,2024-10-14,,,,,25.0,2.0
3904355861,Inventory Supervisor,"Stafford, TX",CPAP.com,2024-04-17,2024-10-14,,41600.0,54080.0,YEARLY,15.0,1.0
3904357527,Business Development Specialist,"Sarasota, FL",Universal North America,2024-04-17,2024-05-17,,,,,2.0,
3904358846,Pharmacist,"Christiansburg, VA",Kroger Health,2024-04-17,2024-05-17,,,,,5.0,
3904358929,UX Design Operations Manager,United States,Included Health,2024-04-17,2024-10-14,2024-04-17,,,,20.0,
3904359733,Boutique Assistant - Nashville,"Nashville, TN",Kirna Zabête Inc,2024-04-17,2024-10-14,,,,,81.0,3.0
3904359803,Licensed Care Management Supervisor ,"Chicago, IL",Erie Family Health Centers,2024-04-17,2024-05-17,,78000.0,95000.0,YEARLY,2.0,
3904359922,Business Development Manager,United States,Montrose Environmental Group,2024-04-17,2024-05-17,,105000.0,130000.0,YEARLY,5.0,
3904359944,Sales Executive,"Rancho Cucamonga, CA",City Lifestyle,2024-04-17,2024-05-17,,,,,1.0,
3904359971,Dental Office Manager,"Grandville, MI",Aspen Dental,2024-04-17,2024-05-17,,,,,5.0,
3904360804,Senior Quality Assurance Automation Engineer,"Chicago, IL",Virtualan Software,2024-04-17,2024-05-17,,110000.0,120000.0,YEARLY,56.0,22.0
3904360886,Hospice Nurse Case Manager &#8211; Full time,"Portland, OR",Sterling St James LLC,2024-04-17,2024-05-17,,,,,4.0,
3904361582,Machine Center Operator - Spirals 2nd Shift,"Broken Arrow, OK",Alfa Laval,2024-04-17,2024-05-17,,,,,8.0,
3904361597,Specialist Support Laboratory,Greater Indianapolis,Versiti Blood Center of Indiana,2024-04-17,2024-05-17,,,,,4.0,
3904361656,Technology Specialist,"Columbus, Ohio Metropolitan Area",,2024-04-17,2024-05-17,,,,,4.0,
3904361732,"Software Engineer, Back End– B2B","Louisville, KY",TwinSpires,2024-04-17,2024-05-17,,,,,13.0,2.0
3904361805,Inventory Control Specialist 1st Shift,"Princeton, KY",Hydro-Gear,2024-04-17,2024-05-17,,,,,7.0,
3904362168,Sr. SAP CPI/BTP Consultant,"Maryland, United States",GlobalSource IT,2024-04-17,2024-05-17,,,,,32.0,2.0
3904362322,"Hiring Event - Friday April 26th, 11am-5pm - Nordstrom Shops at Merrick Park","Coral Gables, FL",Nordstrom,2024-04-17,2024-05-17,,,,,8.0,
3904362347,FT Host - The George,"Seattle, WA",Accor,2024-04-17,2024-05-17,,,,HOURLY,8.0,
3904362375,Sr. Director Lean Six Sigma,"St Petersburg, Florida, United States",Jabil,2024-04-17,2024-05-17,,,,,18.0,
3904362474,Route Service Sales Representative (4-Day Workweek),"Tuscaloosa, AL",Cintas,2024-04-17,2024-05-17,,,,,6.0,
3904362489,Business Analyst,"Texas, United States",ISITE TECHNOLOGIES,2024-04-17,2024-05-17,,,,,91.0,23.0
3904362547,Account Specialist II,"St Louis, MO",Aon,2024-03-23,2024-05-17,,,,,4.0,
3904362570,Commercial Risk Producer,"Miami, FL",Aon,2024-03-23,2024-05-17,,100000.0,200000.0,YEARLY,4.0,
3904362589,CORRECTIONAL ADMINISTRATOR-DIRECTOR OF UNIT MANAGEMENT - 57081,"Davidson County, TN",State of Tennessee,2024-04-17,2024-05-17,,,,,33.0,
3904362606,Target Optical - Woburn MA Apprentice Optician,"Woburn, MA",Target Optical,2024-04-17,2024-05-17,,,,,2.0,
3904362778,Workers Comp Specialist,"Morristown, NJ",Atlantic Health System,2024-04-17,2024-05-17,,,,,7.0,1.0
3904362891,Clinical Account Associate - Chicago,"Chicago, IL",Tempus AI,2024-04-17,2024-05-17,,,,,5.0,1.0
3904363135,Artificial Intelligence Specialist,"Fort Lauderdale, FL",Blue Interactive Agency,2024-04-17,2024-10-14,,,,,32.0,14.0
3904363281,Driver - Transport Driver (tractor trailer) Part Time Kissimmee,"Orlando, FL",PepsiCo,2024-04-17,2024-05-17,,,,YEARLY,34.0,1.0
3904363360,Enterprise Account Director,United States,Cision,2024-04-17,2024-05-17,,120000.0,140000.0,YEARLY,30.0,4.0
3904363415,Sr. Tech advisor - Vehicles,"New York, NY",HNTB,2024-04-17,2024-05-17,,143248.22,286031.34,YEARLY,8.0,
3904363534,Preschool Teacher,"Glen Allen, VA",,2024-04-17,2024-05-17,,,,,3.0,
3904363621,Account Specialist II,"Honolulu, HI",Aon,2024-03-23,2024-05-17,,,,,8.0,
3904363631,Director,"New York, NY",Aon,2024-03-23,2024-05-17,,150000.0,225000.0,YEARLY,13.0,
3904363669,"Engagement Lead, Director Digital Forensics & Incident Response - Cyber Solutions","New York, United States",Aon,2024-03-23,2024-05-17,,160000.0,210000.0,YEARLY,9.0,
3904363767,New Model Engineering Technician - 1771461,"Steele, AL",RightWorks,2024-04-17,2024-05-17,,,,,8.0,
3904363859,"Sales Associate / Jewelry Consultant - Jared Vault - Tanger Outlet Center - Houston - Texas City, TX","San Antonio, Texas Metropolitan Area",Signet Jewelers,2024-04-17,2024-05-17,,,,,6.0,
3904364192,Sales Representative Entry Level,"Tampa, FL",Total Quality Logistics,2024-04-17,2024-05-17,,,,,7.0,
3904364216,Diesel Mechanic,"Columbus, GA",WM,2024-04-17,2024-05-17,,,,HOURLY,5.0,
3904364265,Director of Business Process Optimization,"St Louis, MO",Concordia Plans,2024-04-17,2024-05-17,,,,,13.0,
3904364351,Facility Technician I Hendersonville,"Flat Rock, NC",Jabil,2024-04-17,2024-05-17,,,,,4.0,
3904364453,Fire Sales Specialist,"Pawtucket, RI",Cintas,2024-04-17,2024-05-17,,,,,9.0,
3904364458,Ticket/Gate Agent (Seasonal) - PHL,"Philadelphia, PA",Delta Air Lines,2024-04-17,2024-05-17,,,,,9.0,
3904364759,Client Relationship Consultant 1 (Banker) Tompkinsville KY Part Time 20 hours,"Tompkinsville, KY",U.S. Bank,2024-04-17,2024-05-17,,20.0,22.0,HOURLY,5.0,
3904364784,Sales Associate - Desert Hills Outlet,"Cabazon, CA",Psycho Bunny,2024-04-17,2024-05-17,,,,,8.0,
3904364824,Machine Tech II,"Turners Falls, MA",Altium Packaging,2024-04-17,2024-05-17,,,,,6.0,
3904365301,Workforce Management Account Executive,"Minneapolis, MN",Inovalon,2024-04-17,2024-05-17,,50000.0,90000.0,YEARLY,5.0,
3904365314,General Ledger Accountant,"Southfield, MI",Venteon,2024-04-17,2024-05-17,,60000.0,65000.0,YEARLY,11.0,1.0
3904365381,Facilities Leader,"Loves Park, IL",GE Aerospace,2024-03-23,2024-05-17,,,,,4.0,
3904365391,Senior AP & Payroll Specialist ,"Austin, Texas Metropolitan Area",The National Alliance for Insurance Education and Research,2024-04-17,2024-05-17,,55000.0,63000.0,YEARLY,43.0,2.0
3904365456,Regional VP of Sales,"Charleston, SC",Privia Health,2024-04-17,2024-05-17,,,,,57.0,7.0
3904365518,VP Large Market Account Executive,"Atlanta, GA",Aon,2024-03-23,2024-05-17,,,,,9.0,
3904365979,Financial Analyst,"Queens, NY",Amtex Systems Inc.,2024-04-17,2024-05-17,,,,,49.0,14.0
3904366030,"Intern, Social Media","Cypress, TX",Simon Property Group,2024-04-17,2024-05-17,,,,,5.0,
3904366036,Automotive Technician,"Methuen, MA",Arrow Auto Glass,2024-04-17,2024-05-17,,,,,2.0,
3904366037,Asst Mgr - Inflight,"Los Angeles, CA",United Airlines,2024-04-17,2024-05-17,,61420.0,90090.0,YEARLY,18.0,1.0
3904366138,Engineering Specialist,"Livonia, MI",McLaren Engineering,2024-04-17,2024-05-17,,,,,12.0,2.0
3904366452,Guest Experience Lead | SouthPark Lead,"Charlotte, NC",lululemon,2024-04-17,2024-05-17,,,,,13.0,1.0
3904366503,Licensed Clinical Social Worker,"Hartford, CT",Harvest Healthcare,2024-04-17,2024-05-17,,,,,17.0,
3904366573,Agency Manager,"San Antonio, TX",Pronto Insurance,2024-04-17,2024-05-17,,,,,3.0,
3904366901,Sample Handling Assistant I,"Torrance, CA",Labcorp,2024-04-17,2024-05-17,,16.04,25.83,HOURLY,7.0,
3904367010,Senior Software Engineer (Ref #001135),"Charlotte, NC",Wells Fargo,2024-04-17,2024-05-17,,,,,23.0,1.0
3904367026,Experienced Specialty Veterinary Anesthesia Technician,"Sugar Land, TX",Lakefield Veterinary Group,2024-04-17,2024-05-17,,22.0,30.0,HOURLY,4.0,
3904367053,Enterprise Project Manager - Veterinary Software,"Westbrook, ME",IDEXX,2024-04-17,2024-05-17,,,,,30.0,2.0
3904367166,Field Data Collector - MCBS,"Mesa, AZ",NORC at the University of Chicago,2024-04-17,2024-05-17,,,,HOURLY,10.0,
3904367325,Food Service Director - 1927785,"El Paso, TX",RightWorks,2024-04-17,2024-05-17,,,,,3.0,
3904367355,"Nurse Educator, Full Time Pediatrics","New Jersey, United States",Atlantic Health System,2024-04-17,2024-05-17,,,,,10.0,
3904367448,Senior Technical/Financial BA ,"Des Moines, IA",Zyxware Technologies,2024-04-17,2024-05-17,,50.0,55.0,HOURLY,52.0,4.0
3904367459,Senior Tax Accountant,"Orlando, FL",ECI Software Solutions,2024-04-17,2024-05-17,,,,,11.0,1.0
3904367466,Manufacturing Intern,"Anderson, SC",Justrite Safety Group,2024-04-17,2024-05-17,,,,,17.0,2.0
3904367626,Global Pricing & Business Intelligence Manager,"Kaukauna, WI",Ahlstrom,2024-04-17,2024-05-17,,,,,8.0,
3904367732,CRA II / Senior Clinical Research Associate (MidWest or West Coast US),United States,Rho,2024-04-17,2024-05-17,,,,,15.0,4.0
3904368020,Senior Java Developer,"New York, United States",Macquarie Group,2024-04-17,2024-05-17,,,,,14.0,4.0
3904368821,School Secretary,"Little Rock, AR",LISA Academy,2024-04-17,2024-05-17,,,,,4.0,
3904368837,Technician,"Manassas Park, VA",District Custom Woodworks,2024-04-17,2024-05-17,,,,,8.0,
3904369069,Ironworker Journeyman,"Delta, UT",TIC - The Industrial Company,2024-04-17,2024-05-17,,,,,6.0,1.0
3904369097,Machinist (2nd Shift),"Benton, AR",Parker Hannifin,2024-04-17,2024-05-17,,26.63,28.74,HOURLY,4.0,
3904369146,Business Services Director- Construction & Infrastructure Group,"Boston, MA",Aon,2024-03-23,2024-05-17,,,,,6.0,
3904369269,RN - Progressive Care Unit (PCU) - Travel,"Chandler, Arizona, United States",Protouch Staffing,2024-04-17,2024-05-17,,,,,3.0,
3904369649,Jewelry Sales Consultant (Part Time),"Cleveland, OH",Brilliant Earth,2024-04-17,2024-05-17,,,,,5.0,
3904370380,Undergraduate Year-Round Intern - Supply Chain and Manufacturing Analysis,"Golden, CO",National Renewable Energy Laboratory,2024-04-17,2024-05-17,,34000.0,54400.0,YEARLY,19.0,
3904370412,Warehouse Associate II,"Aurora, IL",Entegris,2024-04-17,2024-05-17,,,,,5.0,
3904371329,Machinist II - 3rd shift,"Houston, TX",Greene Tweed,2024-04-17,2024-05-17,,,,,5.0,
3904372028,Staff Professional-Risk Mgmt,United States,Marriott International,2024-04-17,2024-05-17,,72600.0,155197.0,YEARLY,338.0,3.0
3904372038,Sr. Process Engineer - Diamond Material Growth,"Saxonburg, PA",Coherent Corp.,2024-04-17,2024-05-17,,,,,6.0,
3904372316,Veterinary Receptionist,"Portsmouth, OH",Alliance Animal Health,2024-04-17,2024-05-17,,,,,5.0,
3904372360,Sr. Advisory Data Engineer,United States,Syniverse,2024-04-17,2024-05-17,,,,,14.0,2.0
3904373123,Sales Representative,"Denton, TX",Northern Tool + Equipment,2024-04-17,2024-05-17,,,,,4.0,
3904374162,Phlebotomy,"Vista, CA",Labcorp,2024-04-17,2024-05-17,,19.02,28.93,HOURLY,4.0,
3904374166,Quality Engineer I - St Charles Plant,"St Charles, MO",General Mills,2024-04-17,2024-05-17,,,,,6.0,1.0
3904376088,Android Tester,"Burlingame, CA","Sira Consulting, an Inc 5000 company",2024-04-17,2024-05-17,,80000.0,85000.0,YEARLY,58.0,24.0
3904379835,Pool Bartender  ,"Fort Lauderdale, FL",Hyatt Centric,2024-04-17,2024-05-17,,,,HOURLY,8.0,1.0
3904379875,PEPI Manager - IT M&A (Open to all US locations),"New York, NY",Alvarez & Marsal,2024-04-17,2024-05-17,,,,,5.0,
3904380766,Transport Driver,"North Charleston, SC",AmeriGas,2024-04-17,2024-05-17,,,,,11.0,
3904380993,Salesperson,"West Bend, WI",Advance Auto Parts,2024-04-17,2024-05-17,,,,,4.0,
3904381596,"Right of Way Administrative Assistant - Ft. Lauderdale, FL.","Fort Lauderdale, FL",Bowman Consulting,2024-04-17,2024-05-17,,,,,8.0,1.0
3904382340,Make Ready - Canterbury Crossing,"Abilene, TX",Asset Living,2024-04-17,2024-05-17,,,,,7.0,
3904382855,Associate Governmental Program Analyst,"Sacramento, CA",CalRecycle,2024-04-17,2024-05-17,,5684.0,7114.0,MONTHLY,17.0,2.0
3904383174,Electrical Maintenance Technician,"Manchester, NH",Prysmian,2024-04-17,2024-05-17,,27.11,33.81,HOURLY,9.0,3.0
3904383742,"Content Creator - onsite in Newton, IA","New York, NY",Creative Circle,2024-04-17,2024-05-17,,58.0,63.0,HOURLY,12.0,
3904383799,Sr Specialized Client Care Srvcs Rep,"Franklin, WI",Northwestern Mutual,2024-04-17,2024-05-17,,20.52,30.78,HOURLY,7.0,
3904383858,Senior Consultant,"Seattle, WA",Trinity Consultants,2024-04-17,2024-05-17,,,,,21.0,3.0
3904384286,BUSINESS OPS ASSOCIATE II,"Columbia, MO",University of Missouri-Columbia,2024-04-17,2024-05-17,,21.28,39.3,HOURLY,6.0,
3904384695,Mechanical Assembler 2nd shift,"Fort Collins, CO","Woodward, Inc.",2024-04-17,2024-05-17,,18.0,19.0,HOURLY,5.0,
3904384705,Desktop/End User Support,"Gallatin, TN",Cognizant,2024-04-17,2024-05-17,,,,,19.0,4.0
3904384796,"Panda Express In-Person Interview Day - Henrico, VA - 05/01 (2423)","Henrico, VA",Panda Restaurant Group,2024-04-17,2024-05-17,,,,,6.0,
3904384800,Leasing Associate,"Plano, TX",RPM Living,2024-04-17,2024-05-17,,,,,4.0,
3904384846,Senior Project Manager - Data Center Construction,"Maiden, NC",Turner & Townsend,2024-04-17,2024-05-17,,,,,11.0,1.0
3904384917,Administrative Assistant Commercial Lines,"Meridian, ID",Brown & Brown Insurance,2024-04-17,2024-05-17,,,,,4.0,
3904385520,Administrative Assistant (Department of Hematology/Oncology),"Philadelphia, PA",University of Pennsylvania,2024-04-17,2024-05-17,,,,,22.0,1.0
3904385686,CNA PRN on the Surgical Service Unit,"Dubuque, IA",MercyOne,2024-04-17,2024-05-17,,,,,5.0,
3904385807,Product Marketing Manager,"Irvine, CA",Finfare,2024-04-17,2024-05-17,,,,,22.0,5.0
3904385843,Account Manager Employee Benefits,"Meridian, ID",Brown & Brown Insurance,2024-04-17,2024-05-17,,,,,7.0,
3904386294,Critical Facility Engineer  ,"Richardson, TX",BGIS,2024-04-17,2024-05-17,,,,,9.0,
3904386444,"Case Manager II, Resource Specialist II (Overnight)","Seattle, WA",YMCA of Greater Seattle,2024-04-17,2024-05-17,,,,,5.0,
3904386588,Solution Architect (Remote),"Des Moines, IA",Cognizant,2024-04-17,2024-05-17,,72000.0,168000.0,YEARLY,78.0,5.0
3904386633,Bilingual Customer Service Specialist (Spanish),"Roseburg, OR",Sherwin-Williams,2024-04-17,2024-05-17,,17.0,17.0,HOURLY,6.0,
3904386847,Strategic Accounts Manager,"Schaumburg, IL",SEKO Logistics,2024-04-17,2024-05-17,,,,,14.0,1.0
3904387351,Loan Specialist,"Humble, TX",Regional Finance (Regional Management Corp.),2024-04-17,2024-05-17,,,,YEARLY,11.0,
3904387657,"Fundamental Equities - Vice President, Equity Quant Research Analyst (Income & Value Investment Team)","New York, NY",BlackRock,2024-04-17,2024-05-17,,147500.0,209500.0,YEARLY,115.0,8.0
3904387958,Apprentice Terminal Operator,"Cincinnati, OH",Buckeye Partners,2024-04-17,2024-05-17,,,,,4.0,
3904388215,Community Manager - Arbor Lake,"Covington, GA",Dominium,2024-04-17,2024-05-17,,,,,11.0,1.0
3904388376,Specialty Sales Professional,"Dartmouth, MA",Syneos Health Commercial Solutions,2024-04-17,2024-05-17,,,,,5.0,
3904388441,Healthcare Associate,United States,,2024-04-17,2024-05-17,,,,,8.0,1.0
3904388530,Systems Engineer (Expert),"Reston, VA","BAE Systems, Inc.",2024-04-17,2024-05-17,,,,,9.0,
3904388598,Central Processing Technician (Full Time / Days),"Bellevue, WA",Overlake Medical Center & Clinics,2024-04-17,2024-05-17,,21.37,34.62,HOURLY,12.0,
3904388614,RN CARDIAC CATH LAB/Electrophysiology Lab- LGH/FT 7A-7P; late shift rotations required,"Lynchburg, VA",Centra Health,2024-04-17,2024-05-17,,,,,4.0,
3904388661,"Security Officer - Stratham, NH","Epping, NH","Securitas Security Services USA, Inc.",2024-04-17,2024-05-17,,,,,9.0,
3904388684,Part-Time Sales Associate - Danbury Fair 3828,"Danbury, CT",Brooks Brothers,2024-04-17,2024-05-17,,,,,5.0,
3904388706,Project Management Officer,United States,"GOAL SET COACH, LLC",2024-04-17,2024-05-17,,,,,191.0,55.0
3904388714,Microsoft365 Support Technician (work from home),"Florida, United States",American Red Cross,2024-04-17,2024-05-17,,76000.0,90000.0,YEARLY,10.0,1.0
3904388788,Part Time Retail Merchandiser - Victoria TX 77901,"Victoria, TX",Hallmark Cards,2024-04-17,2024-05-17,,12.0,13.0,HOURLY,6.0,
3904389147,Community Manager - Tax Credit,"Columbus, GA",RPM Living,2024-04-17,2024-05-17,,,,,8.0,
3904389470,Behavior Technician,"Conyers, GA",Centria Autism,2024-04-17,2024-05-17,,16.0,23.0,HOURLY,5.0,
3904389472,Content Management Sr. Strategist,"Boston, MA",MFS Investment Management,2024-04-17,2024-05-17,,,,,36.0,2.0
3904389482,Infection Control Registered Nurse,"Miami Beach, FL",Mount Sinai Medical Center of Florida,2024-04-17,2024-05-17,,,,,8.0,1.0
3904389537,Material Handler II - Reach/ Cherry Picker Forklift 2nd shift.,"Belton, MO",The Hillman Group,2024-04-17,2024-05-17,,,,,7.0,
3904389584,Sales Associate,"Columbus, Ohio Metropolitan Area",EXPRESS,2024-04-17,2024-05-17,,,,,7.0,
3904389609,Blood Collections Team Lead (Mobiles),"Kokomo, IN",American Red Cross,2024-04-17,2024-05-17,,,,,7.0,
3904389668,Senior Staff Software Engineer - Autonomy Data: MP Data Engine,"Mountain View, CA",Aurora,2024-04-17,2024-05-17,,189000.0,302000.0,YEARLY,28.0,2.0
3904389772,Data Ops Specialist (Hybrid Option),"Sacramento, CA",California Department of Health Care Services,2024-04-17,2024-05-17,,6139.0,9932.0,MONTHLY,6.0,1.0
3904389829,IT Infrastructure Lead,"Santa Cruz, CA",Joby Aviation,2024-04-17,2024-05-17,,115800.0,154400.0,YEARLY,17.0,4.0
3904389880,Registered Respiratory Therapist,"Billings, MT",Intermountain Health,2024-04-17,2024-05-17,,25.0,40.93,HOURLY,8.0,
3904390138,Flight Watch Coordinator- TEMP,"Erlanger, KY",Atlas Air,2024-04-17,2024-05-17,,,,HOURLY,13.0,1.0
3904390463,Compliance Officer - Personal Trade Surveillance,"Newport Beach, CA",PIMCO,2024-04-17,2024-05-17,,100000.0,135000.0,YEARLY,26.0,3.0
3904390591,Account Executive- Storefront,United States,Cart.com,2024-04-17,2024-05-17,,,,,8.0,1.0
3904390729,Data Engineer Intern,"Wayne, NJ",Getinge,2024-04-17,2024-05-17,,,,,192.0,27.0
3904391033,Assistant Store Manager,"Euclid, OH",Extra Space Storage,2024-04-17,2024-05-17,,,,,4.0,
3904391553,Branch Manager,"Centreville, MD",Queenstown Bank,2024-04-17,2024-05-17,,,,,6.0,1.0
3904391566,Sleep Expert - Sales,"Salisbury, NC",Mattress Firm,2024-04-17,2024-05-17,,60000.0,85000.0,YEARLY,4.0,
3904391574,Assistant Store Manager,"Moenave, AZ",Goodwill of Central and Northern Arizona,2024-04-17,2024-05-17,,,,,6.0,
3904392041,Product Consultant(MN REC),"Denton, TX",Cognizant,2024-04-17,2024-05-17,,,,,8.0,
3904392257,Monitor Tech - Nights,"Oklahoma, United States",INTEGRIS Health,2024-04-17,2024-05-17,,,,,6.0,
3904392359,Youth Development Counselor - Bush,"The Woodlands, TX",YMCA of Greater Houston,2024-04-17,2024-05-17,,,,,4.0,
3904392591,Technology Manager,United States,COUNTRY Financial®,2024-04-17,2024-05-17,,131600.0,170000.0,YEARLY,8.0,
3904392711,Sales Associate (Seasonal),"Edinburgh, IN",J.Crew Factory,2024-04-17,2024-05-17,,13.5,18.5,HOURLY,3.0,
3904392726,Peer Navigator-IMPACT,"New Britain, CT","Community Mental Health Affiliates, Inc. (CMHA)",2024-04-17,2024-05-17,,18.0,22.0,HOURLY,5.0,
3904392727,"Vice President, General Manager, Power Transmission, North Ameri","Denver, CO",Gates Corporation,2024-04-11,2024-05-17,,240000.0,325000.0,YEARLY,36.0,1.0
3904393118,Lead CT Technologist (Full Time / Days),"Bellevue, WA",Overlake Medical Center & Clinics,2024-04-17,2024-05-17,,42.72,64.08,HOURLY,7.0,
3904393189,Technical Support Specialist I,"Boise, ID","Cradlepoint, part of Ericsson",2024-04-17,2024-05-17,,35350.0,65650.0,YEARLY,25.0,
3904393274,Midland 02 Market - Perishables Rep - Part-Time,"Midland, TX",H-E-B,2024-04-17,2024-05-17,,,,,7.0,
3904393333,Quality Engineer,"Columbus, IN",Cleveland-Cliffs,2024-04-17,2024-05-17,,,,,9.0,2.0
3904393453,IT Training Specialist,"St Louis, MO",Stifel Financial Corp.,2024-04-17,2024-05-17,,,,,10.0,1.0
3904393480,"Associate Director, Statistical Programming","Menlo Park, CA",Corcept Therapeutics,2024-04-17,2024-05-17,,215000.0,250000.0,YEARLY,17.0,4.0
3904394143,Chicago Early Learning Coordinator Bilingual Spanish 5/1-9/13/24,"Chatham, IL",Illinois Action for Children,2024-04-17,2024-05-17,,,,HOURLY,6.0,
3904394227,Product Specialist - Burton PT,"Burton, MI",Gage Cannabis,2024-04-17,2024-05-17,,,,,5.0,
3904394250,Austin 21 (Bee Cave) Bakery - Food Service Rep - Full-Time,"Austin, TX",H-E-B,2024-04-17,2024-05-17,,,,,7.0,
3904394266,Material Handler,"Suwanee, GA",Staffmark Group,2024-04-17,2024-05-17,,15.0,15.25,HOURLY,4.0,
3904394525,Pest Technician I,"Hanover, MA",Rentokil Pest Control North America,2024-04-17,2024-05-17,,,,,5.0,
3904394637,MUSCP-Nurse Navigator-MIND Director of Patient Outreach and Coordination-Department of Neurosurgery,"Charleston, SC",MUSC Health,2024-04-17,2024-05-17,,,,,13.0,
3904395153,Patient Service Representative - PACE,"Oceanside, CA",Family Health Centers of San Diego,2024-04-17,2024-05-17,,,,,5.0,
3904395173,Waxahachie CFT - Cross Functional Rep - Part-Time,"Waxahachie, TX",H-E-B,2024-04-17,2024-05-17,,,,,6.0,
3904395228,Project Manager - Special Coatings,"Houston, TX",Diverzify,2024-04-17,2024-05-17,,,,,5.0,
3904395275,BVG Hiring and Training Manager - Austin Development,"Austin, TX",BrightView Landscapes,2024-04-17,2024-05-17,,,,,8.0,
3904396029,COOK - PART TIME,"Lynchburg, VA",Centra Health,2024-04-17,2024-05-17,,,,,8.0,
3904396248,Entry Level Hospital Services Technician,"North Versailles, PA",Stericycle,2024-04-17,2024-05-17,,,,HOURLY,4.0,
3904397098,Caregiver with personal care experience,"Cincinnati, OH",TheKey,2024-04-17,2024-05-17,,,,,5.0,
3904397822,Associate,New York City Metropolitan Area,,2024-04-17,2024-05-17,,,,,2.0,
3904397840,"Support Engineer, FreeWheel","New York, United States",FreeWheel,2024-04-17,2024-05-17,,,,,11.0,2.0
3904400593,Litigation Paralegal,Los Angeles Metropolitan Area,"CivicMinds, Inc",2024-04-17,2024-05-17,,,,,3.0,
3904401588,"Customer Services Associate (No Cold Calling) Morristown, TN","Morristown, TN",SimplyApply,2024-04-17,2024-05-17,,15.0,16.0,HOURLY,8.0,
3904402358,Inventory Analyst,"Gibsonton, FL",Siemens Energy,2024-04-17,2024-05-17,,,,,54.0,12.0
3904402365,"COORDINATOR, FINANCE","Roseville, CA","USA Properties Fund, Inc.",2024-04-17,2024-05-17,,,,,9.0,1.0
3904403082,Member Service Representative (Full-Time) - Atlantic Beach/NS Mayport,"Jacksonville, FL",Navy Federal Credit Union,2024-04-17,2024-05-17,,20.0,23.0,HOURLY,12.0,3.0
3904404706,"Assistant Director, Event Services","Denver, CO",University of Denver,2024-04-17,2024-05-18,,,,,11.0,1.0
3904404863,Physician Assistant,"Colby, KS",Theoria Medical,2024-04-17,2024-05-18,,,,,4.0,
3904406925,YARD DRIVER,"Colorado City, TX","McLane Company, Inc.",2024-04-18,2024-05-18,,,,,4.0,
3904406987,Digital Agency Account Executive,"Fort Lauderdale, FL",ARSENL ,2024-04-18,2024-10-15,,,,,21.0,1.0
3904407715,Maintenance Mechanic,"Minooka, IL",Menasha Corporation,2024-04-18,2024-05-18,,,,,5.0,
3904407804,Radiology Technician (MRI/CT),"St Louis, MO",Connected Health Care,2024-04-17,2024-05-18,,,,,4.0,
3904407835,"Manager II, Data Science","San Francisco, CA",Uber,2024-04-18,2024-05-18,,203000.0,225500.0,YEARLY,30.0,4.0
3904407866,Cleanroom Carpenter (Construction),"Dallas, TX","AM Technical Solutions, Inc",2024-04-18,2024-05-18,,,,,13.0,
3904407921,Assistant Controller,San Francisco Bay Area,BRIDGE Housing Corporation,2024-04-18,2024-05-18,,135000.0,150000.0,YEARLY,12.0,
3904408313,Technical Lead,United States,"DigiDoc, Inc. dba Public Sector Solutions Group",2024-04-18,2024-10-15,,,,,89.0,26.0
3904408780,Sales Coordinator,"Livonia, MI",Alta Equipment Company,2024-04-18,2024-05-18,,,,,8.0,
3904408838,Facility Maintenance Mechanic,"Warden, WA",Lamb Weston,2024-04-18,2024-05-18,,,,,10.0,
3904409240,Technician,"Greenwood, IN",,2024-04-18,2024-05-18,,,,,3.0,
3904409288,Nurse Practitioner,"Colby, KS",Theoria Medical,2024-04-17,2024-05-18,,,,,6.0,
3904409660,Full-Time Charge Nurse: LVN or RN - Long-Term Care,"Eden, TX",Connected Health Care,2024-04-17,2024-05-18,,,,,4.0,
3904409992,"Detailer (flat rate) 450500 (Spartanburg, SC)","Spartanburg, SC",Teph Seal Auto Appearance,2024-04-18,2024-05-18,,,,,4.0,
3904411005,Client Services Representative,"Kinnelon, NJ",Construction Information Systems Inc.,2024-04-18,2024-05-18,,,,,3.0,
3904411024,Physician,"Indianapolis, IN",Theoria Medical,2024-04-17,2024-05-18,,,,,4.0,
3904411068,Programs and Outreach Administrator (Hybrid),"Bethesda, MD",KABOOM!,2024-04-18,2024-05-18,,,,YEARLY,34.0,1.0
3904411113,Director of Performance Marketing,United States,Dimond Connect,2024-04-18,2024-05-18,,,,,204.0,58.0
3904411285,"Assoc Director/Director, Clinical Operations","Bothell, WA","Immunome, Inc.",2024-04-18,2024-10-15,,,,,30.0,1.0
3904412385,Litigation Attorney (2+ years),"California, United States","Gordon Rees Scully Mansukhani, LLP",2024-04-18,2024-05-18,,100000.0,275000.0,YEARLY,10.0,1.0
3904412507,FPGA Design Engineer,"Mountain View, CA",BrickRed Systems,2024-04-18,2024-05-18,,90.0,95.0,HOURLY,50.0,3.0
3904412760,Experienced Protective Relaying Engineer,"Hamilton Township, NJ",Sargent & Lundy,2024-04-18,2024-05-18,,,,,4.0,
3904413382,Transportation Technician IV,"Raleigh, NC","Johnson, Mirmiran & Thompson",2024-04-17,2024-05-18,,,,,5.0,
3904413641,PT Support Lead - Times Square,"New York, NY",Five Below,2024-04-18,2024-05-18,,,,,6.0,
3904414038,Telemedicine Gastroenterologist,United States,OpenLoop,2024-04-18,2024-05-18,,,,,7.0,
3904414191,FT Radiologic Technologist (Xray/CT) *Potential Sign On Bonus*,"Nevada, IA",Connected Health Care,2024-04-17,2024-05-18,,,,,4.0,
3904414389,Attorney,"Louisville, KY",,2024-04-18,2024-05-18,,,,,6.0,
3904414884,Senior Biomarker Sample Operations Associate,"North Chicago, IL",Parexel,2024-04-18,2024-05-18,,,,,9.0,2.0
3904415209,"Coordinator, Programs & Events","Honolulu, HI",Chamber of Commerce Hawaii,2024-04-18,2024-05-18,,,,,43.0,
3904415396,Asset Protection Specialist,"Chicago, IL",Jewel-Osco,2024-03-24,2024-05-18,,,,,3.0,
3904415900,Manager In Training,"Utah County, UT",Serenity Healthcare,2024-04-18,2024-05-18,,,,,6.0,
3904415902,Sales Associate - Spirit,"Staten Island, NY",Spirit Halloween,2024-04-18,2024-05-18,,,,,5.0,
3904415938,Senior Desktop Support Technician,"Philadelphia, PA","Audacy, Inc.",2024-04-18,2024-05-18,,,,,6.0,
3904415976,Fork Lift Operator - 1st shift 7am-3pm,"Houston, TX",Atkore,2024-04-17,2024-05-18,,,,,7.0,1.0
3904416306,A Class Fit Out Tradesman,"Mobile, AL",Austal USA,2024-04-18,2024-05-18,,,,,4.0,
3904416476,"Scientist I, Parenterals","North Chicago, IL",AbbVie,2024-04-18,2024-05-18,,,,,5.0,
3904416534,ASSISTANT STORE MANAGER,"Tulsa, OK",Family Dollar,2024-04-17,2024-05-18,,,,,4.0,
3904417871,Marketing & Event Specialist,"Charlotte, NC",AccruePartners,2024-04-18,2024-05-18,,,,,11.0,1.0
3904417932,Orthodontic Assistant,"Alpharetta, GA",Dental Care Alliance,2024-04-18,2024-05-18,,,,,5.0,
3904418363,MERCHANDISE ASSISTANT MANAGER,"North Augusta, SC",Dollar Tree Stores,2024-04-17,2024-05-18,,,,,5.0,
3904418789,Produce Order Writer (Buyer / Inventory Replenishment),"Red Bank, NJ",Whole Foods Market,2024-04-17,2024-05-18,,,,,4.0,
3904418917,Interiors Superintendent - Miami,"Miami, FL",Turner Construction Company,2024-04-17,2024-05-18,,,,,5.0,1.0
3904418928,Part Time Sales Associate - Topanga Plaza,"Los Angeles, California, United States",Pandora,2024-04-17,2024-05-18,,17.0,18.5,HOURLY,5.0,
3904419148,Strategic Account Executive,"Baltimore, MD",ADP,2024-04-18,2024-05-18,,,,,24.0,7.0
3904419332,"Hematology Clinical Account Specialist - Long Island, NY","Queens, NY",AbbVie,2024-04-18,2024-05-18,,,,,10.0,1.0
3904419733,"Customer Service & E-Commerce Supervisor (Customer Service, In-Store Shopper Supervisor) - Full Time","Fort Lauderdale, FL",Whole Foods Market,2024-04-17,2024-05-18,,,,,4.0,
3904419739,E-Commerce Associate Team Leader (In-Store Shopper Assistant Department Manager),"Austin, TX",Whole Foods Market,2024-04-17,2024-05-18,,,,,7.0,
3904420176,Inventory Control Specialist,"Rochester, NY",Floor & Decor,2024-04-17,2024-05-18,,17.17,25.23,HOURLY,4.0,
3904420268,Asst. Director of Food & Beverage,"Commack, NY",Invited,2024-04-17,2024-05-18,,,,,4.0,
3904420556,Cash Application Specialist,"Beaverton, OR",Platt Electric Supply,2024-04-17,2024-05-18,,,,,6.0,
3904420723,"Account Manager, Integrated Absence Solutions","Plano, TX",Lockton,2024-04-18,2024-05-18,,,,,8.0,
3904421090,OPERATIONS ASSISTANT MANAGER,"Nashville, TN",Dollar Tree Stores,2024-04-17,2024-05-18,,,,,5.0,
3904421345,R Developer - Technical Lead,"Plymouth Meeting, PA",CGI,2024-04-18,2024-05-18,,76300.0,202700.0,YEARLY,6.0,
3904421506,Front End Developer,"Urbana, IL",University of Illinois Urbana-Champaign,2024-04-17,2024-05-18,,,,YEARLY,31.0,7.0
3904421526,"Manager, Vendor Paid - Sales - Lancome","New York, NY",Macy's,2024-04-17,2024-05-18,,,,,5.0,
3904421634,Store Fulfillment Associate - Part Time,"Cordele, GA",Belk,2024-04-18,2024-05-18,,,,,6.0,
3904422410,Bakery Department Supervisor,"Albuquerque, NM",Whole Foods Market,2024-04-17,2024-05-18,,,,,6.0,
3904422597,Store Manager,"New York, United States",Foot Locker,2024-04-18,2024-05-18,,64000.0,69000.0,YEARLY,11.0,
3904422824,"Sales Executive - LoopNet Digital Advertising - Philadelphia, PA","Philadelphia, PA",CoStar Group,2024-04-18,2024-05-18,,,,,6.0,
3904423033,"Associate Director, AMI Clinical Engagement","Irvine, CA",AbbVie,2024-04-18,2024-05-18,,,,,12.0,
3904423079,Senior Software Engineer,"Atlanta, GA",Equifax,2024-04-18,2024-05-18,,,,,15.0,3.0
3904423914,Lead Project Engineer,"Maitland, FL",Wright-Pierce,2024-04-17,2024-05-18,,,,,4.0,
3904424945,Network Engineer and Administrator,United States,OpenNova,2024-04-18,2024-05-18,,42.0,50.0,HOURLY,145.0,24.0
3904424967,Laboratory Accreditation Specialist 1,"Albany, NY",New York State Division of Criminal Justice Services,2024-04-18,2024-05-18,,65001.0,82656.0,YEARLY,13.0,1.0
3904424986,Physical Therapist - Inpatient - SU-TH,"Chula Vista, CA",Scripps Health,2024-04-18,2024-05-18,,49.22,73.85,HOURLY,4.0,
3904425736,Project Coordinator,"Chicago, IL","Global Technical Talent, an Inc. 5000 Company",2024-04-17,2024-05-18,,,,,10.0,2.0
3904425784,Sales Associate,"Norwalk, CT",The Tile Shop,2024-04-18,2024-05-18,,,,,3.0,
3904427281,Volunteer: Calling all Brooklyn College Students!,"New York, NY",VolunteerMatch,2024-04-18,2024-05-18,,,,,5.0,
3904427749,Operations Analyst II,United States,"MedImpact Healthcare Systems, Inc.",2024-04-18,2024-05-18,,,,,64.0,14.0
3904427839,Promotional Vehicle Coordinator,"McPherson, KS",Viega LLC,2024-04-18,2024-05-18,,,,,5.0,
3904427935,"Adjunct Faculty - Physician Assistant, CHS","Chicago, IL",RUSH University Medical Center,2024-04-17,2024-05-18,,,,,4.0,
3904428136,Dialysis Registered Nurse,"Barberton, OH",U.S. Renal Care,2024-04-18,2024-05-18,,,,,4.0,
3904429019,Volunteer: Live in Bullhead City? Volunteer help needed at Blood Drives!,"Bullhead City, AZ",VolunteerMatch,2024-04-18,2024-05-18,,,,,4.0,
3904429051,Assistant Store Manager - Spirit,"Valley Stream, NY",Spirit Halloween,2024-04-18,2024-05-18,,,,,8.0,
3904429186,Home Health LPN,"Elizabeth, WV",WVU Medicine,2024-04-18,2024-05-18,,,,,7.0,
3904429456,Instructional Designer,"Santa Clara, CA","Global Technical Talent, an Inc. 5000 Company",2024-04-17,2024-05-18,,,,,10.0,1.0
3904429514,Medicare Services Coordinator & Aging Services,"Commerce, CA",AltaMed Health Services,2024-04-18,2024-05-18,,24.0,28.15,HOURLY,4.0,
3904431004,Clinical Dietitian,"Bridgeport, WV",WVU Medicine,2024-04-18,2024-05-18,,,,,3.0,
3904431264,Diesel Mechanic- Up To $5K Sign On Bonus,"Norwalk, CT",WIN Waste Innovations,2024-04-18,2024-05-18,,,,,5.0,
3904431567,Nurse Manager of Staffing Operations,"Baltimore, MD",LifeBridge Health,2024-04-18,2024-05-18,,118000.0,125000.0,YEARLY,7.0,
3904432217,"Coordinator, Transportation","Covina, CA",AltaMed Health Services,2024-04-18,2024-05-18,,24.0,28.15,HOURLY,5.0,
3904433122,Lab Research Tech 1 - Microbial Pathogens & Immunity,"Chicago, IL",RUSH University Medical Center,2024-04-17,2024-05-18,,,,,7.0,
3904433139,Integration Specialist,"Omaha, NE",Sanctuary Wealth,2024-04-18,2024-05-18,,80000.0,95000.0,YEARLY,6.0,1.0
3904500278,Registered Nurse,"Fresno, CA",Saint Agnes Medical Center,2024-04-19,2024-05-19,,44.23,64.14,HOURLY,4.0,
3904500325,Electrical Technology Lead,"Houston, TX",Halliburton,2024-04-19,2024-05-19,,,,,1.0,
3904500509,Sr. Field Service Technician,"Northford, CT",Honeywell,2024-04-19,2024-05-19,,60000.0,75000.0,YEARLY,3.0,
3904503061,Attorney at Law - Personal Injury (Bilingual) ,"Columbia, SC",Blue Signal Search,2024-04-19,2024-05-19,,,,,2.0,
3904504130,HVACR Service Technician,"Mobile, AL","ConServ Building Services, LLC",2024-04-19,2024-05-19,,,,,4.0,
3904504768,Assistant Project Manager,"Westwood, MA",GDKN,2024-04-19,2024-05-19,,38.0,39.0,HOURLY,3.0,
3904506036,Senior Wealth Manager,"Eden Prairie, MN",Boulay,2024-04-19,2024-05-19,,,,,2.0,
3904506072,Director Member Growth,"Chelmsford, MA",SAPinsider,2024-04-19,2024-05-19,,,,,1.0,
3904506173,Analyst II/III - Cell & Gene Therapy,"Boston, MA",BioAgilytix,2024-04-19,2024-05-19,,,,,2.0,
3904507639,"Leasing Consultant, Multifamily","Grand Prairie, TX",Cushman & Wakefield,2024-04-19,2024-05-19,,,,,4.0,
3904508073,Principal Product Manager,"Los Angeles, CA",Scopely,2024-04-19,2024-05-19,,169600.0,253000.0,YEARLY,3.0,
3904508127,Clinical Pharmacist I (PRN),"Clinton, MD",MedStar Health,2024-04-19,2024-05-19,,,,,4.0,
3904508571,3rd Grade Teacher – Breckenridge Franklin Elementary School (2024-2025)*Enhanced Support Stipend Eligible School - Start Time 9:40,"Louisville, KY",Jefferson County Public Schools,2024-04-19,2024-05-19,,,,YEARLY,3.0,
3904508690,Asbestos Inspector,Little Rock Metropolitan Area,"EIS Holdings, LLC",2024-04-19,2024-05-19,,,,,3.0,
3904508954,Graduate Internship - (MS/PhD),"Hillsboro, OR",Intel Corporation,2024-04-19,2024-05-19,,,,,3.0,
3904509818,Java Developer,"Jersey City, NJ",Open Systems Technologies,2024-04-19,2024-05-19,,120000.0,140000.0,YEARLY,3.0,
3904509935,Memory Design Engineer,"Hillsboro, OR",Intel Corporation,2024-04-19,2024-05-19,,,,,3.0,
3904509994,Public Affairs Manager,United States,Vinted,2024-04-19,2024-05-19,,,,,2.0,
3904510209,Azure Data Architect,"Burbank, CA",Visionary Innovative Technology Solutions LLC,2024-04-19,2024-05-19,,,,,3.0,
3904511134,CRM Manager,"New York, NY",Open Systems Technologies,2024-04-19,2024-05-19,,150000.0,165000.0,YEARLY,3.0,
3904511357,Digital Media Specialist (Programmatic),"Fort Worth, TX",Koddi,2024-04-19,2024-05-19,,,,,,
3904512134,DevOps Engineer,"New York, NY",Open Systems Technologies,2024-04-19,2024-05-19,,170000.0,190000.0,YEARLY,3.0,
3904512165,Technical Business Analyst,"Charlotte, NC",McGriff,2024-04-19,2024-05-19,,,,,4.0,
3904512627,Business Development Assistant,"New York, NY",TBG | The Bachrach Group,2024-04-19,2024-05-19,,50000.0,60000.0,YEARLY,3.0,
3904513236,Global IT Infrastructure Manager,"Overland Park, KS",Black & Veatch,2024-04-19,2024-05-19,,,,,3.0,
3904513277,Corporate Development Analyst,Washington DC-Baltimore Area,Selby Jennings,2024-04-19,2024-05-19,,,,,2.0,
3904513391,Data Governance Specialist,Greater Philadelphia,Tandigm Health,2024-04-19,2024-05-19,,,,,1.0,
3904514060,Java Automation Lead,"New York, NY",Open Systems Technologies,2024-04-19,2024-05-19,,80.0,85.0,HOURLY,3.0,
3904514063,Vendor Operations Specialist,"Northfield, IL","Medline Industries, LP",2024-04-19,2024-05-19,,,,,2.0,
3904514065,Java Developer,"Jersey City, NJ",Open Systems Technologies,2024-04-19,2024-05-19,,150000.0,170000.0,YEARLY,3.0,
3904514178,Commercial HVAC Service Technician,"Tulsa, OK",CaptiveAire Systems,2024-04-19,2024-05-19,,,,,2.0,
3904514258,Pediatric Intensive Care Nurse - 25K Sign on Bonus,"Washington, DC",Children's National Hospital,2024-04-19,2024-05-19,,,,,1.0,
3904516313,Quality  Engineer,"Groveland, FL",CaptiveAire Systems,2024-04-19,2024-05-19,,,,,1.0,
3904517013,Certified Medical Assistant - Urgent Care - Western Hills,"Cincinnati, OH",Mercy Health,2024-04-19,2024-05-19,,,,,3.0,
3904517064,Senior Procurement Specialist,Washington DC-Baltimore Area,DSJ Global,2024-04-19,2024-05-19,,,,,2.0,
3904562993,"Senior Industry Specialist - Data Science and GenAI, AWSI-M&E","Jersey City, NJ",Amazon Web Services (AWS),2024-04-17,2024-05-19,,122900.0,239000.0,YEARLY,5.0,
3904567718,Communications Intern,Atlanta Metropolitan Area,Builders,2024-04-19,2024-05-19,,,,,2.0,
3904568250,Business Intelligence Analyst,"New York, United States",Amazon Web Services (AWS),2024-04-12,2024-05-19,,79600.0,185000.0,YEARLY,16.0,1.0
3904568277,Design Manager,"Phoenix, AZ",Springtide Project Services,2024-04-19,2024-05-19,,,,,2.0,
3904568695,Sr. Infrastructure Engineer,"Devens, MA",Rang Technologies Inc,2024-04-19,2024-05-19,,,,,57.0,8.0
3904572451,Data Specialist UVA Cancer Center,"Charlottesville, VA",University of Virginia,2024-04-19,2024-05-19,,,,,6.0,
3904572821,Warehouse Specialist,"Euclid, OH",MD&A,2024-04-19,2024-05-19,,,,,4.0,
3904576745,Recruiting Coordinator,"Richmond, VA",Capital One,2024-04-19,2024-05-19,,,,,17.0,3.0
3904577229,"(Sr.) Medical Science Liaison (OH, MO, KS, IN)","Missouri, United States",Atlas Search,2024-04-19,2024-05-19,,170000.0,250000.0,YEARLY,12.0,
3904577241,Credit Representative,"Lake Worth, FL",CareerSource Palm Beach County,2024-04-19,2024-05-19,,42000.0,52000.0,YEARLY,21.0,1.0
3904578529,RN-Pain Clinic,"Cedar Rapids, IA",UnityPoint Health,2024-04-19,2024-05-19,,,,,4.0,
3904579380,Business Analyst ,"Boston, MA",Whitridge Associates,2024-04-19,2024-05-19,,,,,229.0,52.0
3904579447,Route Sales Professional,"Dayton, OH",Bimbo Bakeries USA,2024-04-19,2024-05-19,,,,,4.0,
3904581279,Pricing Actuary (Hybrid/Remote #54925),"Nashville, TN",DW Simpson Global Actuarial & Analytics Recruitment,2024-04-19,2024-05-19,,130000.0,140000.0,YEARLY,4.0,
3904581955,Instructor /Trainer /Curriculum Designer,United States,"LanceSoft, Inc.",2024-04-19,2024-05-19,,,,,20.0,
3904583368,MDS Nurse,"Defiance, OH",Ciena Healthcare,2024-04-19,2024-05-19,,,,,4.0,
3904583449,Application Coordinator,"Dallas, TX",Akkodis,2024-04-19,2024-05-19,,50.0,52.0,HOURLY,22.0,2.0
3904584338,Maintenance Director,"Mt. Vernon Woods, Ohio, United States",Ciena Healthcare,2024-04-19,2024-05-19,,,,,4.0,
3904585602,Staff Accountant to $55K with company paid child care and 4 weeks vacation!,"Peachtree Corners, GA",Source Financial Staffing,2024-04-19,2024-10-16,,,,,4.0,1.0
3904585680,Business Development Manager – Tech,"Houston, TX",Clifford Chance,2024-04-19,2024-05-19,,,,,8.0,2.0
3904585683,ESL/ESOL Virtual Educator (New York certification required),"Brooklyn, NY",Fullmind,2024-04-19,2024-05-19,,,,,13.0,1.0
3904586130,Certified Nursing Assistant (CNA),"Battle Creek, MI",Ciena Healthcare,2024-04-19,2024-05-19,,,,,4.0,
3904586136,State Tested Nursing Assistant (STNA),"Columbus, OH",Ciena Healthcare,2024-04-19,2024-05-19,,,,,4.0,
3904586316,Beauty Advisor,"Baltimore, MD",Ulta Beauty,2024-04-19,2024-05-19,,,,,5.0,
3904587310,Senior Copywriter,New York City Metropolitan Area,Veronica Beard,2024-04-19,2024-05-19,,80000.0,100000.0,YEARLY,16.0,5.0
3904587506,Transmission Engineer,"Richmond, VA",Airswift,2024-04-19,2024-05-19,,,,,9.0,1.0
3904591694,SVP |  F&A Sales - Insurance/BFS vertical,United States,Quadrangle,2024-04-19,2024-05-19,,,,,3.0,
3904595876,Creative Arts Therapist- Level III,"Bronx, NY",NYC Health + Hospitals,2024-04-19,2024-05-19,,,,,4.0,
3904599861,Sr. Transportation Project Manager,"Charleston County, SC","KCI Technologies, Inc.",2024-04-19,2024-05-19,,,,,4.0,
3904700814,"Account Executive, Vehicle Remarketing - Greater Nashville or Knoxville, TN Area - TN & SW KY Sales Market","Tennessee, United States",Ally,2024-04-19,2024-05-19,,60000.0,95000.0,YEARLY,4.0,
3904700842,Restaurant Crewmember – Closing Shift (8pm- 2am),"Sugar Land, TX",Raising Cane's Chicken Fingers,2024-04-19,2024-05-19,,,,HOURLY,3.0,
3904700969,Talent Sourcer - Recruiting,"Oakwood, GA",Northeast Georgia Health System,2024-04-19,2024-05-19,,,,,4.0,
3904701729,Regional Marketing Intern,"Richmond, VA",Great Minds,2024-04-19,2024-05-19,,,,,2.0,
3904701770,Privacy Paralegal - Nationwide,"Texas, United States",Cardinal Health,2024-04-19,2024-05-19,,66560.0,95055.0,YEARLY,2.0,
3904702847,Packager - 2nd Shift,"Laredo, TX","Medline Industries, LP",2024-04-19,2024-05-19,,,,,2.0,
3904703507,Roadway Design Engineer,"Nashville, TN","KCI Technologies, Inc.",2024-04-19,2024-05-19,,,,,3.0,
3904703612,Pipe Yard Specialist,"Keene, ND",DNOW,2024-04-19,2024-05-19,,,,,4.0,
3904703889,LPN - Skilled Nursing Facility - 42.00 Hourly ALL SHIFTS!,"Washington, DC",Maxim Healthcare Staffing,2024-04-19,2024-05-19,,,,HOURLY,4.0,
3904703916,Special Education Teacher (Mod/Severe) - 24/25 School Year,"Albany, CA",Maxim Healthcare Staffing,2024-04-19,2024-05-19,,,,,3.0,
3904705848,Branch Rental Manager,"Indianapolis, IN",Hogan Transportation Companies,2024-04-19,2024-05-19,,,,,2.0,
3904706371,Emergency Medicine Medical Director - 41470BR,"Knoxville, TN",TeamHealth,2024-04-19,2024-05-19,,,,,2.0,
3904706483,Construction Manager,"Northlake, TX",MasTec Power Delivery,2024-04-19,2024-05-19,,,,,2.0,
3904707657,Child Care Teacher,"Grapevine, TX",The Children's Courtyard,2024-04-19,2024-05-19,,,,,3.0,
3904708013,Non CDL Parcel Delivery Driver,"Aurora, CO","Medline Industries, LP",2024-04-19,2024-05-19,,,,,3.0,
3904709119,EMT Part-Time- 45196,"Williamstown, KY",RedBalloon,2024-04-19,2024-05-19,,29120.0,33280.0,HOURLY,3.0,
3904709157,Human Resources Generalist,"Atlanta, GA",Paradies Lagardère,2024-04-19,2024-05-19,,,,,2.0,
3904709959,"AI Engineer, Biologics Engineering, Oncology R&D","Gaithersburg, MD",AstraZeneca,2024-04-19,2024-05-19,,,,,4.0,
3904710263,Product Manager,"Springfield, VA",CACI International Inc,2024-04-19,2024-05-19,,78700.0,165300.0,YEARLY,4.0,
3904710498,Veterinary Technician | Eye Care for Animals Reno,"Reno, NV",Thrive Pet Healthcare,2024-04-19,2024-05-19,,,,,4.0,
3904710542,"AVP or VP, Commercial Surety Underwriting Officer","Schaumburg, IL",Zurich North America,2024-04-19,2024-05-19,,,,,4.0,
3904710634,RN IMCU,"Tallahassee, FL",HCA Florida Capital Hospital,2024-04-19,2024-05-19,,,,,5.0,
3904711901,Sales Territory Manager,"Springfield, IL",Ergon Inc.,2024-04-19,2024-05-19,,,,,4.0,
3904711921,Certified Pre K Teacher - Full Time,"Moorestown, NJ",Greater Philadelphia YMCA,2024-04-19,2024-05-19,,,,,4.0,
3904712064,Pulmonary Rehab Therapist - PRN,"Oregon, OH",Mercy Health,2024-04-19,2024-05-19,,,,,3.0,
3904713085,Associate Technical Project Manager,"Ambler, PA",Phenom,2024-04-19,2024-05-19,,,,,4.0,1.0
3904713809,RN - High Acuity - St. Elias,"Anchorage, AK",Providence Health & Services,2024-04-19,2024-05-19,,42.67,67.54,HOURLY,3.0,
3904713830,Senior Buyer,"Jersey City, NJ",PrideNow,2024-04-19,2024-05-19,,85000.0,90000.0,YEARLY,2.0,
3904713885,Risk Management Coordinator,"St Louis, MO",BJC HealthCare,2024-04-19,2024-05-19,,57304.0,93288.0,YEARLY,3.0,
3904714315,"Artificial Intelligence Engineer ($225,000 - $300,000)","Washington, United States",Square One Resources,2024-04-19,2024-05-19,,225000.0,300000.0,YEARLY,2.0,
3904714996,Supervisor 1st Shift,"Litchfield Park, AZ",CJ Logistics America,2024-04-19,2024-05-19,,,,,4.0,
3904715797,Senior Accountant - Finance,"Seattle, WA",Seattle Children's,2024-04-18,2024-05-19,,,,,5.0,
3904716072,CS Technician,"Dallas, TX",Medical City Healthcare,2024-04-19,2024-05-19,,,,,4.0,
3904716325,Inside Sales Representative- EST,"Trenton, NJ",Amplity Health,2024-04-19,2024-05-19,,,,,4.0,
3904716604,Electrician,"Greensboro, NC",Tradesmen International,2024-04-19,2024-05-19,,,,,5.0,
3904717076,PRN LPN,"Cumberland, MD",Wellpath,2024-04-19,2024-05-19,,,,,4.0,
3904717528,IT SharePoint Intern,"Detroit, MI",AlixPartners,2024-04-19,2024-05-19,,,,,3.0,
3904717761,Senior Life Underwriter | Remote,"Minneapolis, MN",Allianz Life,2024-04-19,2024-05-19,,,,,2.0,
3904717810,Accounting Manager,"San Dimas, CA",Louis Vuitton,2024-04-19,2024-05-19,,100000.0,140000.0,YEARLY,3.0,
3904717863,Hospital Manager,"Clermont, FL",VCA Animal Hospitals,2024-04-19,2024-05-19,,,,,2.0,
3904718344,Environmental Health & Safety Manager,"Boise, ID",The AZEK Company,2024-04-19,2024-05-19,,,,,4.0,
3904718772,"Occupational Therapist, Home Health Full Time","Loveland, CO",CenterWell Home Health,2024-04-19,2024-05-19,,,,,3.0,
3904719366,"RN, Registered Nurse - Free Standing Emergency - Mount Carmel Reynoldsburg","Reynoldsburg, OH",Mount Carmel Health System,2024-04-19,2024-05-19,,,,,2.0,
3904720113,Anesthetist - Hillcrest,"Simpsonville, SC",Prisma Health,2024-04-19,2024-05-19,,,,,5.0,
3904720631,Sr Investment Operations Analyst II,"Newport Beach, CA",Pacific Life,2024-04-19,2024-05-19,,,,,4.0,
3904720877,Driver,"Baltimore, MD",Mazzella Companies,2024-04-19,2024-05-19,,,,,4.0,
3904721392,Front Desk Agent,"Marina del Rey, CA",Aimbridge Hospitality,2024-04-19,2024-05-19,,16.0,21.52,HOURLY,3.0,
3904721403,Housekeeper -$15.00/hr,"Memphis, TN",Aimbridge Hospitality,2024-04-19,2024-05-19,,,,,5.0,
3904721422,Client Service Specialist,"El Dorado Hills, CA",Umpqua Bank,2024-04-19,2024-05-19,,,,,4.0,
3904721729,ATTENDANT LEAD VALET,"North Las Vegas, NV",Boyd Gaming,2024-04-19,2024-05-19,,,,,3.0,
3904721893,UI/UX Designer,"Tamarac, FL",Sonny's Enterprises Inc. - Conveyorized Car Wash Equipment Leader,2024-04-19,2024-05-19,,,,,4.0,
3904721949,Paramedic- Princeton,"Princeton, MN",North Memorial Health,2024-04-19,2024-05-19,,,,,4.0,
3904721950,Supply Chain Operations Associate - Hybrid,"Romulus, MI","Ryder System, Inc.",2024-04-19,2024-05-19,,,,YEARLY,6.0,
3904722406,"New Business Account Strategist, Onboarding, Google Customer Solutions","New York, NY",Google,2024-04-19,2024-05-19,,81000.0,119000.0,YEARLY,4.0,
3904722522,CST Travel Certified Surg Technologist (CST) - Job Id: JO03721701,"Newton, MA",Health Carousel Nursing & Allied Health,2024-04-19,2024-05-19,,,,,4.0,
3904722616,Regional Office Strategy & Support (Latin America & Canada) Manager,"Jersey City, NJ",MUFG,2024-04-19,2024-05-19,,157768.0,170000.0,YEARLY,3.0,
3904722692,Physical Therapist - SNF,"Richmond Hill, GA",National Staffing Solutions,2024-04-19,2024-05-19,,,,,3.0,
3904722810,Food Service Assistant - UFCW - Part Time Evenings,"Stillwater, MN",Good Samaritan Society,2024-04-19,2024-05-19,,16.75,20.94,HOURLY,3.0,
3904722885,On-Call Receptionist,"Tacoma, WA",MultiCare Health System,2024-04-19,2024-05-19,,,,,4.0,
3904722893,Marketing Graphic Designer [74491],"Irvine, CA",Onward Search,2024-04-19,2024-05-19,,40.0,45.0,HOURLY,2.0,
3904722929,Lead Sales Associate,"Phoenix, AZ",Leslie's,2024-04-19,2024-05-19,,15.5,17.5,HOURLY,4.0,
3904722932,Sales Associate,"Queen Creek, AZ",Leslie's,2024-04-19,2024-05-19,,,,,4.0,
3904723205,"Technical Program Manager III, Metro Network Planning, Cloud Networking","Reston, VA",Google,2024-04-19,2024-05-19,,142000.0,211000.0,YEARLY,2.0,
3904723295,Project Manager,"Irvine, CA",EKN Engineering,2024-04-19,2024-05-19,,100000.0,140000.0,YEARLY,2.0,
3904723624,"Advisor, Supervision – E-Comm Review (Hybrid)","St Petersburg, FL",Raymond James,2024-04-19,2024-05-19,,,,,4.0,
3904723781,Jr Electrical Technician L1-2,"Bronx, NY",Con Edison,2024-04-19,2024-05-19,,25.0,39.0,HOURLY,5.0,
3904723959,Senior Program Manager,"Arlington, VA",Amazon,2024-04-11,2024-05-20,,,,,4.0,
3904724147,Millwright,"Crockett, CA",C&H Sugar,2024-04-19,2024-05-19,,,,,4.0,
3904724315,Data Entry clerk,"Dublin, OH",Nesco Resource,2024-04-19,2024-05-19,,,,,5.0,
3904724324,Office manager,"Boston, MA",Trammell Crow Residential,2024-04-19,2024-05-19,,,,,4.0,
3904724372,Retail Eyewear Specialist,"Louisville, KY",Visionworks of America,2024-04-19,2024-05-19,,,,,4.0,
3904724411,"Senior Manager, Digital Strategy","San Francisco, CA",Media.Monks,2024-04-19,2024-05-19,,,,,2.0,
3904724534,ASSEMBLY OPERATOR I,"Fairview, NC",TE Connectivity,2024-04-19,2024-05-19,,33280.0,35360.0,YEARLY,4.0,
3904724538,Director of Supply Chain,"Springdale, OH",Azelis,2024-04-19,2024-05-19,,,,,4.0,
3904724922,"Program Manager, Marketplace","New York, NY",Shopbop,2024-04-10,2024-05-20,,,,,4.0,
3904724932,"Principal Product Mgr - Tech, Luna","Irvine, CA",Amazon,2024-04-17,2024-05-20,,,,,5.0,
3904725009,"Program Manager III, Supply and Demand Planning","Sunnyvale, CA",Google,2024-04-19,2024-05-19,,139000.0,207000.0,YEARLY,4.0,
3904725066,Product Manager (Music),Greater Boston,Epic Games,2024-04-19,2024-05-19,,,,,2.0,
3904725213,"HSE Supervisor I, Site Mgmt","Oxnard, CA",Fluor Corporation,2024-04-19,2024-05-19,,84000.0,146000.0,YEARLY,4.0,
3904725244,Financial Literacy Coach (Training & Mentorship Provided) ,"Washington, United States",Pacific Advisors,2024-04-19,2024-05-19,,,,,2.0,
3904725474,Per Diem Medical Assistant,"Puyallup, WA",MultiCare Health System,2024-04-19,2024-05-19,,22.53,32.72,HOURLY,4.0,
3904726371,Physician-Internal Medicine- Upper East Side Manhattan,"New York, NY",AdvantageCare Physicians,2024-04-19,2024-05-19,,225000.0,260000.0,YEARLY,3.0,
3904726507,Maintenance Technician,"Melbourne, FL",Driftwood Hospitality Management,2024-04-19,2024-05-19,,,,,4.0,
3904726557,Supervisor,"New York, NY",Con Edison,2024-04-19,2024-05-19,,80000.0,135000.0,YEARLY,4.0,
3904727101,E & I General Superintendent II,"Chandler, AZ",Fluor Corporation,2024-04-19,2024-05-19,,,,,4.0,
3904727206,Certified Occupational Therapist Assistant - Outpatient,"Comfort, TX",National Staffing Solutions,2024-04-19,2024-05-19,,,,,4.0,
3904727274,Proposal Coordinator,"Salt Lake City, UT",FLSmidth,2024-04-19,2024-05-19,,,,,6.0,
3904727492,Platforms Specialist,"Atlanta, GA",Primary Talent Partners,2024-04-19,2024-05-19,,53.0,57.0,HOURLY,2.0,
3904727637,"Sr Technical Program Manager, Design Engineering Services","Austin, TX",Amazon,2024-04-09,2024-05-20,,,,,4.0,
3904729137,Accounting Manager,"Hudson, OH",Leaf Home,2024-04-19,2024-05-19,,,,,3.0,
3904729213,Residential Sales Specialist,Greater Ocala Area,Florida Pest Control,2024-04-19,2024-05-19,,,,,2.0,
3904729244,Medical Assistant,"Tacoma, WA",MultiCare Health System,2024-04-19,2024-05-19,,,,,4.0,
3904729439,DL - Cargo Agent,"Sarasota, FL",GAT Airline Ground Support,2024-04-19,2024-05-19,,,,,4.0,
3904730160,"Technical Program Manager (TPM- Hardware), OPD Hardware","Sunnyvale, CA",Amazon Lab126,2024-04-10,2024-05-20,,101700.0,197800.0,YEARLY,5.0,
3904914959,Training and Development Specialist,United States,Motion Recruitment,2024-04-18,2024-05-18,,40.0,50.0,HOURLY,38.0,7.0
3904915669,Building Performance Specialist,"Arizona, United States",IBACOS,2024-04-18,2024-10-15,,,,,3.0,
3904919866,Agile Coach,"Chicago, IL",Mindlance,2024-04-18,2024-05-18,,90.0,100.0,HOURLY,20.0,4.0
3904919917,Store Manager-Bilingual Preferred,"Ocala, FL",Acima,2024-04-18,2024-05-18,,,,,12.0,
3904920560,Senior SEO Associate,"New York, NY",Bankrate,2024-04-18,2024-05-18,,90000.0,162500.0,YEARLY,70.0,13.0
3904920726,Environmental Health Specialist,"Maplewood, NJ","Maplewood, New Jersey",2024-04-18,2024-05-18,,,,,4.0,
3904921931,Outside Sales Representative,"Pittsburgh, PA",Ironclad Environmental Solutions,2024-04-18,2024-05-18,,,,,8.0,1.0
3904921998,"Retail Fulfillment Associate, Cherryvale - Part Time","Rockford, IL",Macy's,2024-04-18,2024-05-18,,,,,4.0,
3904922235,Payroll Operations Manager US & Canada,"Exton, PA",Takeda Oncology,2024-04-18,2024-05-18,,108500.0,170500.0,YEARLY,3.0,
3904922553,Information Technology Business Consultant,Nashville Metropolitan Area,"Vertek Solutions, Inc.",2024-04-18,2024-05-18,,,,,12.0,
3904922623,Marketing Specialist,"New York, NY",Tigerless Insurance 虎虎保险,2024-04-18,2024-05-18,,,,,3.0,
3904922942,Senior/General Superintendent - Mission Critical ,United States,Metric Geo,2024-04-18,2024-05-18,,,,,7.0,1.0
3904923642,"Asset Protection Detective, Firewheel Town Center - Full Time","Garland, TX",Macy's,2024-04-18,2024-05-18,,,,,5.0,
3904923729,Grain Originator,"Grand Meadow, MN",CHS Inc.,2024-04-18,2024-05-18,,61500.0,92300.0,YEARLY,3.0,
3904923837,Executive Assistant/Administration Coordinator,"Princeton, WV",WVU Medicine Princeton Community Hospital,2024-04-18,2024-05-18,,,,,8.0,
3904923977,Refinery Analyst Accountant,"Martinez, CA",PBF Energy,2024-04-18,2024-05-18,,,,,3.0,
3904924017,Construction Project Manager,"Ocala, FL",We Search People,2024-04-18,2024-05-18,,90000.0,120000.0,YEARLY,2.0,
3904924119,Sap practice director ,"Houston, TX",VBeyond Corporation,2024-04-18,2024-05-18,,,,,5.0,
3904924694,"Packager, 1st shift","Fargo, ND",CHS Inc.,2024-04-18,2024-05-18,,16.63,24.95,HOURLY,5.0,
3904925001,Medical Director,"Fresno, CA",The Ekeo Group,2024-04-18,2024-05-18,,,,,6.0,
3904925291,Manufacturing Engineering Technician,"Yorktown Heights, NY",Infinite Computer Solutions,2024-04-18,2024-05-18,,,,,,
3904925473,Prosthodontist/Periodontist,"Babylon, NY",Dental Care Alliance,2024-04-18,2024-05-18,,,,,4.0,
3904926213,User Experience Designer,"New Jersey, United States",KTek Resourcing,2024-04-18,2024-05-18,,,,,5.0,
3904926541,Project Manager,"Kent, WA",Sectr Partners,2024-04-18,2024-05-18,,85000.0,125000.0,YEARLY,7.0,1.0
3904928254,Quality Engineer,"Louisville, KY",Compunnel Inc.,2024-04-18,2024-05-18,,42.0,45.0,HOURLY,145.0,42.0
3904929157,"Retail Receiving Support Associate, King of Prussia - Part Time","King of Prussia, PA",Macy's,2024-04-18,2024-05-18,,,,,4.0,
3904929494,Business Analyst (need  local Consultant),"Everett, WA","Sira Consulting, an Inc 5000 company",2024-04-18,2024-05-18,,,,,190.0,47.0
3904929952,Volunteer: Opportunity Alert: Volunteers Wanted at Cyber Defense and Intelligence Center,"Romney, WV",VolunteerMatch,2024-04-18,2024-05-18,,,,,5.0,
3904930089,Enterprise Software Applications Manager,"Stow, OH","Matco Tools, A Vontier Company",2024-04-17,2024-05-18,,112300.0,161115.0,YEARLY,4.0,
3904930340,Outside Sales Representative,"Johns Island, SC",Port City Machinery,2024-04-18,2024-10-15,,20000.0,30000.0,YEARLY,29.0,1.0
3904930914,Hedge Fund Accountant,"New York, NY",Centiva Capital,2024-04-18,2024-05-18,,75000.0,125000.0,YEARLY,11.0,
3904930988,Chicago High Frequency Trading FPGA Engineer 150-300 K + Bonus,"Chicago, IL",Huxley,2024-04-18,2024-05-18,,30000.0,150000.0,YEARLY,2.0,
3904931048,Maintenance Technician,"Rochelle, IL",CHS Inc.,2024-04-18,2024-05-18,,21.11,33.75,HOURLY,7.0,
3904931258,M&I Technician I/II/III/IV,"Williamsport, PA",EQT Corporation,2024-04-18,2024-05-18,,,,,4.0,
3904931269,Water Resources Engineer,"Bloomfield, NJ",T&M Associates,2024-04-18,2024-05-18,,,,,4.0,
3904931770,Entry Level Restaurant Manager,Greater Phoenix Area,"Pappas Restaurants, Inc.",2024-04-18,2024-05-18,,,,,13.0,4.0
3904932513,C++ Quant Dev-Trading Firm-NY/Chi/TX/Miami-150-250K+Bonus,"New York, NY",Huxley,2024-04-18,2024-05-18,,150000.0,250000.0,YEARLY,18.0,
3904932723,Office Coordinator | Temp-to-Hire,"Washington, DC",The Ford Agency,2024-04-18,2024-05-18,,,,,26.0,6.0
3904933529,Attorney,"Oakland, CA","CivicMinds, Inc",2024-04-18,2024-05-18,,,,,26.0,
3904933552,Private Equity Controller,"New York, NY",Neuberger Berman,2024-04-18,2024-05-18,,130000.0,170000.0,YEARLY,37.0,4.0
3904933850,Help Desk Technician,"San Antonio, TX",The Crox Group,2024-04-18,2024-05-18,,,,,11.0,
3904934561,"Engineer, Process I","Heflin, AL",Southwire Company,2024-04-18,2024-05-18,,,,,3.0,
3904935674,Production Operator - Seasonal-Summer Ligonier,"Ligonier, IN","Carlex Glass America, LLC",2024-04-18,2024-05-18,,,,,6.0,
3904937425,Temporary Assistant,"Atlanta, GA",BioTouch,2024-04-18,2024-05-18,2024-04-18,,,,7.0,
3904938477,Senior Linux System Administrator - Financial Services,"New York, NY",East End Resources,2024-04-18,2024-05-18,,150000.0,250000.0,YEARLY,5.0,
3904939660,Delivery Specialist,"York, PA",Rent-A-Center,2024-04-18,2024-05-18,,,,,5.0,
3904939900,Customs Compliance Specialist,"Norwell, MA",Clean Harbors,2024-04-18,2024-05-18,,,,,6.0,
3904940473,Strategic Logistics Growth Manager,United States,KnowHireMatch,2024-04-18,2024-05-18,2024-04-18,,,YEARLY,195.0,
3904940477,"Group Product Director, Market Access Marketing and Bispecifics Operations, Multiple Myeloma (TECVAYLI)","Horsham, PA",Johnson & Johnson,2024-04-18,2024-05-18,,,,,11.0,
3904940783,Actuarial Assistant,"Harrisburg, PA",Penn National Insurance,2024-04-18,2024-05-18,,,,,21.0,2.0
3904940844,Material Handler,"Fort Wayne, IN",Safety-Kleen,2024-04-18,2024-05-18,,,,,13.0,
3904940881,Accountant,"Orlando, FL",Compunnel Inc.,2024-04-18,2024-05-18,,,,,21.0,2.0
3904941460,Salesforce Solution Architect - Hybrid - Philadelphia Area,"Philadelphia, PA",Access Global Group,2024-04-18,2024-05-18,,,,,33.0,
3904941567,CDl Route Driver Sponsorships available 3K sign on Bonus,"Little Rock, AR",Clean Harbors,2024-04-18,2024-05-18,,,,HOURLY,6.0,
3904941812,Robotics Support Engineer,"Seattle, WA",Apex Systems,2024-04-18,2024-05-18,,,,,13.0,2.0
3904941829,QC Analyst,"Winchester, KY",Apex Systems,2024-04-18,2024-05-18,,,,,3.0,
3904941878,Junior Business Analyst,"Atlanta, GA",Staffing Technologies,2024-04-18,2024-05-18,2024-04-18,30.0,33.0,HOURLY,130.0,
3904943556,VP Investment Management Compliance (MNPI)- $45 Billion Alternative Asset Manager,"Summit, NJ",Atlantic Group,2024-04-18,2024-05-18,,,,YEARLY,38.0,7.0
3904944264,Entry Level Account Manager ,"Cleveland, OH",OneSparQ,2024-04-18,2024-05-18,,,,,4.0,
3904944737,"Senior Analyst, Procurement Operations","Orrville, OH",The J.M. Smucker Co.,2024-04-18,2024-05-18,,,,,4.0,
3904945029,Artificial Intelligence Engineer,United States,,2024-04-18,2024-05-18,,,,,4.0,
3904945286,Junior Level Engineer,"San Antonio, TX",Actalent,2024-04-18,2024-05-18,,,,,13.0,
3904945317,"Account Manager, Brandbank","Chicago, IL",NielsenIQ,2024-04-18,2024-05-18,,,,,24.0,4.0
3904945380,Payroll Benefits Administrator,"Jurupa Valley, CA","Ronpak, Inc.",2024-04-18,2024-05-18,,55000.0,60000.0,YEARLY,26.0,2.0
3904946374,Vice President of Customer Success,United States,Swooped,2024-04-18,2024-05-18,,,,,25.0,1.0
3904946776,HEALTH PROGRAM SPECIALIST I JC-427743,"Sacramento, CA",California Department of Public Health,2024-04-18,2024-05-18,,6243.0,7815.0,MONTHLY,19.0,1.0
3904947037,Director of Product Management,United States,HireTalent - Diversity Staffing & Recruiting Firm,2024-04-18,2024-05-18,,150.0,220000.0,YEARLY,571.0,139.0
3904947376,Sr Systems Admin,"Corona, CA",Apex Systems,2024-04-18,2024-05-18,,,,,13.0,1.0
3904947392,Licensed Massage Therapists Ritz Carlton Chicago,"Chicago, IL",,2024-04-18,2024-10-15,,,,HOURLY,17.0,
3904947919,Gen AI Lead Developer,"Bethesda, MD",Dice,2024-04-18,2024-05-18,,,,,3.0,
3904948743,"Store Assistant, Full Time",Greater Phoenix Area,Circle K,2024-04-05,2024-05-18,,,,,3.0,
3904948762,Senior QA Analyst,"Atlanta, GA",ICE,2024-04-18,2024-05-18,,,,,6.0,1.0
3904949146,Software Developer III,"Englewood, CO",Apex Systems,2024-04-18,2024-05-18,,60.0,70.0,HOURLY,7.0,
3904949652,Part-Time Online English and Coding Instructor,United States,EonSTEM Academy,2024-04-18,2024-05-18,,,,,59.0,9.0
3904950469,Trading Specialist,"New York, NY",ICE,2024-04-18,2024-05-18,,100000.0,130000.0,YEARLY,15.0,2.0
3904950505,SAP TM Techno Functional- Remote,United States,Dice,2024-04-18,2024-05-18,,,,,8.0,
3904950518,Senior Data Engineer,"Boston, MA",Dice,2024-04-18,2024-05-18,,,,,6.0,1.0
3904950635,Program Manager (Life Sciences/Phrama Domain Only),United States,Raas Infotek,2024-04-18,2024-05-18,2024-04-18,,,,69.0,
3904950744,"Office Administrator / Phoenix, AZ","Phoenix, AZ",Motion Recruitment,2024-04-18,2024-05-18,,,,,14.0,
3904951326,Senior Cloud Solutions Lead (Management Consulting),"Atlanta, GA",Dice,2024-04-18,2024-05-18,,,,,4.0,
3904951774,Supervisor Non Clinical Operations,"Bowie, MD",Inovalon,2024-04-18,2024-05-18,,,,,9.0,
3904951861,PT Clerk - Produce - 0261,"Alexandria, VA",Giant Food,2024-04-18,2024-05-18,,,,,4.0,
3904952006,DesignEngineer,"Chillicothe, IL",Dice,2024-04-18,2024-05-18,,,,,4.0,
3904952008,Senior Middleware Architect,"O'Fallon, MO",Dice,2024-04-18,2024-05-18,,,,,4.0,
3904952090,Senior Software Engineer,"Austin, TX",Dice,2024-04-18,2024-05-18,,93400.0,149200.0,YEARLY,17.0,2.0
3904952180,Principal Linux Systems Administrator,"Linthicum, MD",Dice,2024-04-18,2024-05-18,,,,,3.0,
3904952758,Primary Care Physician,"Birmingham, AL",Complete Health,2024-04-18,2024-05-18,,,,,11.0,
3904953372,Senior Java Developer,"New York, NY",ICE,2024-04-18,2024-05-18,,135000.0,190000.0,YEARLY,5.0,1.0
3904953457,Payroll Specialist,"Chicago, IL",BGSF,2024-04-18,2024-05-18,,25.0,30.0,HOURLY,33.0,10.0
3904953497,Customer Service Representative,"Melbourne, FL",Circle K,2024-04-18,2024-05-18,,,,,2.0,
3904953871,Principal Engineer [Evening/Rotating Shifts],"Minneapolis, MN",Delta Air Lines,2024-04-18,2024-05-18,,,,,18.0,1.0
3904953893,Sr. Art Director/Associate Creative Director,"Atlanta, GA",Delta Air Lines,2024-04-18,2024-05-18,,,,,83.0,11.0
3904954468,Senior Director Content Strategist,United States,Swooped,2024-04-18,2024-05-18,,,,,110.0,17.0
3904954616,Development Manager,"East Berlin, PA",,2024-04-18,2024-10-15,,65000.0,95000.0,YEARLY,14.0,2.0
3904954913,Real Estate Acquisitions Analyst,"Dallas, TX",Wizehire,2024-04-18,2024-05-18,,,,YEARLY,5.0,
3904955366,"Senior Manager, MarTech and Ads Engineering","Chevy Chase, MD",GEICO,2024-04-18,2024-05-18,,120000.0,261500.0,YEARLY,9.0,
3904955403,Back End Developer,Greater Phoenix Area,DataAnnotation,2024-04-18,2024-05-18,,,,,115.0,20.0
3904955943,Category Manager - 1437184,"Charlotte, NC",RightWorks,2024-04-18,2024-05-18,,,,,5.0,
3904956486,Counter Sales Representative - Kendall Electric,"Wyoming, MI",Kendall Electric,2024-04-18,2024-05-18,,,,,4.0,
3904956676,Financial Advisor,"San Francisco, CA",Robert Half,2024-04-18,2024-05-18,,110000.0,130000.0,YEARLY,5.0,
3904956706,Graphic Designer,"Cary, NC",Robert Half,2024-04-18,2024-05-18,,,,,20.0,2.0
3904956943,"Lab Technician, Microbiology Lab","Spartanburg, SC",Milliken & Company,2024-04-18,2024-05-18,,,,,6.0,
3904957274,DMS Sr. Finance Manager,"Atlanta, GA",Delta Material Services ,2024-04-18,2024-05-18,,,,,17.0,3.0
3904957322,DEALER - PART TIME TABLE GAMES,"Atlantic City, NJ",Hard Rock Hotel & Casino Atlantic City,2024-04-18,2024-05-18,,,,,5.0,
3904958066,Proposal Manager,"Huntsville, AL",Astrion,2024-04-18,2024-05-18,,,,,12.0,
3904958406,Registered Nurse (RN) | Endoscopy - Contract - Days,"Austin, TX",HealthTrust Workforce Solutions,2024-04-18,2024-05-18,,,,,8.0,
3904958804,Toddler Teacher,"Brooklyn, NY",Kinder Prep Montessori Nursery & Preschool,2024-04-18,2024-10-15,,50000.0,60000.0,YEARLY,22.0,2.0
3904959363,Mechanic A,"Calvert, AL",Harsco Environmental,2024-04-18,2024-05-18,,,,,4.0,
3904959804,ServiceNow ITBM Technical Consultant,"Grand Rapids, MI",Talent Groups,2024-04-18,2024-05-18,,,,,9.0,2.0
3904960045,Support Specialist,"East Hartford, CT",Robert Half,2024-04-18,2024-05-18,,70000.0,85000.0,YEARLY,4.0,
3904960140,"Receiving Associate - Collegeville, PA","Collegeville, PA",GCG - We Make Connections Possible!,2024-04-18,2024-05-18,,,,,7.0,1.0
3904960218,Administrative Assistant,"Farmingdale, NY",Tessa Stones,2024-04-18,2024-10-15,,40000.0,50000.0,YEARLY,30.0,4.0
3904960277,Industrial Electrician - 1822684,"Piedmont, SC",RightWorks,2024-04-18,2024-05-18,,27.95,36.92,HOURLY,4.0,
3904960371,Sales Associate - Seasonal PT (Outlet),"Carlsbad, CA",Johnny Was,2024-04-18,2024-10-15,,,,,12.0,2.0
3904960862,"SAP Product Owner, US Customer Service","Lexington, MA",BioSpace,2024-04-18,2024-05-18,,149100.0,234300.0,YEARLY,2.0,
3904961093,Transportation Engineer III OR IV,Washington DC-Baltimore Area,Metropolitan Washington Council of Governments,2024-04-18,2024-10-15,,84037.0,110000.0,YEARLY,15.0,1.0
3904961454,Plant Manager,"Broussard, LA",Kelvion,2024-04-18,2024-05-18,,,,,13.0,4.0
3904961584,Compliance Officer,"New York, NY",Cardea Group,2024-04-18,2024-05-18,,,,,30.0,8.0
3904961805,"Coordinator, Production Training, 1st Shift","North Chicago, IL",BioSpace,2024-04-18,2024-05-18,,,,,3.0,
3904961966,Radiologic Technologist,"Cumming, GA",eTeam,2024-04-18,2024-05-18,,,,MONTHLY,8.0,
3904962007,Registered Nurse (RN) | Rehabilitation Unit - Contract - Days,"Kansas City, MO",HealthTrust Workforce Solutions,2024-04-18,2024-05-18,,,,,5.0,
3904962074,Distribution Clerk (MPUT) - 3rd shift,"McDonough, GA",Luxottica,2024-04-18,2024-05-18,,,,,10.0,
3904962340,Oracle SCM(P2P/O2C) functional consultant,"Boston, MA",Falcon Smart IT (FalconSmartIT),2024-04-18,2024-05-18,,,,,24.0,2.0
3904962786,"Senior Software Engineer, Applications - HYBRID","Hayward, CA",BioSpace,2024-04-18,2024-05-18,,,,,10.0,
3904963043,Solutions Architect,"San Diego, CA",SAPSOL Technologies Inc. : Systems and Process Solutions for your Enterprise,2024-04-18,2024-05-18,,,,,58.0,3.0
3904963052,Senior Tax Attorney,"Houston, TX",Shell,2024-04-18,2024-05-18,,136000.0,204000.0,YEARLY,5.0,
3904963408,Physician - Obesity Medicine,San Francisco Bay Area,Mochi Health,2024-04-18,2024-10-15,,150.0,200.0,HOURLY,42.0,4.0
3904963751,"Coder, Provider Practice Hospitalist","Forman, ND",Sanford Health,2024-04-18,2024-05-18,,,,HOURLY,5.0,
3904964154,Junior Estimator,"Roswell, GA",Charles & Charles Group,2024-04-18,2024-05-18,,60000.0,70000.0,YEARLY,10.0,2.0
3904964518,"Validation Engineer III, CPV","West Chester, OH",BioSpace,2024-04-18,2024-05-18,,85000.0,122500.0,YEARLY,9.0,
3904964637,"Intern, Manufacturing Engineering","East Granby, CT",Coherent Corp.,2024-04-18,2024-05-18,,,,,9.0,2.0
3904964720,Vice President of Sales,"Texas, United States",Ikon Technologies,2024-04-18,2024-05-19,,,,,19.0,1.0
3904964843,Senior Associate Devops Engineer,"Chicago, IL",Publicis,2024-04-18,2024-05-18,,,,,36.0,14.0
3904965152,Phlebotomist - Per Diem Days,Los Angeles Metropolitan Area,MLK Community Healthcare,2024-04-18,2024-05-18,,19.0,27.0,HOURLY,7.0,
3904965443,Geographic Information System Specialist,"Akron, OH",One Tech ,2024-04-18,2024-05-18,,,,,11.0,2.0
3904965878,Regional Human Resources Generalist,"New Jersey, United States",Harbor Freight Tools,2024-04-18,2024-05-18,,78200.0,117200.0,YEARLY,43.0,15.0
3904966677,Inventory Associate,"San Diego, CA",CarMax,2024-04-18,2024-05-18,,17.4,28.0,HOURLY,4.0,
3904969193,"Technical Supervisor, TSV","Stillwater, MN",Diasorin ,2024-04-18,2024-05-18,,,,,4.0,
3904969641,Medical Doctor,"Princeton, NJ",Net2Source Inc.,2024-04-18,2024-05-18,,73.0,85.0,HOURLY,15.0,1.0
3904970544, Controls/Electrical Engineer,"El Dorado, AR",KnowHireMatch,2024-04-18,2024-05-18,,,,,2.0,
3904970614,Network Systems Operator (weekends),"Fort Wayne, IN",Do it Best Corp.,2024-04-18,2024-05-18,,,,,5.0,
3904970722,"Sr. Director, Account Management",United States,Entegris,2024-04-18,2024-05-18,,,,,27.0,4.0
3904971511,NURSE MANAGER-TUHJ-3C-Medical Surgical-40HRS-Day Shift (7am to 3pm),"Philadelphia, PA",Temple Health – Temple University Health System,2024-04-18,2024-05-18,,,,,5.0,
3904972151,Sales/Customer Specialist,"Palm Desert, CA",CarMax,2024-04-18,2024-05-18,,16.9,25.4,HOURLY,5.0,
3904974113,Lab Assistant,"Raritan, NJ",Labcorp,2024-04-18,2024-05-18,,,,,5.0,
3904974390,Residential Aide,"Bronx, NY",Services for the UnderServed,2024-04-18,2024-05-18,,,,,4.0,
3904980492,"Healthcare Revenue Cycle, Sales Enablement Analyst - Experian Health",United States,Experian,2024-04-18,2024-05-18,,,,,67.0,11.0
3904981880,"Senior Physical Therapist, Inpatient 20 hour, Day","San Rafael, CA",Kaiser Permanente,2024-03-24,2024-05-18,,61.39,65.01,YEARLY,5.0,
3904982006,COMMERCIAL LITIGATION ASSOCIATE (FLEXIBLE HYBRID ARRANGEMENT),"Union, NJ","Nissenbaum Law Group, LLC",2024-04-18,2024-05-18,,85000.0,150000.0,YEARLY,6.0,1.0
3904982858,Psychiatric RN - Full Time,"West Covina, CA",Kaiser Permanente,2024-04-18,2024-05-18,,54.16,67.07,YEARLY,5.0,
3904983922,Delivery Representative,"Farmington, NM",AmeriGas,2024-04-18,2024-05-18,,,,,4.0,
3904984613,Project Manager,"Oak Ridge, TN",Raytek Federal Corporation,2024-04-18,2024-10-15,,,,,68.0,6.0
3904984678,Women's Apparel Designer,"New York, United States",24 Seven Talent,2024-04-18,2024-05-18,,,,,5.0,
3904984731,Bilingual Clinician- JOR,"Naperville, IL",National Youth Advocate Program (NYAP),2024-04-18,2024-05-18,,,,,4.0,
3904985690,Installer,"Allentown, PA",,2024-04-18,2024-05-18,,,,HOURLY,6.0,
3904986853,Salesperson,"Laurel, MD",Advance Auto Parts,2024-04-18,2024-05-18,,,,,2.0,
3904987394,Termite MGR SERVICE RESIDENTIAL,"Sarasota, FL",Terminix,2024-04-18,2024-05-18,,,,,6.0,
3904987754,Collections Representative- Remote Central USA,Greater Morgantown Area,PSCU,2024-04-18,2024-05-18,,15.0,19.0,HOURLY,25.0,3.0
3904987802,Product Manager,"St Louis, MO",Inclusively,2024-04-18,2024-05-18,,,,YEARLY,14.0,1.0
3904988667,Salesperson,"Capitol Heights, MD",Advance Auto Parts,2024-04-18,2024-05-18,,,,,5.0,
3904989183,Lead Teacher,"Waldwick, NJ",The Learning Experience,2024-04-18,2024-05-18,,16.0,23.0,HOURLY,6.0,
3904989197,Delivery Representative,"Commerce City, CO",AmeriGas,2024-04-18,2024-05-18,,,,HOURLY,3.0,
3904989207,Freelance Graphic Designer,United States,Protagonist Digital,2024-04-18,2024-05-18,,25.0,50.0,HOURLY,126.0,59.0
3904989883,MMSIA_RN MMC Barg Unit_U09000,"Sioux City, IA",MercyOne,2024-04-18,2024-05-18,,,,,4.0,
3904989906,Launch Coordinator - IHP Cities,"New York, NY",World Learning,2024-04-18,2024-05-18,,,,,17.0,
3904990092,Sr. Project Manager,"Cedar Knolls, NJ",Fingerpaint Group,2024-04-18,2024-05-18,,,,,28.0,5.0
3904990254,Domino’s Pizza Delivery Driver - (Berwick) - Earn $18 - $26 per hour with tips - (3019),"Berwick, ME",The Job Network,2024-04-18,2024-05-18,,18.0,26.0,HOURLY,3.0,
3904990260,CNA - Transitional Care - Long Term Care,"Seattle, WA",The Job Network,2024-04-18,2024-05-18,,22.06,25.61,HOURLY,3.0,
3904990289,Services Assistant A,"Philadelphia, PA",University of Pennsylvania,2024-04-18,2024-05-18,,15.34,17.82,HOURLY,10.0,
3904990315,Clinical RN II - Emergency,"Escondido, CA",Palomar Health,2024-04-18,2024-05-18,,,,,3.0,
3904990401,Associate DevSecOps Engineer,"Los Angeles, CA",LinQuest,2024-04-18,2024-05-18,,65000.0,87500.0,YEARLY,9.0,
3904990519,Senior Retail Sales Associate,"Covington, TN",Harbor Freight Tools,2024-04-18,2024-05-18,,,,,4.0,
3904990662,Mental Health Therapist I (House of Mercy Newton),"Des Moines, IA",MercyOne,2024-04-18,2024-05-18,,,,,5.0,
3904990692,Mental Health Therapist = Contracted,United States,Teladoc Health,2024-03-24,2024-05-18,,,,,10.0,
3904991241,Messaging DNS engineer,United States,Raas Infotek,2024-04-18,2024-05-18,,,,,32.0,7.0
3904991394,Analyst Production M&A,"Columbus, OH",Lument,2024-04-18,2024-05-18,,90000.0,110000.0,YEARLY,4.0,
3904991532,"Project Manager - Houston, TX","Houston, TX",S&B,2024-04-18,2024-05-18,,,,,4.0,
3904991682,Supply Chain Planning Manager,"Burlington, MA",Keurig Dr Pepper Inc.,2024-04-18,2024-05-18,,,,,26.0,
3904991689,Warehouse Manager,"Columbus, Ohio Metropolitan Area",Trillium Staffing Solutions,2024-04-18,2024-05-18,,60000.0,70000.0,YEARLY,11.0,1.0
3904992307,Board Certified Behavior Analyst-BCBA-NC,"Raleigh, NC",Diamond Medical Recruiting,2024-03-24,2024-05-18,,40.0,50.0,HOURLY,19.0,
3904992419,Retail Sales Associate,"Mechanicsville, VA",Harbor Freight Tools,2024-04-18,2024-05-18,,,,HOURLY,4.0,
3904992759,Financial Analyst,United States,The Siegel Group,2024-04-18,2024-05-18,,,,,45.0,14.0
3904992956,Sr. Director of Engineering,"Dallas, TX",HumCap,2024-04-18,2024-05-18,,,,,47.0,8.0
3904993305,Certified Medical Assistant,"Indianola, IA",MercyOne,2024-04-18,2024-05-18,,,,,4.0,
3904993392,Graduate Program,"Harrisburg, PA",EF English First ,2024-04-18,2024-05-18,,,,,7.0,
3904994062,Deputy City Manager - Chief Financial Officer,"Tempe, AZ",City of Tempe,2024-04-18,2024-05-18,,205398.0,274206.0,YEARLY,10.0,
3904994267,Speech Therapist- West Campus Rehab - Part Time - Days,"Mason City, IA",MercyOne,2024-04-18,2024-05-18,,,,,3.0,
3904994577,Community Sales Manager,"Indianapolis, IN",Arbor Homes,2024-04-18,2024-05-18,,,,,3.0,
3904995129,"Fundamental Fixed Income (FFI) - Director, Leveraged Finance Research","New York, NY",BlackRock,2024-04-17,2024-05-18,,205000.0,260000.0,YEARLY,13.0,1.0
3904995132,Cleanroom Lab Manager,"Chandler, AZ",Yield Engineering Systems,2024-04-18,2024-05-18,,,,,5.0,1.0
3904995290,PATIENT CARE TECH FT MED-SURG Nights,"Nacogdoches, TX",Nacogdoches Medical Center,2024-04-18,2024-05-18,,,,,4.0,
3904995466,FILLER OPERATOR (TEMPORARY) - DAYS 6am to 6pm multiple positions,"Batavia, NY",HP Hood LLC,2024-04-18,2024-05-18,,,,HOURLY,4.0,
3904995746,Database Administrator,United States,Qual IT Resources,2024-04-18,2024-05-18,,,,,44.0,5.0
3904996729,Patient Access Representative,"Byron Center, MI",Trinity Health MI,2024-04-18,2024-05-18,,,,,4.0,
3904996939,Patient Care Technician,"Kerrville, TX",DaVita Kidney Care,2024-04-18,2024-05-18,,,,,3.0,
3904997171,Sales Executive,"Westfield, NJ",City Lifestyle,2024-04-18,2024-05-18,,,,,8.0,
3904997192,Blender Opr PR03 - 2nd shift - New Holland F/P,"New Holland, PA",Tyson Foods,2024-04-18,2024-05-18,,,,,3.0,
3904997660,Business Office Coordinator - Family Practice - Full Time,"North Muskegon, MI",Trinity Health MI,2024-04-18,2024-05-18,,,,,4.0,
3904997700,Supervisory Intelligence Specialist,"Arlington, VA",Cybersecurity and Infrastructure Security Agency,2024-04-18,2024-05-18,,,,,4.0,
3904999877,"Research System Test, Modeling and Validation Engineer","Dearborn, MI",Ford Motor Company,2024-04-18,2024-05-18,,,,,12.0,
3905200409,PROCUREMENT PLNG CONTROL REP 3,"Pascagoula, MS","Ingalls Shipbuilding, a Division of HII",2024-04-18,2024-05-18,,,,,3.0,
3905200425,PROJECT ENGINEER 4 - UNDERSEA WARFARE,"Newport News, VA","Newport News Shipbuilding, A Division of HII",2024-04-18,2024-05-18,,,,,12.0,
3905200920,Infrastructure Manager,Washington DC-Baltimore Area,Dunhill Professional Search & Government Solutions,2024-04-18,2024-05-18,,,,,22.0,2.0
3905201212,"Associate Director, Media Planning","New York, United States",Initiative,2024-04-18,2024-05-18,,,,,8.0,
3905201267,Senior Contract Manager,"Alexandria, VA",Flatiron Construction,2024-04-18,2024-05-18,,180000.0,220000.0,YEARLY,10.0,
3905201577,Patient Care Technician,"Garland, TX",DaVita Kidney Care,2024-04-18,2024-05-18,,,,,4.0,
3905201586,Registered Nurse,"Woodbridge, NJ",DaVita Kidney Care,2024-04-18,2024-05-18,,,,,4.0,
3905202661,Credit Risk Product Strategist,"Omaha, NE",Fiserv,2024-04-17,2024-05-18,,,,,7.0,
3905202835,DevOps Architect,United States,Quantum World Technologies Inc.,2024-04-18,2024-05-18,,,,,81.0,42.0
3905202940,Mail Processor,"Urbancrest, OH",Staffmark Group,2024-04-18,2024-05-18,,,,HOURLY,8.0,
3905203220,Patient Care Technician,"Philadelphia, PA",DaVita Kidney Care,2024-04-18,2024-05-18,,,,,5.0,
3905203957,"Senior Systems Engineer, Propulsion",United States,Joby Aviation,2024-04-18,2024-05-18,,97500.0,213900.0,YEARLY,27.0,
3905204605,Help Desk Analyst,"Miramar, FL",Advantage Technical,2024-04-18,2024-05-18,,,,,14.0,1.0
3905204770,Community Health Worker - Gulfport,"Mississippi, AR",Sage Health,2024-04-18,2024-05-18,,,,,4.0,
3905204807,Assistant Store Manager,"Fairfield, OH",Community Choice Financial Family of Brands,2024-04-18,2024-05-18,,12.0,25.0,HOURLY,4.0,
3905204858,"Sr. Principal Engineer, Electrical","Bellevue, WA",Baxter International Inc.,2024-04-17,2024-05-18,,,,,6.0,
3905205581,Assistant Controller North America - Washington DC,"Washington, DC",Cogent Communications,2024-04-18,2024-05-18,,,,,4.0,
3905206142,Sales & Client Relationship Manager,United States,Examiz Analytics,2024-04-18,2024-05-18,,16000.0,250000.0,YEARLY,13.0,1.0
3905206330,Student: Information Security Assistant,"Huntsville, AL",Space Dynamics Laboratory,2024-04-18,2024-05-18,,,,,13.0,4.0
3905206665,Pipelayer,"Tempe, AZ",Granite Construction,2024-04-18,2024-05-18,,,,,3.0,
3905206833,Teller,"Booneville, MS",Cadence Bank,2024-04-18,2024-05-18,,,,,4.0,
3905207097,Instrumentation & Electrical Technician (I&E Tech),"Phoenix, AZ",Atlantica Sustainable Infrastructure Plc,2024-04-18,2024-05-18,,,,HOURLY,12.0,
3905207131,"Patient Liaison - Physical Therapy, Full time Days","Chicago, IL",Northwestern Memorial Hospital,2024-04-17,2024-05-18,,,,,7.0,
3905207553,Community Health Worker,"Butte, MT",Intermountain Health,2024-04-18,2024-05-18,,17.77,30.54,HOURLY,3.0,
3905207763,Process Technician - Implant BE Nights,"Marcy, NY",Wolfspeed,2024-04-18,2024-05-18,,17.9,24.6,HOURLY,3.0,
3905207805,Messaging DNS Engineer,United States,Raas Infotek,2024-04-18,2024-05-18,,,,,14.0,2.0
3905208323,Front Desk Agent,"Bonita Springs, FL",Hyatt Hotels Corporation,2024-04-18,2024-05-18,,,,HOURLY,4.0,
3905208764,Sales Executive,San Francisco Bay Area,BlueOutlier,2024-04-18,2024-05-18,,,,YEARLY,14.0,3.0
3905208875,Circulating Nurse,"Atlanta, GA",Emory Healthcare,2024-04-18,2024-05-18,,44.0,68.0,HOURLY,5.0,
3905209251,Retail Sales Associate (PT),"Las Vegas, NV",New Balance,2024-04-18,2024-05-18,,,,,3.0,
3905209347,"Senior Software Engineer (C#/.NET), Services","Andover, MA",Rockstar Games,2024-04-18,2024-05-18,,,,,10.0,
3905209805,Account Executive,United States,Staffplex,2024-04-18,2024-05-18,,170000.0,180000.0,YEARLY,36.0,18.0
3905210052,Warehouse Technician,"Phoenix, AZ",Pentair,2024-04-18,2024-05-18,,,,HOURLY,8.0,
3905210230,Area Sales Director - IgG4 (Central) - Rare Disease - Amgen,"Dallas, TX",Amgen,2024-04-15,2024-05-18,,,,,5.0,
3905210284,"Sales Manager, Overland Park, KS","Overland Park, KS",Cogent Communications,2024-04-18,2024-05-18,,,,,3.0,
3905210377,Maintenance Technician I,"Escondido, CA",Hyatt Hotels Corporation,2024-04-18,2024-05-18,,,,,6.0,
3905210695,Data Engineer - Remote,"Phoenix, AZ",Orbit Recruitment Group ,2024-04-18,2024-05-18,,130000.0,180000.0,YEARLY,2.0,
3905210872,Seasonal Mosquito Technician,"Evanston, WY",Vector Disease Control International (VDCI),2024-04-18,2024-05-18,,,,HOURLY,2.0,
3905211480,Data Engineer - Remote,"San Antonio, TX",Orbit Recruitment Group ,2024-04-18,2024-05-18,,130000.0,180000.0,YEARLY,26.0,11.0
3905212225,"Curriculum Specialist (K-12 Math) - Part-time (IL, IN, MI, MN, MO, OH, WI)","Madison, WI",Savvas Learning Company,2024-04-18,2024-05-18,,,,,6.0,
3905212308,Inventory Control Clerk,"Louisville, KY",DHL Supply Chain,2024-04-18,2024-05-18,,,,,3.0,
3905215190, Azure Data Architect,"Roseville, CA",Radiansys Inc.,2024-04-18,2024-05-18,,75.0,85.0,HOURLY,44.0,16.0
3905219346,Financial Representative,"Grandview Heights, OH",Randstad,2024-04-18,2024-05-18,,17.5,19.0,HOURLY,9.0,
3905220219,Windows Administrator,"Ballston Spa, NY",eJAmerica,2024-04-18,2024-05-18,,,,,4.0,
3905224208,Work From Home Client Relations Representative,"New York, United States",INDI Staffing Services,2024-04-18,2024-05-18,,5000.0,600000.0,YEARLY,50.0,14.0
3905224333,Technical Software Sales Executive,"Atlanta, GA",Protégé Hunters,2024-04-18,2024-10-15,,,,,7.0,
3905224735,Onsite // Office Assistant-Admin,"Plano, TX",Talent Groups,2024-04-18,2024-05-18,,,,,20.0,1.0
3905225962,Industrial Service Manager,"Plymouth, MA","Northstar Refrigeration, Inc.",2024-04-18,2024-05-18,,,,,2.0,
3905229003,Lab Automation Engineer,"Mountain View, CA",Talent Groups,2024-04-18,2024-05-18,,,,,15.0,3.0
3905231554,Senior Data Architect,"Texas, United States",Hyring.com,2024-04-18,2024-05-18,,,,,7.0,
3905233975,Production Supervisor,"Detroit, MI",Apex Placement & Consulting,2024-04-18,2024-05-18,,22.0,23.0,HOURLY,15.0,1.0
3905233992,"Account Director, Customer Success","Bethesda, MD",Collage Group,2024-04-18,2024-05-18,,,,,6.0,
3905235585,AS400 RPG Developer with Synon experience,"Greenville, NC",Compunnel Inc.,2024-04-18,2024-05-18,,,,,29.0,1.0
3905236660,Business Analyst ,"Juno Beach, FL",GTTSi,2024-04-18,2024-05-18,,,,HOURLY,13.0,3.0
3905236673,Senior Accountant,Denver Metropolitan Area,MarketOnce,2024-04-18,2024-05-18,,115000.0,130000.0,YEARLY,13.0,
3905236975,Sales Manager,"Jacksonville, FL",Power Tee,2024-04-18,2024-10-15,,,,,4.0,
3905237837,IP Coder,United States,Harmony Healthcare - Talent and Consulting Solutions,2024-04-18,2024-05-18,,,,,6.0,2.0
3905237863,Human Resources Administrator,"Houston, TX",Calian Group,2024-04-18,2024-05-18,,,,,28.0,16.0
3905239403,Bilingual Benefit Analyst,"Dallas, TX",Pollo Campero,2024-04-18,2024-05-18,,,,,14.0,
3905240326,"Assistant Head of School for Teaching & Learning, PVD Prep","Providence, RI",Charter Oak Recruitment,2024-04-18,2024-05-18,,95000.0,105000.0,YEARLY,12.0,1.0
3905240335,Sr. Data Developer,"Troy, MI",Beacon Hill Staffing Group,2024-04-18,2024-05-18,,50.0,60.0,HOURLY,25.0,9.0
3905240428,HR Generalist I,"Delta, PA","Pyramid Consulting, Inc",2024-04-18,2024-05-18,,20.0,22.0,HOURLY,7.0,
3905240511,Junior Full Stack Developer,New York City Metropolitan Area,MPCH,2024-04-18,2024-10-15,,75000.0,100000.0,YEARLY,19.0,6.0
3905240871,Public Relations Intern,United States,HighKey Agency,2024-04-18,2024-10-15,,,,,1.0,
3905241114,Senior Trial Attorney ,Greater Orlando,"McDonald Toole Wiggins, P.A.",2024-04-18,2024-05-19,,,,,5.0,
3905241258,Transition Program Manager,"New York, NY",Compunnel Inc.,2024-04-18,2024-05-18,,,,,8.0,
3905241954,Project Manager/Estimator (Demolition),"Rogers, MN",VEIT,2024-04-18,2024-05-19,,,,,5.0,
3905243901,Manufacturing Engineering Manager,"Littleton, CO",HireMinds,2024-04-18,2024-05-18,,125000.0,145000.0,YEARLY,2.0,
3905244385,Staff Accountant,"Portland, ME",Browne Trading Company,2024-04-18,2024-10-15,,55000.0,62000.0,YEARLY,3.0,
3905244668,Reporter,United States,BroadcastMed,2024-04-18,2024-05-18,,80000.0,90000.0,YEARLY,3.0,
3905245850,Financial Analyst,"El Segundo, CA","netPolarity, Inc. (Saicon Consultants, Inc.)",2024-04-18,2024-05-18,,55.0,60.0,HOURLY,3.0,
3905246896,Software Quality Engineer,"Everett, WA",Cygnus Professionals Inc.,2024-04-18,2024-05-18,,,,,1.0,
3905247587,Temporary Sales Associate- TOMMY HILFIGER,"Sunrise, FL",Tommy Hilfiger,2024-04-18,2024-05-18,,,,,3.0,
3905247837,Fiscal Analyst,"Darien, GA",Coastal Regional Commission,2024-04-18,2024-05-18,,,,,2.0,
3905247934,Network Operations Center System Engineer,"Hurricane, WV",Alpha Technologies Inc.,2024-04-18,2024-05-18,,,,,5.0,
3905249510,Global Communication Coordinator II,"Minneapolis, MN",Compunnel Inc.,2024-04-18,2024-05-18,,40.0,80.0,HOURLY,3.0,
3905249765,Business Development Manager,"Los Angeles County, CA",ClickJobs.io,2024-04-18,2024-05-18,,,,,,
3905250229,Baker / AM Pastry Chef,"Stuart, FL",,2024-04-18,2024-05-18,,,,,1.0,
3905250337,"Associate Store Manager - Tommy Hilfiger - Livermore, CA","Livermore, CA",Tommy Hilfiger,2024-04-18,2024-05-18,,54000.0,68750.0,YEARLY,2.0,
3905250477,REGISTERED NURSE & LICENSED PRACTICAL NURSE,"Manchester, NH",Integritus Healthcare,2024-04-18,2024-05-18,,30.0,38.0,HOURLY,3.0,
3905250631,"Community Liaison Worker Level ll, Gotham Health ",New York City Metropolitan Area,NYC Health + Hospitals,2024-04-18,2024-05-18,,45329.0,52128.0,YEARLY,3.0,
3905250672,Public Relations Intern,New York City Metropolitan Area,Trove Tourism Development Advisors,2024-04-18,2024-05-18,,,,,3.0,
3905252417,Pipeline Designer,"Dallas, TX",Atmos Energy,2024-04-18,2024-05-18,,,,,4.0,
3905253007,Dietitian/Wellness Manager,"Philadelphia, PA","Brock & Company, Inc.",2024-04-18,2024-05-18,,,,,3.0,
3905253036,Civil Engineer Site Plan Designer,"Neptune, NJ","Leon S. Avakian, Inc.",2024-04-18,2024-05-18,,,,,,
3905253721,Tax Senior/Supervisor Accountant CPA,"Wilmington, NC","Williams Overman Pierce, LLP",2024-04-18,2024-05-18,,,,,2.0,
3905254064,Sales Associate Part Time - TOMMY HILFIGER - Las Vegas Premium Outlet South,"Las Vegas, NV",Tommy Hilfiger,2024-04-18,2024-05-18,,,,,1.0,
3905254171,Marketing Manager,"Orlando, FL",Merlin Entertainments,2024-04-18,2024-05-18,,65000.0,65000.0,YEARLY,2.0,
3905254323,Property Manager,"Columbia, South Carolina Metropolitan Area",Holder Properties,2024-04-18,2024-10-15,,,,,3.0,
3905255379,Senior SAP Human Resources Consultant,"Phoenix, AZ","Bridgewater Consulting Group, Inc.",2024-04-18,2024-05-18,,,,,3.0,
3905255712,Senior Account Executive,"Melville, NY",Konica Minolta Business Solutions Canada,2024-04-18,2024-05-18,,,,,3.0,
3905255745,M&A Finance Lead,"New York, NY",Oliver Wyman,2024-04-18,2024-05-18,,120000.0,165000.0,YEARLY,1.0,
3905256223,Certified Sterilization Technician,"Fort Worth, TX",Rekrooting - Staffing & Recruiting,2024-04-18,2024-05-18,,39620.0,56160.0,YEARLY,,
3905256260,Merchandise Manager,"Northridge, California, United States",Five Below,2024-04-18,2024-05-18,,20.9,22.4,HOURLY,4.0,
3905256357,Procurement Support Specialist,"Hoffman Estates, IL",The Crox Group,2024-04-18,2024-05-18,,22.0,26.0,YEARLY,3.0,
3905257236,Part time support lead,"Orlando, FL",Five Below,2024-04-18,2024-05-18,,,,,4.0,
3905258223,Senior Trader,United States,T3 Global,2024-04-18,2024-05-18,,,,,3.0,
3905258273,Implementation Developer ,"North Olmsted, OH",EverStaff,2024-04-18,2024-05-18,,,,,4.0,
3905259649,PAUT - TOFD Technician,"Jefferson County, AL",Acuren,2024-04-18,2024-05-18,,,,,4.0,
3905263269,Physician - Cardiac Anesthesiologist (Fee Basis),"Palo Alto, CA",U.S. Department of Veterans Affairs,2024-04-18,2024-05-18,,,,,4.0,
3905264976,Operations Manager,"Hamilton, OH",Superior Insurance Partners,2024-04-18,2024-05-18,,,,,5.0,
3905264992,CUSTOMER SERVICE REPRESENTATIVE,"Houston, TX",Family Dollar,2024-03-24,2024-05-18,,,,,5.0,
3905266610,CUSTOMER SERVICE REPRESENTATIVE,"San Diego, CA",Family Dollar,2024-03-24,2024-05-18,,,,,5.0,
3905268391,CUSTOMER SERVICE REPRESENTATIVE,"Louisville, KY",Family Dollar,2024-03-24,2024-05-18,,,,,3.0,
3905268400,CUSTOMER SERVICE REPRESENTATIVE,"Poland, ME",Family Dollar,2024-03-24,2024-05-18,,,,,4.0,
3905270805,Tennis Professional,"Texas, United States",Invited,2024-04-18,2024-05-18,,,,,3.0,
3905271619,03516 Store Manager,"Rio Grande, NJ",Sally Beauty,2024-04-18,2024-05-18,,,,,3.0,
3905271775,Server 2 Multi Club,"Bermuda Run, NC",Invited,2024-04-18,2024-05-18,,,,,,
3905271782,Captain Banquet,"Rockville, MD",Invited,2024-04-18,2024-05-18,,,,,3.0,
3905275666,PhD Scientist interested in Digital Marketing,United States,Supreme Optimization,2024-04-18,2024-10-15,,54000.0,80000.0,YEARLY,5.0,
3905276057,Beauty Advisor (Inside Sales) Sally Beauty 03580,"Ottawa, IL",Sally Beauty,2024-04-18,2024-05-18,,,,HOURLY,4.0,
3905277710,"Senior Manager, Development Test","Costa Mesa, CA",Anduril Industries,2024-04-18,2024-05-18,,150000.0,220000.0,YEARLY,4.0,1.0
3905278348,"Director, Content & Creative (Hybrid, Malvern, PA OR Reston, VA)","Reston, VA",Ellucian,2024-04-18,2024-05-18,,,,,3.0,
3905279096,"CDL A Truck Driver - Home Every Weekend ($3,000 Sign On Bonus)","Farmers Branch, TX",MSI,2024-04-18,2024-05-18,,,,,3.0,
3905280877,Outpatient Pharmacist,"Randolph, MA",Boston Medical Center (BMC),2024-04-18,2024-05-18,,,,,3.0,
3905281186,CUSTOMER SERVICE REPRESENTATIVE,"New Hope, MN",Family Dollar,2024-03-24,2024-05-18,,,,,5.0,
3905282994,Patient Service Rep I,"Loganville, GA",North American Dental Group (NADG),2024-04-18,2024-05-18,,,,,2.0,
3905283685,Front Desk Coordinator,"Palm Bay, FL",North American Dental Group (NADG),2024-04-18,2024-05-18,,,,,2.0,
3905284598,Prepared Foods Dishwasher - Part Time,"Newport News, VA",Whole Foods Market,2024-04-18,2024-05-18,,,,,3.0,
3905284600,Assistant Director of Administration (65633BR),"Cambridge, MA",Harvard University,2024-04-18,2024-05-18,,,,,3.0,
3905284657,"Director, Federal Government Affairs","Washington, DC",Toyota North America,2024-04-18,2024-05-18,,151000.0,245300.0,YEARLY,4.0,
3905285545,Auto Detailer,"Littleton, CO",Caliber Collision,2024-04-18,2024-05-18,,,,,4.0,
3905285654,"General Manager -  Home Services (HVAC, Plumbing)","Austin, TX",Southern Home Services,2024-04-18,2024-05-18,,,,,2.0,
3905286318,"Overnight Grocery Team Member (Stocker, Inventory, Receiving) - Part Time","Pasadena, CA",Whole Foods Market,2024-04-18,2024-05-18,,,,,4.0,
3905286336,Outreach Executive I,"Houston, TX",Oak Street Health,2024-04-18,2024-05-18,,,,,3.0,
3905286637,Production Manager,"Davenport, IA",Grace Technologies,2024-04-18,2024-05-19,,65000.0,90000.0,YEARLY,4.0,
3905287222,Bakery Department Team Trainer-Full Time,"Kahului, HI",Whole Foods Market,2024-04-18,2024-05-18,,,,,3.0,
3905287245,Office Manager,"San Antonio, TX",Caliber Collision,2024-04-18,2024-05-18,,,,,4.0,
3905287508,Office Manager,"Eastlake, OH","Search Masters, Inc.",2024-04-18,2024-05-18,,,,,3.0,
3905287546,Volunteer: Pet Therapy Can Brighton Someone's Day!,"Detroit, MI",Residential Home Health and Residential Hospice,2024-04-18,2024-05-18,,,,,4.0,
3905288157,Facilities Management Technical Specialist (Maintenance Specialist),"Phoenix, AZ",Gilbane Building Company,2024-04-18,2024-05-18,,,,,4.0,
3905288230,Territory Sales Manager,"Austin, TX",Philip Morris International,2024-04-18,2024-05-18,,57400.0,76500.0,YEARLY,4.0,
3905288848,Soldering (Electronic) Assembler,"Hollister, CA",Pacific Scientific Energetic Materials Company,2024-04-18,2024-05-18,,16.0,27.81,HOURLY,4.0,
3905289156,"Associate Director, Accounts","Del Mar, CA",85SIXTY,2024-04-18,2024-05-18,,,,,4.0,
3905289160,Dental Assistant,"Boardman, OH",North American Dental Group (NADG),2024-04-18,2024-05-18,,,,,2.0,
3905289246,Hospital Lab Technician - Bronchoscopy Service,"San Francisco, CA","University of California, San Francisco",2024-04-18,2024-05-18,,,,,5.0,
3905289370,"Regional Vice President, Enterprise Sales (Midwest)",United States,Docusign,2024-04-18,2024-05-18,,,,,4.0,
3905290367,Volunteer: Multimedia Specialist,"Romney, WV",VolunteerMatch,2024-04-18,2024-05-18,,,,,3.0,
3905291118,ARNP Psychiatric Specialist,"Port Angeles, WA","Peninsula Behavioral Health, WA",2024-04-18,2024-05-18,,135000.0,160000.0,YEARLY,4.0,
3905291253,Volunteer: Spanish Speaking Volunteer Needed,"Garland, TX",VolunteerMatch,2024-04-18,2024-05-18,,,,,5.0,
3905292846,Engagement Specialist,United States,HoneyCo Creative,2024-04-18,2024-05-18,,100.0,1000.0,MONTHLY,4.0,
3905293213,Marketing Coordinator,United States,BlackDog Advertising,2024-04-18,2024-10-15,,35000.0,45000.0,YEARLY,20.0,3.0
3905293480,"Senior/Principal Scientist, Proteomics","South San Francisco, CA",Lyterian Therapeutics,2024-04-18,2024-05-18,,130000.0,170000.0,YEARLY,1.0,
3905293941,Field Support Specialist - Asheville,"Asheville, NC",PURE Property Management,2024-04-18,2024-05-18,,18.0,20.0,HOURLY,1.0,
3905294205,"Research Intern, Organizational Research and Consulting","Arlington, VA",Fors Marsh,2024-04-18,2024-05-18,,25.0,35.0,HOURLY,3.0,
3905294270,Workplace Technician - Facilities #22468,"Palo Alto, CA",Blue Chip Talent,2024-04-18,2024-05-18,,,,,1.0,
3905294778,"Sr Director, Modernization Product Management","Connecticut, United States",Otis Elevator Co.,2024-04-18,2024-05-18,,,,,4.0,
3905294999,Registered Nurse ( RN ) - 8th Floor,"Muskegon, MI",Saint Joseph Mercy Health System,2024-04-18,2024-05-18,,,,,3.0,
3905295316,FT Housekeepers,"Durango, CO",Hilton,2024-04-18,2024-05-18,,,,,3.0,
3905295478,Program Manager Data Modernization,"Charlotte, NC","Liberty Personnel Services, Inc.",2024-04-18,2024-05-18,,,,,2.0,
3905295524,Registered Nurse (RN) - MedSurg/Tele/SD - Nights **Sign on Avail**,"Bay St Louis, MS",Ochsner Health,2024-04-18,2024-05-18,,,,,3.0,
3905295546,Delivery Specialist,"Lakewood, WA",Rent-A-Center,2024-04-18,2024-05-18,,,,HOURLY,3.0,
3905295575,Post-Doctoral Research Fellow - Gavin Ha Lab,"Seattle, WA",Fred Hutch,2024-04-18,2024-05-18,,67728.0,100000.0,YEARLY,3.0,
3905295636,WIND TECHNICIAN I,"Abilene, TX",EDP Renewables North America,2024-04-18,2024-05-18,,,,,3.0,
3905295674,Upfitter,"Niagara Falls, NY","Empire Emergency Apparatus, Inc.",2024-04-18,2024-05-18,,,,,,
3905295679,Directeur des ventes / Sales Manager,"Terrebonne Parish County, LA",HR à la carte Inc.,2024-04-18,2024-05-18,,,,,2.0,
3905295721,Patient Access Representative,"Byron Center, MI",Saint Joseph Mercy Health System,2024-03-24,2024-05-18,,,,,3.0,
3905296210,Disaster Preparedness Program Representative 2 (NY HELPS),"Albany, NY",NYS Division of Homeland Security & Emergency Services,2024-04-18,2024-05-18,,65001.0,82656.0,YEARLY,3.0,
3905296272,Starbucks Supervisor- Hilton Americas Houston,"Houston, TX",Hilton Americas-Houston,2024-04-18,2024-05-18,,,,,4.0,
3905296508,Certified Nurse Assistant/Patient Care Assistant - Med Surg/Tele/SD - Nights **Sign on Avail**,"Bay St Louis, MS",Ochsner Health,2024-04-18,2024-05-18,,,,,4.0,
3905296525,Delivery Specialist,"Spanaway, WA",Rent-A-Center,2024-04-18,2024-05-18,,,,,3.0,
3905296709,Field Support Specialist (MN),"Minneapolis, MN",PURE Property Management,2024-04-18,2024-05-18,,,,,1.0,
3905296892,Registered Nurse (RN) Neuro Telemetry - Per Diem,"Jersey City, NJ",RWJBarnabas Health,2024-04-18,2024-05-18,,,,,2.0,
3905296935,Administrative Assistant,"Dayton, OH",Total Quality Logistics,2024-04-18,2024-05-18,,,,,5.0,
3905297137,"Medical Assistance Specialist 2 (NY HELPS) - 61609, 61610","Albany, NY",New York State Department of Health,2024-04-18,2024-05-18,,84156.0,106454.0,YEARLY,4.0,
3905297192,Sales Coordinator - Embassy Suites Dorado del Mar Beach Resort,"El Dorado, CA",Hilton,2024-04-18,2024-05-18,,,,,4.0,
3905297315,Products Liability/Class Actions Associate Attorney,"San Francisco, CA",Lewis Brisbois,2024-04-18,2024-05-18,,120000.0,170000.0,YEARLY,2.0,
3905297357,"Associate Clinical Account Specialist - Atlanta, GA - Biosense Webster, Inc","Atlanta, GA",Johnson & Johnson,2024-04-18,2024-05-18,,,,YEARLY,4.0,
3905297673,"Accountant, Sr","Chula Vista, CA",Curtiss-Wright Corporation,2024-04-18,2024-05-18,,,,HOURLY,3.0,
3905297817,Premium Support Engineer,"Chicago, IL",Dice,2024-04-17,2024-05-18,,,,,4.0,
3905297940,Registered Nurse,"Alexandria, VA",Inova Health,2024-04-18,2024-05-18,,,,,4.0,
3905298130,Beach Server - Conrad Fort Lauderdale Beach,"Fort Lauderdale, FL",Conrad Fort Lauderdale Beach,2024-04-18,2024-05-18,,,,,4.0,
3905298291,*Tradewinds Supervisor,"Welch, MN",Treasure Island Resort & Casino,2024-04-18,2024-05-18,,,,,2.0,
3905298370,Certified Medical Assistant II - General Oncology,"Seattle, WA",Fred Hutch,2024-04-18,2024-05-18,,26.99,38.43,HOURLY,3.0,
3905298378,Party Chief,"Fort Worth, TX",TranSystems,2024-04-18,2024-05-18,,,,,4.0,
3905298465,Engineer Operations,"Lewisville, TX",Mary Kay Global,2024-04-18,2024-05-18,,,,,4.0,
3905298488,"Case Manager, Housing - HYS-HSS",United States,Friends of Youth,2024-04-18,2024-05-18,,,,,1.0,
3905298559,Radio Frequency (RF) Engineer III,"Frisco, TX",Apex Systems,2024-04-18,2024-05-18,,47.0,54.0,HOURLY,10.0,
3905298712,WAREHOUSE WORKER JC-427842,"Sacramento, CA",California Department of Public Health,2024-04-18,2024-05-18,,3762.0,4295.0,MONTHLY,5.0,
3905298796,"Railcar Repairman (Carman) - Haslet, TX","Haslet, TX",TTX Company,2024-04-18,2024-05-18,,,,,3.0,
3905298848,Optician 2 (Palm Eye Care),"Niceville, FL",VSP Ventures,2024-04-18,2024-05-18,,,,,4.0,
3905299166,Program Manager - Finance Systems,"Portland, Oregon Metropolitan Area",Mavensoft Technologies,2024-04-18,2024-05-18,,,,,1.0,
3905299289,Experienced Quality Engineer,"Berkeley, MO",Boeing,2024-04-18,2024-05-18,,,,,3.0,
3905299423,"Senior Manager, Accounts Receivable","Carrollton, TX",Cencora,2024-04-18,2024-05-18,,,,,5.0,
3905299432,Part-Time Sales Associate - Famous Footwear,"Cranberry Township, PA",Famous Footwear,2024-04-18,2024-05-18,,,,,4.0,
3905299482,Electrical Assembler,"Longmont, CO",GE Vernova,2024-04-18,2024-05-18,,,,,2.0,
3905299513,National Tax Office – Real Estate Tax Manager/Senior Manager - Remote Eligible,"Placer County, CA",Eide Bailly LLP,2024-04-18,2024-05-18,,,,,4.0,
3905299531,Civil Engineer,"Atlanta, GA","CPS, Inc.",2024-04-18,2024-05-18,,,,,4.0,
3905299712,Registered Nurse RN - Telemetry 2C - Full Time Day,"Toms River, NJ",RWJBarnabas Health,2024-04-18,2024-05-18,,,,,2.0,
3905299753,Java Developer,"Henrico, VA",Apex Systems,2024-04-18,2024-05-18,,,,,9.0,3.0
3905299860,Assistant Property Manager,"Albuquerque, NM",CubeSmart,2024-04-18,2024-05-18,,,,,4.0,
3905299992,Part-Time Marketing & Communications Specialist (0.70 FTE),"Aurora, CO",University of Colorado,2024-04-18,2024-05-18,,,,,3.0,
3905300097,Labor & Employment Associate Attorney,"San Bernardino, CA",Lewis Brisbois,2024-04-18,2024-05-18,,140000.0,180000.0,YEARLY,2.0,
3905300234,AN-Assistant Manager PT-A00028,"Frederick, MD",Acima,2024-04-18,2024-05-18,,,,,5.0,
3905300309,Analyst Sr.-Functional (Project Manager/ Business Analyst),"Houston, TX",Westlake,2024-04-17,2024-05-18,,,,,5.0,
3905300454,Sr. Technical Writer,"Newport News, VA",Apex Systems,2024-04-18,2024-05-18,,,,,3.0,
3905300647,Senior Full Stack Developer,"Franklin, WI",Apex Systems,2024-04-18,2024-05-18,,,,,5.0,
3905301021,Part-Time Assistant Manager - Famous Footwear,"Albany, NY",Famous Footwear,2024-04-18,2024-05-18,,16.0,19.32,HOURLY,4.0,
3905301066,Automotive Parts Shipping and Receiving Clerk,"Santa Barbara, CA",Santa Barbara Auto Group,2024-04-18,2024-05-18,,,,,,
3905301085,Personal Trainer,"Springfield, MO",10 Fitness,2024-04-18,2024-05-18,,,,,1.0,
3905301131,Oncology Pharm Tech Specialist,"Livonia, MI",Saint Joseph Mercy Health System,2024-04-18,2024-05-18,,,,,2.0,
3905301289,"Physical Therapist - Salem, MA","Salem, MA",FOX Rehabilitation,2024-04-18,2024-05-18,,,,,3.0,
3905301424,HCM Account Executive,"Chicago, IL",Paylocity,2024-04-18,2024-05-18,,60000.0,105000.0,YEARLY,4.0,
3905301425,"Customer Service Representative, Full or Part Time","DeLand, FL",Circle K,2024-04-18,2024-05-18,,,,,2.0,
3905301442,Heavy Equipment Operator,"Opelika, AL",WM,2024-04-18,2024-05-18,,,,,3.0,
3905301451,DRIVER - NON-CDL FULL SERVICE VENDING PRODUCT DELIVERY,"St Petersburg, Florida, United States",PepsiCo,2024-04-18,2024-05-18,,,,,4.0,
3905301499,Customer Care Representative B - Bilingual (Spanish),"Orange, CT",Avangrid,2024-04-18,2024-05-18,,,,HOURLY,4.0,
3905301539,Integrated Behavioral Heatlh Clinician,"Sandy, OR",Legacy Health,2024-04-18,2024-05-18,,,,,3.0,
3905301670,Sports and Entertainment Partnerships Senior Manager,"Basking Ridge, NJ",Verizon,2024-04-18,2024-05-18,,,,,2.0,
3905301823,Front Office Agent,"Atlanta, GA",Schulte Hospitality Group,2024-04-18,2024-05-18,,,,,5.0,
3905302374,Warehouse Associate - East Coast Fulfillment Center,"Elizabethtown, PA",Nordstrom,2024-04-18,2024-05-18,,,,,1.0,
3905302460,Tax Director,"Thousand Oaks, California, United States",Platform Accounting Group,2024-04-18,2024-05-18,,,,,4.0,
3905303010,SENIOR IT ANALYST/PROGRAMMER,"Rochester, MN",Apex Systems,2024-04-18,2024-05-18,,,,HOURLY,4.0,
3905303275,Paid Social Marketing Manager,"Plantation, FL",Chewy,2024-04-12,2024-05-18,,,,,3.0,
3905303842,Painter (Prime Line),"San Diego, CA",General Dynamics NASSCO,2024-04-18,2024-05-18,,19.83,29.14,HOURLY,3.0,
3905303946,Training and Compliance Instructor - First Aid and Safety,"Austin, TX",Cintas,2024-04-18,2024-05-18,,,,,3.0,
3905303960,PHX GSE Mechanic,"Phoenix, AZ",Swissport,2024-04-18,2024-05-18,,,,HOURLY,4.0,
3905304181,Senior Project Manager,United States,BCforward,2024-04-18,2024-05-18,,55.0,60.0,HOURLY,9.0,
3905304698,Production Associate - Apparel Grader - 2nd Shift,"Phoenix, AZ",Cintas,2024-03-24,2024-05-18,,,,,2.0,
3905304792,"Speech Language Pathologist - Dumas, TX.","Dumas, TX",Protouch Staffing,2024-04-18,2024-05-18,,,,,4.0,
3905304924,Manager Subcontracts 1,"Melbourne, FL",Northrop Grumman,2024-04-18,2024-05-18,,,,,6.0,
3905305328,Care Manager I RN,"California, United States","Pyramid Consulting, Inc",2024-04-18,2024-05-18,,38.0,42.0,HOURLY,2.0,
3905305376,Registered Nurse RN- Stony Point Primary Care Clinic- Days,"Richmond, VA",VCU Health,2024-04-18,2024-05-18,,,,,3.0,
3905305447,Mortgage Loan Officer,"Lake Forest, CA",Mr. Cooper,2024-04-18,2024-05-18,,,,,3.0,
3905305574,Tax Manager,"Fraser, CO",Platform Accounting Group,2024-04-18,2024-05-18,,,,,4.0,
3905305829,Food Service Director - 1927785,"El Paso, TX",RightWorks,2024-04-18,2024-05-18,,,,,4.0,
3905305930,3.	Bookkeeping Expert - Work From Home,"Chicago, IL",Intuit,2024-04-18,2024-05-18,,,,,,
3905306038,Retail Cashier & Sales Floor Support - Metro Center Rack,"Washington, DC",Nordstrom,2024-04-18,2024-05-18,,,,,6.0,1.0
3905306174,Community Mortgage Bank Sales Consultant,"Doral, FL",Wells Fargo,2024-04-18,2024-05-18,,,,,3.0,
3905306190,Data Center Senior Design Manager,"Dallas, TX",Linesight,2024-04-18,2024-05-18,,,,,3.0,
3905306245,Retail Sales Associate,"Folsom, CA",Verizon,2024-04-18,2024-05-18,,,,,2.0,
3905306390,Cargowise Financial Advisor,United States,FedEx Logistics,2024-04-18,2024-05-18,,71618.88,148245.59,YEARLY,6.0,
3905306677,"Associate Optometrist-Davenport, Iowa","Davenport, IA",Target Optical,2024-04-18,2024-05-18,,,,,5.0,
3905306889,Wealth Strategy Associate,"Minneapolis, MN",UBS,2024-04-18,2024-05-18,,,,,2.0,
3905307605,RN - MS/TELE - Travel,"Elizabethtown, KY",Protouch Staffing,2024-04-18,2024-05-18,,,,,5.0,
3905307713,Biomedical Equipment Tech I,"Morristown, NJ",Atlantic Health System,2024-04-18,2024-05-18,,,,,3.0,
3905307962,Manufacturing Operations Manager,"Florence, KY",Signode,2024-04-18,2024-05-18,,105000.0,120000.0,YEARLY,4.0,1.0
3905308965,"Supervisor, Coding Services",United States,Acclara,2024-04-18,2024-05-18,,36000.0,72000.0,YEARLY,1.0,
3905309301,Regional Scheduling Manager,"Omaha, NE",Linesight,2024-04-18,2024-05-18,,,,,4.0,
3905309508,Staff Dimensional Engineer,"Melbourne, FL",Northrop Grumman,2024-04-18,2024-05-18,,129500.0,194300.0,YEARLY,4.0,
3905310562,Care Coordinator,"Portland, OR",Housecall Providers,2024-04-18,2024-05-18,,45850.0,55500.0,YEARLY,5.0,
3905310563,Compensation Assistant,"Portland, OR",CareOregon,2024-04-18,2024-05-18,,51050.0,61720.0,YEARLY,4.0,
3905311324,Master Engineer,"Erie, PA",Erie Insurance Group,2024-04-18,2024-05-18,,133800.0,146600.0,YEARLY,4.0,
3905311790,"Senior Manager, Indirect Global Procurement - USDS","New York, United States",TikTok,2024-04-18,2024-05-18,,101688.0,181500.0,YEARLY,6.0,
3905312202,Practice Finance Relationship Analyst - East & Midwest,"Cincinnati, OH",U.S. Bank,2024-04-18,2024-05-18,,102340.0,132440.0,YEARLY,3.0,
3905312332,Patio Prep,"Lawrenceville, GA",Masonite®,2024-04-18,2024-05-18,,,,,4.0,
3905312424,FIG & Strategy - Practice Team Associate ,"New York, NY",Sidley Austin LLP,2024-04-18,2024-05-18,,,,,2.0,
3905314390,"Project Engineer (Great Falls,MT)","Billings, MT",gpac,2024-04-18,2024-05-18,,90000.0,105000.0,YEARLY,4.0,
3905314709,Medical Assistant I - Hematology/Oncology Services Harrisburg,"Harrisburg, PA",Penn State Health,2024-04-18,2024-05-18,,,,,3.0,
3905320110,Medical Assistant - Family Practice Colonial Park,"Harrisburg, PA",Penn State Health,2024-04-18,2024-05-18,,,,,2.0,
3905321082,Medical Assistant I - Cornerstone Family Health,"Lititz, PA",Penn State Health,2024-04-18,2024-05-18,,,,,2.0,
3905321122,Medical Office Associate - Orthopedic Surgery,"Reading, PA",Penn State Health,2024-04-18,2024-05-18,,,,,2.0,
3905322958,Operations HR Program Officer,"Washington, DC",Addison Group,2024-04-18,2024-05-18,,,,YEARLY,5.0,
3905323805,Payroll Account Analyst,"Quebec, NC",Hitachi Energy,2024-04-18,2024-05-18,,,,,2.0,
3905324799,Federal Project Manager,"San Antonio, TX",HDR,2024-04-18,2024-05-18,,,,,4.0,
3905324831,"Assistant Manager, Nursery","Sacramento, CA",Connected Cannabis Co.,2024-04-18,2024-05-18,,,,,2.0,
3905324992,Cybersecurity Software Engineer,"Manassas, VA",General Dynamics Mission Systems,2024-04-18,2024-05-18,,99812.0,110729.0,YEARLY,4.0,
3905325721,Prior Authorization Rep II,"Salt Lake City, UT",University of Utah Health,2024-04-18,2024-05-18,,,,,2.0,
3905325903,Finance & Accounting - Staff Accountant,"Los Angeles, CA",Creative Artists Agency,2024-04-18,2024-05-18,,,,,4.0,
3905325991,Java Developer,"Pittsburgh, PA",IntePros,2024-04-18,2024-05-18,,,,,4.0,
3905326768,Warehouse Operations Assistant,"Buckeye, AZ",OnTrac,2024-04-18,2024-05-18,,,,HOURLY,4.0,
3905326809,Event Planner/Executive Assistant,"St Louis, MO",Allied OneSource,2024-04-18,2024-05-18,,,,,3.0,
3905326818,Assistant Branch Manager,"Provo, UT",Regional Finance (Regional Management Corp.),2024-04-18,2024-05-18,,,,,2.0,
3905326975,Apprentice Court Clerk - Criminal Traffic Docketing,"Clayton, MO",State of Missouri,2024-04-18,2024-05-18,,,,,4.0,
3905327521,Nursing Assistant-SBHC 7W Medical PCU- Sharp Memorial Hospital-Night Shift -Part Time,"San Diego, CA",Sharp HealthCare,2024-04-18,2024-05-18,,,,,4.0,
3905327843,Plant Quality Manager,"Greensboro, NC",Sherwin-Williams,2024-04-18,2024-05-18,,94168.0,120845.0,YEARLY,4.0,
3905327896,Dispatcher,"Midland, MI",Kenan Advantage Group,2024-04-18,2024-05-18,,,,,4.0,
3905327980,"Food Safety Technician - Florence, KY (USA)","Florence, KY",Ferrero,2024-04-18,2024-05-18,,,,,3.0,
3905328463,Senior EHS Specialist,"East St Louis, IL",Allied OneSource,2024-04-18,2024-05-18,,120000.0,140000.0,YEARLY,3.0,
3905328464,Regulatory Compliance Specialist,"Kansas City, MO",Allied OneSource,2024-04-18,2024-05-18,,,,,3.0,
3905328747,Retail Store Associate (Bilingual Preferred),"Ann Arbor, MI",Sherwin-Williams,2024-04-18,2024-05-18,,,,,6.0,
3905328810,Shift Leader - 628,"Tucson, AZ",Panda Restaurant Group,2024-04-18,2024-05-18,,,,,4.0,
3905328992,"Sr. Marketer, Campaign Activation ABM","Carrollton, TX",Thomson Reuters,2024-04-18,2024-05-18,,,,,4.0,
3905329249,Physical Therapist - Ascension St. Vincent Hospital at Evansville,"Evansville, IN",PT Solutions Physical Therapy,2024-04-18,2024-05-18,,75000.0,98000.0,YEARLY,2.0,
3905329443,Onsite Merchant Support Specialist,"Yorkville, IL",ShipBob,2024-04-18,2024-05-18,,,,HOURLY,4.0,
3905329493,Automotive Research and Development Co-Op,"Warrensville Heights, OH",Sherwin-Williams,2024-03-24,2024-05-18,,19.0,23.0,HOURLY,4.0,
3905329513,Culinary Assistant,"Mankato, MN",Ebenezer,2024-04-18,2024-05-18,,16.0,22.0,HOURLY,4.0,
3905329609,"Utility Supdice-A Shift- Full Time - North Richland Hills DFW, TX 76180-12","Richland Hills, TX",Tyson Foods,2024-04-18,2024-05-18,,,,HOURLY,4.0,
3905329610,"Utility Opr Pack Line L 1&5- A Shift- Full Time- North Richland Hills DTW, TX","Richland Hills, TX",Tyson Foods,2024-04-18,2024-05-18,,,,HOURLY,4.0,
3905329852,"Senior Associate, DoD Energy Resilience","Washington, DC","Converge Strategies, LLC",2024-04-18,2024-05-18,,90000.0,110000.0,YEARLY,1.0,
3905330165,Nursing Assistant - Med/Surg 4W - Sharp Grossmont Hospital - Night Shift - Part Time,"La Mesa, CA",Sharp HealthCare,2024-04-18,2024-05-18,,,,,5.0,
3905330290,Fiber Technician,"Omaha, NE",Metronet,2024-04-18,2024-05-18,,17.5,20.0,HOURLY,4.0,
3905330387,Services & Solutions Sales Executive,"Phoenix, AZ","Konica Minolta Business Solutions U.S.A., Inc.",2024-04-18,2024-05-18,,,,,4.0,
3905330522,Clinical Lab Assistant I,"Tucson, AZ",Sonora Quest Laboratories/ Laboratory Sciences of Arizona,2024-04-18,2024-05-18,,,,,5.0,
3905330550,Assistant Store Manager $17.25/hr,"Loxahatchee Groves, FL",Extra Space Storage,2024-04-18,2024-05-18,,,,,4.0,
3905330640,Valet - Brunswick VDC 192323,"Brunswick, GA",HKA Enterprises,2024-04-18,2024-05-18,,,,,3.0,
3905330810,Private Client Account Manager,"Raleigh, NC",Towne Insurance,2024-04-18,2024-05-18,,,,,5.0,
3905330828,"Nike Factory Store - Coach (Consumer Experience Manager) - Woodbury Commons - Central Valley, NY","Central Valley, NY",Nike,2024-04-18,2024-05-18,,,,,5.0,
3905331260,MACHINIST 2nd Shift Gas Stream,"Fort Collins, CO","Woodward, Inc.",2024-04-18,2024-05-18,,20.0,35.0,HOURLY,4.0,
3905331924,Patient Access Specialist,"Kingsport, TN",Ensemble Health Partners,2024-04-18,2024-05-18,,,,,3.0,
3905332017,SV BCBA WLD,"The Woodlands, TX",The Job Network,2024-04-18,2024-05-18,,,,,4.0,
3905332054,Rental Coordinator,"Sanford, FL",Jamco Rentals,2024-04-18,2024-05-18,,,,,2.0,
3905332273,Remote Pilot Operator at BNA,"Nashville, TN",SAIC,2024-04-17,2024-05-18,,,,,5.0,
3905332288,Maintenance Technician,"DeLand, FL",RPM Living,2024-04-18,2024-05-18,,17.0,18.0,HOURLY,3.0,
3905332351,Direct Care Professional: Children's Residential,"West Chester, PA",Devereux Advanced Behavioral Health,2024-04-18,2024-05-18,,16.75,23.05,HOURLY,5.0,
3905332488,Business Development Associate,"Chicago, IL",A Hiring Company,2024-04-18,2024-05-18,,,,,2.0,
3905332687,RN Labor & Birth,"Rogers, AR",Mercy,2024-04-18,2024-05-18,,,,,4.0,
3905332921,Sterilization Technician,"Loma Linda, CA",Loma Linda University Health,2024-04-18,2024-05-18,,,,,3.0,
3905333187,Store Customer Service Specialist,"Tulsa, OK",Sherwin-Williams,2024-04-18,2024-05-18,,16.0,16.0,HOURLY,3.0,
3905333190,"Store Sales Representative - Cleveland, OH","Cleveland, OH",Sherwin-Williams,2024-04-18,2024-05-18,,54009.0,66976.0,BIWEEKLY,4.0,
3905333192,Retail Store Associate,"Ann Arbor, MI",Sherwin-Williams,2024-04-18,2024-05-18,,,,HOURLY,5.0,
3905333262,Construction Internship,"Indianapolis, IN",Arbor Homes,2024-04-18,2024-05-18,,,,,3.0,
3905333313,Electrical Engineering Leader,"Tucson, AZ",Machine Solutions Inc.,2024-04-18,2024-05-18,,,,,3.0,
3905333509,"Guest Relations Coordinator- Hilton Head, SC","Hilton Head Island, SC",Marriott Vacations Worldwide,2024-04-18,2024-05-18,,,,,5.0,
3905333673,Classroom Installer ON-CALL - Various Locations,"Lakewood, CO",Lakeshore Learning Materials,2024-04-18,2024-05-18,,,,,4.0,
3905334116,Psychologist - Contracted (Virtual),United States,Teladoc Health,2024-03-24,2024-05-18,,,,,5.0,
3905334181,Leasing Associate,"Skokie, IL",RPM Living,2024-04-18,2024-05-18,,,,,5.0,
3905334463,Full Stack Developer,"Washington, DC","BAE Systems, Inc.",2024-04-18,2024-05-18,,140690.0,239140.0,YEARLY,6.0,
3905334482,CFD and Fire Dynamics Engineer - Applied Science,"Washington, DC",Thornton Tomasetti,2024-04-18,2024-05-18,,85000.0,100000.0,YEARLY,4.0,
3905334641,Senior E-Commerce Lead,"Queens County, NY",Hire With Jarvis,2024-04-18,2024-05-18,,,,,3.0,
3905334649,"Colorist, Licensed Cosmetologist","Fairfax, VA",Madison Reed,2024-04-18,2024-05-18,,,,,3.0,
3905334782,Security Architect Lead - Staff,"Columbus, OH",American Electric Power,2024-04-18,2024-05-18,,110656.0,143853.5,YEARLY,4.0,
3905334805,Senior Network Manager,"New York, NY",1199SEIU Benefit and Pension Funds,2024-04-18,2024-05-18,,,,,4.0,
3905334859,Patient Access Associate 1 Registration Specialist,"Lafayette, CO",Intermountain Health,2024-04-18,2024-05-18,,,,,5.0,
3905334890,Sales Consultant,"Bradenton, FL",TriNet,2024-04-18,2024-05-18,,,,,4.0,
3905335170,Community Manager - Grand Prairie,"Hockley County, TX",CCMC,2024-04-18,2024-05-18,,,,,2.0,
3905335178,Construction Consultant Internship 2024,"Phoenix, AZ",Turner & Townsend,2024-04-18,2024-05-18,,20.0,25.0,HOURLY,4.0,
3905335350,Maintenance Technician III,"Koloa, HI",Marriott Vacations Worldwide,2024-04-18,2024-05-18,,,,HOURLY,4.0,
3905335744,"Senior Director, Business Development, Agency","New York, United States",The Trade Desk,2024-04-18,2024-05-18,,132800.0,243500.0,YEARLY,3.0,
3905335760,*Physical Therapist (PT)- Inpatient FT |El Paso Rehab,"El Paso, TX",PAM Health Rehabilitation Hospital of El Paso,2024-04-18,2024-05-18,,,,,5.0,
3905335862,DATA Center Operations Manager -Fort Worth TX,"Fort Worth, TX",Cogent Communications,2024-04-18,2024-05-18,,,,,5.0,
3905335894,Senior Advisor (Climate),"Indiana, United States",FEMA,2024-04-18,2024-05-18,,,,,4.0,
3905336020,Customer Service Professional I,"Ann Arbor, MI",Sartorius,2024-04-18,2024-05-18,,,,,5.0,
3905336051,"Senior Manager, Manufacturing Engineering, CMC Manufacturing, Drug Substance / Drug Product","Boston, MA",Vertex Pharmaceuticals,2024-04-18,2024-05-18,,,,,5.0,
3905336095,Part Time Supervision Specialist,"South Carolina, United States",Alston Wilkes Society,2024-04-18,2024-05-18,,,,,1.0,
3905336218,Registered Behavior Technician,"Boston, Massachusetts, United States",Centria Autism,2024-04-18,2024-05-18,,20.0,29.0,HOURLY,5.0,
3905336394,Occupational Therapist (Supervision Only),"Rancho Cordova, CA",Total Education Solutions,2024-04-18,2024-05-18,,41.0,52.95,HOURLY,3.0,
3905336545,Sustainability Engineer,"Cleveland, OH",Cleveland-Cliffs,2024-04-18,2024-05-18,,,,,4.0,
3905336549,Part Time Retail Merchandiser - Altamonte Springs FL 32701,"Altamonte Springs, FL",Hallmark Cards,2024-04-18,2024-05-18,,,,,4.0,
3905336673,"Market Director, Electric Vehicle Battery (EVB) / Electric Vehicle (EV) - Strategic Projects",Greater Houston,Veolia North America,2024-04-18,2024-05-18,,,,,4.0,
3905336827,RN Med Surg,"Watertown, NY",Onyx Health Care Staffing LLC.,2024-04-18,2024-05-18,,,,,3.0,
3905336979,Customer Support Specialist - Onsite,"Morristown, TN",SimplyApply,2024-04-18,2024-05-18,,15.0,16.0,HOURLY,4.0,
3905337135,Mechanical Design Engineer,"San Francisco, CA",Job Juncture,2024-04-18,2024-05-18,,,,,5.0,
3905337594,Group Exercise Instructor,"Lititz, PA",Exos,2024-04-18,2024-05-18,,,,,4.0,
3905337625,Administrative Services Analyst I/II - Flood Control,"Riverside County, CA",County of Riverside,2024-04-18,2024-05-18,,,,,3.0,
3905338022,Campus LAN Planning Team Analyst,United States,Ford Motor Company,2024-04-18,2024-05-18,,,,,7.0,
3905338103,Training Specialist,"Boston, MA",Bay Cove Human Services,2024-04-18,2024-05-18,,75000.0,80000.0,YEARLY,4.0,
3905338148,Account Executive / Account Manager,United States,Corvus Robotics,2024-04-18,2024-05-18,,,,,6.0,1.0
3905338290,Controller – Washington DC,"Washington, DC",Cogent Communications,2024-04-18,2024-05-18,,,,,4.0,
3905338299,"Manager, Database Administration- Washington DC","Washington, DC",Cogent Communications,2024-04-18,2024-05-18,,,,,3.0,
3905338365,Account Manager - Technology Company,"San Francisco, CA",Allied Universal,2024-04-18,2024-05-18,,,,YEARLY,4.0,
3905339217,Cook,"Salt Lake City, UT",Intermountain Health,2024-04-18,2024-05-18,,,,,4.0,
3905339343,National Account Manager,"West Valley City, UT",Clicklease,2024-04-18,2024-05-18,,,,,2.0,
3905340100,Medical Assistant Family Medicine,"St George, UT",Intermountain Health,2024-04-18,2024-05-18,,,,,5.0,
3905340102,Social Worker,"Salt Lake City, UT",Intermountain Health,2024-04-18,2024-05-18,,30.34,51.52,HOURLY,4.0,
3905340124,Senior Business Analyst,United States,TriNet,2024-04-18,2024-05-18,,66700.0,136100.0,YEARLY,7.0,
3905340538,Senior Business Account Executive (Outside Sales),"Menlo Park, CA",Comcast,2024-04-18,2024-05-18,,,,,2.0,
3905341298,Member Service Representative (Full-Time) - Mililani,"Mililani Town, HI",Navy Federal Credit Union,2024-04-18,2024-05-18,,21.0,25.0,HOURLY,4.0,
3905341449,Operating Room Registered Nurse,"Midland, TX",Bluebird Staffing,2024-04-18,2024-05-18,,,,,3.0,
3905342454,Medical-Surgical Registered Nurse,"San Angelo, TX",Bluebird Staffing,2024-04-18,2024-05-18,,,,,4.0,
3905342998,Sr. Product Owner (On-site),"Conshohocken, PA",Syzygy Integration,2024-04-18,2024-05-18,,,,,2.0,
3905344038,Caregivers,"Mountain View, CA",TheKey,2024-04-18,2024-05-18,,,,,5.0,
3905344236,Job Coach,"Chicago, IL",Heartland Alliance,2024-04-18,2024-05-18,,,,,2.0,
3905344256,7th Grade Math and Science Teacher - Founders Classical Academy of Conroe,"Lewisville, TX",Responsive Education Solutions,2024-04-18,2024-05-18,,,,,4.0,
3905344952,Counsel,"Miami, FL",Corient,2024-04-18,2024-05-19,,,,,4.0,
3905345082,Orthopedic Registered Nurse,"Lewiston, ME",Bluebird Staffing,2024-04-18,2024-05-18,,,,,4.0,
3905345806,Leasing Professional 1 - One Lakes Edge,"The Woodlands, TX",Greystar,2024-04-18,2024-05-19,,,,,3.0,
3905346684,Leasing Professional - The Cortesian,"Scottsdale, AZ",Greystar,2024-04-17,2024-05-19,,,,,4.0,
3905348649,Bilingual Customer Service and Sales - Call Center,"Lancaster, TX","Tuff Shed, Inc.",2024-04-19,2024-05-19,,,,,3.0,
3905350484,MENTAL HEALTH THERAPIST,"Bay Shore, NY",Family Service League - Long Island,2024-04-19,2024-05-19,,,,,2.0,
3905352371,X-Ray/CT Technologist (Full Time),"Gordon, NE",Connected Health Care,2024-04-18,2024-05-19,,,,,4.0,
3905352459,Trim & Inspect AM Shift 12 Hour- $19.62- 5:00AM-5:00PM,"Park Rapids, MN",Lamb Weston,2024-04-19,2024-05-19,,,,,4.0,
3905353085,Community Manager - Residences at Nomi (Lease-Up),"Fort Lauderdale, FL",Greystar,2024-04-17,2024-05-19,,,,,3.0,
3905354061,Respiratory Therapist (Full-Time),"Salina, KS",Connected Health Care,2024-04-18,2024-05-19,,,,,4.0,
3905354157,Digital Marketing Client Account Manager,"Arizona, United States",Ashworth Strategy,2024-04-19,2024-05-19,,,,YEARLY,,
3905355970,Occupational Therapist,"Gresham, OR",Consonus Healthcare,2024-04-19,2024-05-19,,,,,3.0,
3905355985,support lead part time,"Phoenix, AZ",Five Below,2024-04-19,2024-05-19,,,,,4.0,
3905357694,customer experience manager,"Chandler, AZ",Five Below,2024-04-19,2024-05-19,,,,,4.0,
3905358843,Retail Sales and Store Support,"Washougal, WA",Safeway,2024-03-25,2024-05-19,,,,,4.0,
3905358986,STORE MANAGER,"Hazlehurst, GA",Dollar Tree Stores,2024-04-18,2024-05-19,,,,,4.0,
3905359737,Physical Therapy Aide- Columbus Circle,"New York, NY",Spear Physical Therapy,2024-04-19,2024-05-19,,,,HOURLY,4.0,
3905360648,Front End Entry Level,"Cottage Grove, OR",Safeway,2024-03-25,2024-05-19,,,,,3.0,
3905360747,OPERATIONS ASSISTANT MANAGER,"Mount Vernon, IN",Dollar Tree Stores,2024-04-18,2024-05-19,,,,,4.0,
3905360790,FT ASSISTANT STORE MANAGER,"Charleston, SC",Family Dollar,2024-04-18,2024-05-19,,,,,3.0,
3905361404,Associate Banker - Tacoma,"Tacoma, WA",BMO U.S.,2024-04-19,2024-05-19,,,,,2.0,
3905361570,Front End Software Engineer Intern,United States,"iHerb, LLC",2024-04-18,2024-05-19,,24.75,50.63,HOURLY,9.0,
3905362327,Supervisor Medical Office,"Midland, MI",MyMichigan Health,2024-04-19,2024-05-19,,,,,1.0,
3905362351,Junior Quality Engineer,United States,,2024-04-19,2024-10-16,,,,,1.0,
3905362355,Project Manager,"Tampa, FL",Hays,2024-04-19,2024-05-19,,100000.0,150000.0,YEARLY,1.0,
3905362778,ASSISTANT STORE MANAGER,"Pocahontas, AR",Family Dollar,2024-04-18,2024-05-19,,,,,3.0,
3905362974,Senior Traffic Engineer – Leader,"Austin, TX",NonStop Consulting,2024-04-19,2024-05-19,,,,,4.0,
3905363747,Senior IT Business Analyst,"San Leandro, CA",Torani (R. Torre & Co.),2024-04-19,2024-05-19,,,,,4.0,
3905364612,Project Consulting - Business Recruiting Manager,"Charlotte, NC",AccruePartners,2024-04-19,2024-05-19,,,,,4.0,
3905364616,Auto Detailer,"Southport, NC",Caliber Collision,2024-04-19,2024-05-19,,,,,4.0,
3905365101,Retail Sales Associate,"Montgomery, AL",H&M,2024-04-19,2024-05-19,,,,HOURLY,4.0,
3905366248,QA Tester,"Fairfax, VA",CGI,2024-04-19,2024-05-19,,66300.0,127700.0,YEARLY,6.0,2.0
3905366373,"Senior Manager, Sales Operations Management","San Diego, CA",ServiceNow,2024-04-19,2024-05-19,,,,,5.0,
3905366401,Sales Associate - Spirit,"Blasdell, NY",Spirit Halloween,2024-04-19,2024-05-19,,,,,4.0,
3905366402,Sales Associate - Spirit,"Natick, MA",Spirit Halloween,2024-04-19,2024-05-19,,,,,4.0,
3905366417,Nurse Practitioner - Gastroenterology,"San Francisco, CA",UCSF Health,2024-04-18,2024-05-19,,,,,4.0,
3905366961,"Scientist, Biologics Analytical Development","Malvern, PA",Johnson & Johnson,2024-04-19,2024-05-19,,,,,6.0,
3905367079,Shipping/Receiving,"Houston, TX",MSI,2024-04-19,2024-05-19,,18.0,21.0,HOURLY,5.0,
3905367342,Store Manager - Spirit,"Queens, NY",Spirit Halloween,2024-04-19,2024-05-19,,,,,4.0,
3905368156,Auto Body Technician,"Mount Juliet, TN",Caliber Collision,2024-04-19,2024-05-19,,,,,3.0,
3905368728,Global Command Center Coordinator,"Warren, MI",ektello,2024-04-18,2024-05-19,,,,,4.0,
3905369011,Application Engineer,"Los Angeles, CA",Virtusa,2024-04-19,2024-05-19,,,,,4.0,
3905369048,AWS Data Engineer,"Fairfax, VA",CGI,2024-04-19,2024-05-19,,84000.0,161600.0,YEARLY,6.0,1.0
3905369136,Sr GRC Analyst,Greater Seattle Area,F5,2024-04-19,2024-05-19,,,,,6.0,1.0
3905369187,Assistant Store Manager - Spirit,"Dover, DE",Spirit Halloween,2024-04-19,2024-05-19,,,,,4.0,
3905369905,Digital Chief Compliance Officer,"District of Columbia, United States",GE Vernova,2024-04-19,2024-05-19,,,,,5.0,
3905370122,RN Clinical Nurse II    Med/Surg,"Siler City, NC",UNC Health,2024-04-19,2024-05-19,,,,,3.0,
3905370162,Event Services Technician,"Providence, RI",Pinnacle Live,2024-04-19,2024-05-19,,,,,4.0,
3905370200,Dialysis Registered Nurse,"Cheektowaga, NY",U.S. Renal Care,2024-04-19,2024-05-19,,,,,5.0,
3905370221,Assistant Manager,"New York, United States",Foot Locker,2024-04-19,2024-05-19,,,,HOURLY,5.0,
3905370590,Room Attendant - Hilton Salt Lake City Center,"Salt Lake City, UT",Hilton Salt Lake City Center,2024-04-19,2024-05-19,,,,,4.0,
3905370661,Training Program Coordinator,"Laveen, AZ",The Johns Hopkins University,2024-04-18,2024-05-19,,,,,4.0,
3905371646,Ewa Beach Elementary - Special Education Pre-K Teacher (2024-01413),"Ewa Beach, HI",Hawaii State Department of Education,2024-04-19,2024-05-19,,,,,5.0,
3905371813,Family Services Associate - Full Time - DC,"Washington, DC",Children's National Hospital,2024-04-19,2024-05-19,,,,,3.0,
3905371844,California Only- Assistant Store Manager - Montclair 778,"Montclair, CA",Aéropostale,2024-04-19,2024-05-19,,,,,5.0,
3905371857,HEALTH PROGRAM SPECIALIST I JC-415640,"Sacramento, CA",California Department of Public Health,2024-04-18,2024-05-19,,6243.0,7815.0,MONTHLY,7.0,
3905371927,"Retail Office Assistant - Pay $14-16/hr, dep on ex","Fort Worth, TX",Rooms To Go,2024-04-19,2024-05-19,,10.0,16.0,HOURLY,3.0,
3905372927,Production Packaging Associate,"Atlanta, GA",Altium Packaging,2024-04-19,2024-05-19,,,,,4.0,
3905373293,Patient Access Services Representative Sunwest Outpatient Imaging Clinci,"Glendale, AZ",Banner Health,2024-04-17,2024-05-19,,,,,4.0,
3905373713,Tax Attorney - 1927911,"Uniondale, NY",RightWorks,2024-04-19,2024-05-19,,,,,6.0,
3905373718,"WM Affluent Banker - Irvine or Long Beach, CA","Irvine, CA",U.S. Bank,2024-04-19,2024-05-19,,,,,4.0,
3905373727,Part-Time Expeditor | Lincoln Road,"Miami Beach, FL",lululemon,2024-04-19,2024-05-19,,17.0,22.56,HOURLY,7.0,
3905374012,Part Time Clinical Consultant - Tampa,"Danvers, MA",Johnson & Johnson,2024-04-19,2024-05-19,,,,HOURLY,4.0,
3905374015,Unit Assembler 3rd Shift,"Norman, OK",Johnson Controls,2024-04-19,2024-05-19,,,,,5.0,
3905374054,General Mechanic- OLGMC- Facility Management,"Lafayette, LA",Ochsner Lafayette General,2024-04-19,2024-05-19,,,,,4.0,
3905374598,"DrChrono - Account Manager (Remote, US)","Dublin, OH",EverCommerce,2024-04-19,2024-05-19,,60000.0,70000.0,YEARLY,5.0,
3905375260,Senior Software Engineer (Ref #001260),"Charlotte, NC",Wells Fargo,2024-04-19,2024-05-19,,,,,10.0,
3905375582,Restaurant Manager,"Dothan, AL",Cracker Barrel,2024-04-19,2024-05-19,,,,,4.0,
3905376280,District Sales Manager,"Anaheim, CA",Smith & Noble,2024-04-18,2024-05-19,,100000.0,110000.0,YEARLY,6.0,
3905376492,Expert Client Success Manager- REMOTE,"Raleigh, NC",Veradigm®,2024-03-25,2024-05-19,,,,,7.0,
3905378087,Certified Veterinary Technician,"Conroe, TX",Lakefield Veterinary Group,2024-04-05,2024-05-19,,19.0,23.0,HOURLY,3.0,
3905378377,"Clinical Sales Representative - Cinicinnati, OH - Endoscopy","Cincinnati, OH",Stryker,2024-04-18,2024-05-19,,,,,4.0,
3905378520,Travel Nurse (RN) CVICU (Cardiovascular Intensive Care Unit),"Tulsa, OK",Epic Travel Staffing,2024-04-19,2024-05-19,,,,,4.0,
3905379298,"Manager, Facilities","Fargo, ND",Sanford Health,2024-04-19,2024-05-19,,,,,4.0,
3905379989,Member Assist Cart Attendant,"Freehold, NJ",Sam's Club,2024-04-19,2024-05-19,,,,,3.0,
3905380081,RN - Stepdown - Travel,"Cleveland, OH",Protouch Staffing,2024-04-19,2024-05-19,,,,,4.0,
3905380248,Flight Nurse,"Paris, TN",Air Evac Lifeteam,2024-04-19,2024-05-19,,,,,6.0,
3905381014,Retail Manager,"Springville, UT",Cracker Barrel,2024-04-19,2024-05-19,,,,,5.0,
3905382138,Travel Cath Lab Tech (Cardiac Tech),"Portland, OR",Epic Travel Staffing,2024-04-19,2024-05-19,,,,,4.0,
3905386161,Member Specialist,"Metairie, LA",Sam's Club,2024-04-19,2024-05-19,,,,,4.0,
3905388108,Optician Sam's **Full time** $4000.00 *Sign On Bonus,"Grand Forks, ND",Sam's Club,2024-04-19,2024-05-19,,,,,4.0,
3905388822,PC Mobile Team Lead,"Wake County, NC",North Carolina Department of Revenue,2024-04-19,2024-05-19,,,,,4.0,
3905390723,Volunteer Virtual Classroom Speaker ( Career Day - Performing Arts),United States,Pathful Inc.,2024-04-19,2024-05-19,,,,,4.0,
3905390826,Retail Parts Pro,"Fort Collins, CO",Advance Auto Parts,2024-04-18,2024-05-19,,,,,4.0,
3905391876,Engineer (Cloud Big Data / Scala / Spark) - Associate,"Cary, NC",Deutsche Bank,2024-04-18,2024-05-19,,85000.0,120750.0,YEARLY,4.0,
3905392506,Certified Nursing Assistant (CNA),"Duluth, MN",The Job Network,2024-04-19,2024-05-19,,25.0,27.0,HOURLY,4.0,
3905392550,Store Manager,"Dracut, MA",Extra Space Storage,2024-04-19,2024-05-19,,19.0,21.0,HOURLY,4.0,
3905392999,"Boiler Technician/Maintenance Tech (on site Spartanburg, SC)","Spartanburg, SC",Yokohama TWS,2024-04-18,2024-05-19,,,,,4.0,
3905393375,SEO Analyst,United States,One Firefly,2024-04-19,2024-10-16,,40000.0,50000.0,YEARLY,37.0,8.0
3905393516,LPN - Home Health,"Hood River, OR",The Job Network,2024-04-19,2024-05-19,,25.71,40.1,HOURLY,2.0,
3905393585,Feed Batching Operator (2nd Shift) - Magee Feed Mill,"Magee, MS",Tyson Foods,2024-04-19,2024-05-19,,17.2,25.0,HOURLY,5.0,
3905393815,Laredo 06 eStores - eStore Curbie - Part-Time,"Laredo, TX",H-E-B,2024-04-19,2024-05-19,,,,,4.0,
3905393859,Membership Growth Consultant (Bilingual),"Glenwood, IL",ChenMed,2024-04-18,2024-05-19,,,,,3.0,
3905394171,Volunteer Virtual Classroom Speaker (3D modeling/Architecture),United States,Pathful Inc.,2024-04-19,2024-05-19,,,,,3.0,
3905394433,salesperson,"Gilbert, AZ",Advance Auto Parts,2024-04-18,2024-05-19,,,,,4.0,
3905394508,Business Analyst,"Eagan, MN",Thomson Reuters,2024-04-18,2024-05-19,,71400.0,132600.0,YEARLY,4.0,
3905394682,"Lead Software Development Engineer, Developer Platform Team - Golang (Remote)","Cleveland, OH",New Relic,2024-04-19,2024-05-19,,174000.0,218000.0,YEARLY,4.0,
3905394736,"Technical Solutions Architect, Enterprise - Texas","Austin, TX",Cisco,2024-04-19,2024-05-19,,,,,5.0,
3905395125,E T Consultant,"Washington, DC",IFC - International Finance Corporation,2024-04-19,2024-05-19,,,,,4.0,
3905395338,Food Service Worker,"Coppell, TX",CHRISTUS Health,2024-04-19,2024-05-19,,,,,2.0,
3905395479,Clinical Coordinator,"Grants Pass, OR",DaVita Kidney Care,2024-04-18,2024-05-19,,,,,5.0,
3905395581,Housekeeper / Room Attendant,"Washington, DC",Hyatt Hotels Corporation,2024-04-19,2024-05-19,,,,,4.0,
3905395598,Global Account Manager,San Francisco Bay Area,Cogent Communications,2024-04-19,2024-05-19,,,,,3.0,
3905395601,Customer Service Representative,"Vernon Hills, IL",LaSalle Network,2024-04-19,2024-05-19,,,,,3.0,
3905396269,Signal Integrity Engineer,"Hampton, NH",Amphenol Communications Solutions,2024-04-19,2024-05-19,,,,,4.0,
3905396555,Eagle Pass 02 Sanitation - Overnight Total Store Sanitation Lead - Full-Time,"Eagle Pass, TX",H-E-B,2024-04-19,2024-05-19,,,,,4.0,
3905396607,Supervisor Retail,"Milwaukee, WI",SAS Retail Services,2024-04-19,2024-05-19,,49000.0,50000.0,YEARLY,4.0,
3905397065,CNA - Oncology,"Spokane, WA",The Job Network,2024-04-19,2024-05-19,,20.09,28.59,HOURLY,4.0,
3905397087,Platform Configuration Analyst,"Honolulu, HI",ProService Hawaii,2024-04-19,2024-05-19,,64900.0,89500.0,YEARLY,4.0,
3905399137,Patient Service Rep - Rogersville Family Medicine,"Rogersville, MO",Mercy,2024-04-19,2024-05-19,,,,,1.0,
3905399277,Sales Manager-DET,"Detroit, MI",Cogent Communications,2024-04-19,2024-05-19,,,,,3.0,
3905399284,3. Product Engineer - Platform,NAMER,Costa Security,2024-04-19,2024-05-19,,,,,4.0,
3905600853,Sales Director - SAP,"Minneapolis, MN",Accenture,2024-04-19,2024-05-19,,,,,4.0,
3905604931,Sales Manager,"Chattanooga, TN",J. Galt,2024-04-19,2024-05-19,,,,,2.0,
3905607720,Union Installer Technician,"Philadelphia, PA",Comcast,2024-04-19,2024-05-19,,,,,3.0,
3905607972,Sales Manager,"Adrian, MI",J. Galt,2024-04-19,2024-05-19,,,,,1.0,
3905608558,Sales Manager,"Bridgeport, CT",J. Galt,2024-04-19,2024-05-19,,,,,2.0,
3905609687,Sales Manager,"Lawrence, KS",J. Galt,2024-04-19,2024-05-19,,,,,4.0,
3905609691,Sales Manager,"Wichita Falls, TX",J. Galt,2024-04-19,2024-05-19,,,,,,
3905610530,Sales Manager,"Ashtabula, OH",J. Galt,2024-04-19,2024-05-19,,,,,2.0,
3905612247,Sales Manager,"Savannah, GA",J. Galt,2024-04-19,2024-05-19,,,,,2.0,
3905614086,Sales Manager,Louisville Metropolitan Area,J. Galt,2024-04-19,2024-05-19,,,,,4.0,
3905615043,Sales Manager,"Lexington, KY",J. Galt,2024-04-19,2024-05-19,,,,,4.0,
3905618805,Travel RN - ED - Emergency Department,"Salem, MA",VitaLink Health ,2024-04-19,2024-05-19,,2247.0,2247.0,WEEKLY,2.0,
3905619589,Travel Allied Health Professional - Ultrasound Technologist,"Ukiah, CA","Aequor, Allied Division",2024-04-19,2024-05-19,,1142.0,1142.0,WEEKLY,2.0,
3905621958,Travel RN - Neuro ICU,"Albuquerque, NM",American Traveler,2024-04-19,2024-05-19,,2015.0,2015.0,WEEKLY,2.0,
3905624302,Bi-Lingual Intake Specialist,"New Orleans, LA",Wizehire,2024-04-19,2024-05-19,,,,,1.0,
3905628118,Permanent RN - Labor and Delivery,"Washington, DC",The George Washington University Hospital,2024-04-19,2024-05-19,,37.0,52.0,HOURLY,2.0,
3905632804,Registered Nurse RN PRN Home Care Lake / Sumter / & Marion County Visits,"Tavares, FL",AdventHealth,2024-04-19,2024-05-19,,,,,2.0,
3905634336,Marketing and Business Development Coordinator,"Grand Rapids, MI",DK Security,2024-04-19,2024-05-19,,,,,2.0,
3905635184,Travel RN - PCU - Progressive Care Unit,"Bloomington, IN","Premier Medical Staffing Services, LLC",2024-04-19,2024-05-19,,2023.0,2023.0,WEEKLY,2.0,
3905646396,Task Associate,"Birmingham, AL",Ulta Beauty,2024-04-19,2024-05-19,,,,,4.0,
3905646882,Support Engineer,"Madison, WI",UW Credit Union,2024-04-19,2024-05-19,,69000.0,79500.0,YEARLY,2.0,
3905646978,Senior Regulatory Affairs CMC (ATMP / Small Molecules) -Munich,"Dakota City, NE",NonStop Consulting,2024-04-19,2024-05-19,,,,,4.0,
3905648910,Level I Registered Nurse (RN) - Med Surg - $32-52 per hour - R107700,"West Allis, WI",Vivian Health,2024-04-11,2024-05-19,,,,,4.0,
3905650400,OPERATIONS ASSISTANT MANAGER,"Beaumont, TX",Dollar Tree Stores,2024-04-19,2024-05-19,,,,,4.0,
3905650401,OPERATIONS ASSISTANT MANAGER,"Verona, PA",Dollar Tree Stores,2024-04-19,2024-05-19,,,,,4.0,
3905650613,Assistant Highway Maintenance Manager,"Chester County, PA",Commonwealth of Pennsylvania,2024-04-19,2024-05-19,,,,,2.0,
3905652221,02417 Store Manager,"Saginaw, MI",Sally Beauty,2024-04-19,2024-05-19,,,,,3.0,
3905654047,Business Assurance - Senior Analyst,"Indianapolis, IN",Cummins Inc.,2024-04-19,2024-05-19,,74800.0,112200.0,YEARLY,4.0,
3905654075,Food Service Worker 1,"Montgomery County, PA",Commonwealth of Pennsylvania,2024-04-19,2024-05-19,,,,,4.0,
3905654277,"Volunteer: Writer, Journalist, English Major, for Nobel & Prize Winners Library Virtual! Many Opportunities","Rockville, MD",VolunteerMatch,2024-04-19,2024-05-19,,,,,2.0,
3905654821,Senior Data Engineer,United States,Fixify,2024-04-19,2024-05-19,,,,,6.0,3.0
3905658696,Manager Metro Market Security Leader,"Livermore, CA",Johnson Controls,2024-04-19,2024-05-19,,140000.0,215000.0,YEARLY,5.0,
3905658725,CERTIFIED NURSING ASSISTANT - OAK FOREST HEALTH & REHAB CENTER,"Winston-Salem, NC",Liberty Healthcare and Rehabilitation Services,2024-04-19,2024-05-19,,,,,2.0,
3905658727,RN Recovery Nurse Specialist - Revenue Cycle Solutions Team - Full Time - Days - Work from Home,"New Orleans, LA",Ochsner Health,2024-04-19,2024-05-19,,,,,4.0,
3905658743,Business Acct Mgmt Solutions - Sales Enablement - Senior Associate (Work Remote Option),United States,Talentify.io,2024-04-19,2024-05-19,,,,,4.0,
3905658808,Software Engineering Lead,United States,FedEx Dataworks,2024-04-19,2024-05-19,,10667.0,13333.0,YEARLY,4.0,
3905659597,Early Career Geotechnical Engineer,"Solano County, CA",LBS,2024-04-19,2024-05-19,,,,,5.0,
3905660303,TEACHER-SCIENCE,Greater Houston,Harmony Public Schools,2024-04-19,2024-05-19,,,,,5.0,
3905661308,Lifestyle Director - Cadence,"Tempe, AZ",CCMC,2024-04-19,2024-05-19,,,,,4.0,
3905662227,"Customer Service Representative (CSR) - Conditional Remote work due to Covid (located one hour from Williston, VT)",United States,Talentify.io,2024-04-07,2024-05-19,,,,,4.0,
3905664098,Assistant Professor,"Louisville, KY",University of Louisville,2024-04-19,2024-05-19,,,,,4.0,
3905664757,"Coordinator, Cargo Regulatory Compliance","Charlotte, NC",American Airlines,2024-04-19,2024-05-19,,40041.04,56001.4,YEARLY,4.0,
3905664762,Remote Licensed Mental Health Counselor,"Rexburg, ID",RemoteWorker US,2024-04-19,2024-05-19,,,,HOURLY,4.0,
3905664916,PT Clerk - Florist - 0593,"White Plains, NY",Stop & Shop,2024-04-19,2024-05-19,,,,HOURLY,4.0,
3905665009,CERTIFIED NURSING ASSISTANT - OAK FOREST HEALTH & REHAB CENTER,"Winston-Salem, NC",Liberty Healthcare and Rehabilitation Services,2024-04-19,2024-05-19,,,,,1.0,
3905665577,SBA Operations Representative,"Houston, TX",Comerica Bank,2024-04-19,2024-05-19,,,,,4.0,
3905666349,Electrical Designer,"Charlotte, NC",NPAworldwide,2024-04-19,2024-05-19,,85000.0,95000.0,YEARLY,2.0,
3905666525,"Bulk Material Handler (1st Shift, 6:00am - 2:30pm)","Leonia, NJ",Nestlé Health Science,2024-04-19,2024-05-19,,,,,5.0,
3905666540,Management & Program Assistant,"Swanton, OH",Federal Aviation Administration,2024-04-19,2024-05-19,,53259.0,79892.0,YEARLY,4.0,
3905667352,Human Resources Payroll Lead,"Dallas, TX",Comerica Bank,2024-04-19,2024-05-19,,,,,5.0,
3905667597,Licensed Veterinary Technician,"Lacey, WA",Lakefield Veterinary Group,2024-04-08,2024-05-19,,21.0,26.0,HOURLY,4.0,
3905668784,LPN- Home Care,"Hackettstown, NJ",BAYADA Home Health Care,2024-04-18,2024-05-19,,30.0,33.0,HOURLY,4.0,
3905669613,Tax Manager,"Las Vegas, NV",RightWorks,2024-04-19,2024-05-19,,130000.0,170000.0,YEARLY,4.0,
3905670127,"Senior Graphic Designer, Digital","Atlanta, GA",Rooms To Go,2024-04-19,2024-05-19,,,,,4.0,
3905670593,Licensed Practical Nurse (LPN),"Teterboro, NJ",BAYADA Home Health Care,2024-04-18,2024-05-19,,30.0,35.0,HOURLY,4.0,
3905672278,LPN - PDN,"East Hanover, NJ",BAYADA Home Health Care,2024-04-18,2024-05-19,,,,,4.0,
3905672479,Assembler II Interior Door Production,"Columbus, GA",Builders FirstSource,2024-04-19,2024-05-19,,,,,4.0,
3905673101,Contracts Manager - 1910291,"Kansas City, MO",RightWorks,2024-04-19,2024-05-19,,,,,4.0,
3905673705,Service Leader,"Cincinnati, OH",Chipotle Mexican Grill,2024-04-18,2024-05-19,,,,,4.0,
3905674622,General Manager,"Durham, NC",Chipotle Mexican Grill,2024-04-18,2024-05-19,,,,,3.0,
3905675190,Restaurant Manager,"Corinth, MS",Cracker Barrel,2024-04-19,2024-05-19,,,,,3.0,
3905675437,Kitchen Leader,"Loveland, OH",Chipotle Mexican Grill,2024-04-18,2024-05-19,,,,,3.0,
3905676170,Material Handler I,"Columbus, GA",Builders FirstSource,2024-04-19,2024-05-19,,,,,4.0,
3905676332,ACT Customer Service Representative,"Houston, TX","Whirlwind Steel Buildings, Inc.",2024-04-19,2024-05-19,,,,,4.0,
3905677425,(USA) Member Specialist,"Chesapeake, VA",Sam's Club,2024-04-19,2024-05-19,,,,,4.0,
3905678168,Kitchen Leader,"Pelham Manor, NY",Chipotle Mexican Grill,2024-04-18,2024-05-19,,17.65,19.65,HOURLY,4.0,
3905683912,"Program Manager, Business Strategy & Planning, Supplier Strategy","Austin, TX",Meta,2024-04-18,2024-05-19,,116000.0,166000.0,YEARLY,4.0,
3905684901,Graphic Designer,"Addison, TX",The Job Network,2024-04-19,2024-05-19,,,,,4.0,
3905685740,"Project Manager, Content and Integrity Operations","Washington, DC",Meta,2024-04-18,2024-05-19,,72010.0,109000.0,YEARLY,8.0,
3905686725,Applicator - Agriculture (CDL w/ Hazmat & Tanker Required) - Seasonal,"Hatfield, MA",The Job Network,2024-04-19,2024-05-19,,,,,4.0,
3905686838,"Nutrition Technician, Nutritional Services, Per Diem, Days/Evenings","Greenbrae, CA",MarinHealth,2024-04-19,2024-05-19,,24.88,37.33,HOURLY,5.0,
3905687976,Licensed Therapist for Online Counseling,"Waipahu, HI",BetterHelp,2024-04-19,2024-05-19,,,,,,
3905688225,"Program Manager, Business Strategy & Planning, Supplier Strategy","Reston, VA",Meta,2024-04-18,2024-05-19,,116000.0,166000.0,YEARLY,4.0,
3905688233,Creative Director,"Burlingame, CA",Meta,2024-04-18,2024-05-19,,174000.0,246000.0,YEARLY,4.0,
3905688794,Licensed Therapist for Online Counseling,"Texarkana, AR",BetterHelp,2024-04-19,2024-05-19,,,,,,
3905689661,Licensed Therapist for Online Counseling,"Port St Lucie, FL",BetterHelp,2024-04-19,2024-05-19,,,,,,
3905689945,Floor Assembly Technician,"Hoffman Estates, IL",Siemens Healthineers,2024-04-19,2024-05-19,,,,,4.0,
3905690238,"Sr. Director - Engineering Tech Center, API or Parenteral","Indianapolis, IN",Eli Lilly and Company,2024-04-18,2024-05-19,,,,,3.0,
3905691510,Licensed Therapist for Online Counseling,"West Lafayette, IN",BetterHelp,2024-04-19,2024-05-19,,,,,,
3905694278,Licensed Therapist for Online Counseling,"Ithaca, NY",BetterHelp,2024-04-19,2024-05-19,,,,,,
3905695048,TDY Air Traffic Control SME-Instructor at PHL,"Philadelphia, PA",SAIC,2024-04-18,2024-05-19,,,,,5.0,
3905695188,"BUSINESS TAXES ADMINISTRATOR II, BOARD OF EQUALIZATION","California, United States",California Department of Tax and Fee Administration,2024-04-19,2024-05-19,,7985.0,10434.0,MONTHLY,2.0,
3905696256,"Store Associate, Seas- Americana","Glendale, CA",Converse,2024-04-19,2024-05-19,,,,HOURLY,5.0,
3905697442,"Fiber Technician – Eau Claire, WI.","Eau Claire, WI",Cogent Communications,2024-04-19,2024-05-19,,,,,2.0,
3905698199,Part-Time Bookkeeper (10 hours/week),"Farragut, TN",StaffSource,2024-04-19,2024-05-19,,,,,,
3905699104,PT Stock Crew (Nights),"Plattsburgh, NY",Hannaford Supermarkets,2024-04-19,2024-05-19,,15.9,23.5,HOURLY,4.0,
3905699862,Restaurant Delivery - Sign Up and Start Earning,"Yucca Valley, CA",SimplyApply,2024-04-19,2024-05-19,,,,,2.0,
3905801830,Restaurant Delivery - Sign Up and Start Earning,"Greenville, MS",SimplyApply,2024-04-19,2024-05-19,,,,,2.0,
3905801862,Drive with DoorDash,"Richardson, TX",SimplyApply,2024-04-19,2024-05-19,,,,,2.0,
3905801910,CDL-A Truck Driver - Great Home Time - Competitive Pay,"Hamilton, OH",SimplyApply,2024-04-19,2024-05-19,,,,,2.0,
3905811258,"Security Senior Manager -CMT(Telecommunications, Media, High Tech)","Walnut Creek, CA",Accenture,2024-04-19,2024-05-19,,131100.0,336900.0,YEARLY,4.0,
3905811952,Dashers - Sign Up and Start Earning,"Gloucester Point, VA",SimplyApply,2024-04-19,2024-05-19,,,,,2.0,
3905813584,Restaurant Delivery,"Hollywood, FL",SimplyApply,2024-04-19,2024-05-19,,,,,2.0,
3905815588,EXECUTIVE CHEF - Waterfront Restaurant,"Bradenton, FL",Riverhouse Waterfront Restaurant,2024-04-19,2024-05-19,,,,,,
3905816192,Dashers - Sign Up and Start Earning,"Jefferson, SD",SimplyApply,2024-04-19,2024-05-19,,,,,3.0,
3905816702,Sales Manager,"Ocala, FL",J. Galt,2024-04-19,2024-05-19,,,,,2.0,
3905817088,Restaurant Delivery,"St George, UT",SimplyApply,2024-04-19,2024-05-19,,,,,2.0,
3905817212,Dashers - Sign Up and Start Earning,"Swisher, IA",SimplyApply,2024-04-19,2024-05-19,,,,,4.0,
3905818542,Sales Manager,Raleigh-Durham-Chapel Hill Area,J. Galt,2024-04-19,2024-05-19,,,,,2.0,
3905818600,Sales Manager,"Fort Wayne, IN",J. Galt,2024-04-19,2024-05-19,,,,,2.0,
3905819274,Senior Corporate Recruiter,"Woodbridge, NJ",Plymouth Rock Assurance,2024-04-19,2024-05-19,,,,,3.0,
3905819465,Sales Manager,Pensacola Metropolitan Area,J. Galt,2024-04-19,2024-05-19,,,,,3.0,
3905820427,Sales Manager,"Charleston, WV",J. Galt,2024-04-19,2024-05-19,,,,,3.0,
3905822298,"Staff Assistant, Executive Office","Pasco, Washington, United States",American Foreign Service Protective Association,2024-04-19,2024-05-19,,,,,1.0,
3905825562, Director of Civil Engineering - Land Development,"Louisville, KY",MacroHire,2024-04-19,2024-05-19,,,,,2.0,
3905826251,Senior Data Scientist,"Basking Ridge, NJ",Verizon,2024-04-19,2024-05-19,,,,,2.0,
3905826610,Entry Level Openings: Fast-Paced Marketing Team,"Boston, MA","Millennium Recruiting, Inc.",2024-04-19,2024-05-19,,,,,,
3905826938,General Clerk III,"Kings Bay, GA",Trifecta Resolutions,2024-04-19,2024-05-19,,45000.0,50000.0,YEARLY,1.0,
3905827763,In Training Manager ,"Hollywood, FL","Millennium Recruiting, Inc.",2024-04-19,2024-05-19,,,,,1.0,
3905827807,Lead Billing Assistant,"Greenville, SC",Godshall Recruiting,2024-04-19,2024-05-19,,,,HOURLY,4.0,
3905827877,Brand Representative,"Orlando, FL","Millennium Recruiting, Inc.",2024-04-19,2024-05-19,,,,,2.0,
3905828228,Entry Level Professionals,"Tampa, FL",Tampa Connections,2024-04-19,2024-05-19,,,,,,
3905828598,Coaching and Development Program Manager,United States,Zillow,2024-04-19,2024-05-19,,60800.0,97200.0,YEARLY,23.0,1.0
3905828735,Customer Service Representative,Miami-Fort Lauderdale Area,"Millennium Recruiting, Inc.",2024-04-19,2024-05-19,,,,,3.0,
3905828780,Medical Claims Processor,"Greenville, SC",Godshall Recruiting,2024-04-19,2024-05-19,,20.0,23.0,HOURLY,2.0,
3905829490,Project Executive,"Atlanta, GA",Shimizu North America,2024-04-19,2024-05-19,,,,,3.0,
3905830133, ServiceNow SME -Part time role/On need basis,"Jacksonville, FL",SGS Technologie,2024-04-19,2024-05-19,,,,,4.0,
3905830747,Marketing Coordinator,Dallas-Fort Worth Metroplex,"Millennium Recruiting, Inc.",2024-04-19,2024-05-19,,,,,2.0,
3905830929,Administrative Assistant,"Chattanooga, TN",Net2Source Inc.,2024-04-19,2024-05-19,,16.0,18.0,HOURLY,3.0,
3905831442,Staff Accountant (Sports & Entertainment!!),"Raleigh, NC",The Greene Group,2024-04-19,2024-05-19,,55000.0,65000.0,YEARLY,2.0,
3905831813,Brand Ambassador,"New York, NY",EmV NYC,2024-04-19,2024-05-19,,,,,6.0,
3905832695,Thermal Engineer - LLJP00001445,"Lexington, MA","Softworld, a Kelly Company",2024-04-19,2024-05-19,,80.0,100.0,HOURLY,4.0,
3905834132,"Director of Governance, Risk, and Compliance",United States,10x Company Jobs,2024-04-19,2024-05-19,,,,,3.0,
3905834461,Information Technology Risk Manager,"Dallas, TX",Heitmeyer Consulting,2024-04-19,2024-05-19,,,,,1.0,
3905834497,RESTAURANT / HOSPITALITY EXPERIENCE - Entry Level Positions,"Columbia, South Carolina Metropolitan Area",The Fundraising Group,2024-04-19,2024-05-19,,,,,2.0,
3905835705,Human Resources Generalist,"Archbold, OH","Arrow Tru-Line, Inc",2024-04-19,2024-05-19,,,,,3.0,
3905836776,Mortgage Loan Officer,"Linden, NJ",YourEliteMortgage,2024-04-19,2024-05-19,,,,,3.0,
3905837465,Marketing And Public Relations Specialist,"Virginia Beach, VA","Millennium Recruiting, Inc.",2024-04-19,2024-05-19,,,,,3.0,
3905838654,L3 Storage Engineer,"Princeton, NJ",KTek Resourcing,2024-04-19,2024-05-19,,50.0,55.0,HOURLY,10.0,
3905839720,Mortgage Loan Officer,"Union, NJ",YourEliteMortgage,2024-04-19,2024-05-19,,,,,2.0,
3905839740,Assistant Nurse Manager – Emergency Department,"Glens Falls, NY",Ajulia Executive Search,2024-04-19,2024-05-19,,,,,3.0,
3905839943,Aircraft Component Repair Technician,"Wichita, KS",Kaman Corporation,2024-04-19,2024-05-19,,,,,2.0,
3905840831,CDL A Local Delivery Truck Driver - Up to $5K Sign On Bonus,"Medford, OR",Sysco,2024-04-19,2024-05-19,,,,,3.0,
3905841551,Bilingual Spanish Medical Asst. Family Medicine - Vista #4077,"San Marcos, CA",TrueCare,2024-04-19,2024-05-19,,,,,1.0,
3905841553,K-12 Tutor,Greater Richmond Region,Huntington Learning Center,2024-04-19,2024-05-19,,,,,2.0,
3905841658,Sales Representative,"Tampa, FL","FreshPoint, Inc.",2024-04-19,2024-05-19,,,,,3.0,
3905841818,Salesperson,New York City Metropolitan Area,"Gasko & Meyer, Inc.",2024-04-19,2024-05-19,,,,,4.0,
3905842543,Task Associate,"Poplar Bluff, MO",Ulta Beauty,2024-04-19,2024-05-19,,,,,3.0,
3905846775,Quality Assurance and Food Science Manager,"Tifton, GA",CareersInFood.com,2024-04-19,2024-05-19,,,,,1.0,
3905846860,H&M Store Manager,"San Antonio, TX",H&M,2024-04-19,2024-05-19,,71819.0,80797.0,YEARLY,3.0,
3905847650,MANAGEMENT TRAINING - ENTRY LEVEL,"Cherry Hill, NJ",Invincible City Developments ,2024-04-19,2024-05-19,,,,,,
3905847788,Paralegal,"Miami, FL",Leeds Professional Resources,2024-04-19,2024-05-19,,60000.0,65000.0,YEARLY,4.0,
3905848457,Help Desk Technician,"Dallas, TX",MAFÉ Resources,2024-04-19,2024-05-19,,,,HOURLY,4.0,
3905849577,Executive Assistant,"Colorado, United States",Boldly Premium Executive Assistants,2024-04-19,2024-05-19,,,,,1.0,
3905849748,Senior ITS Engineer,"New York, NY",NonStop Consulting,2024-04-19,2024-05-19,,,,,3.0,
3905850001,Mortgage Loan Officer,"Fair Lawn, NJ",YourEliteMortgage,2024-04-19,2024-05-19,,,,,2.0,
3905850039,Veterinarian,"Largo, FL",Pinellas County Government,2024-04-19,2024-05-19,,78790.4,100900.8,YEARLY,1.0,
3905850448,Leader Fellowship/Head of School,"Atlanta, GA",Liberty Classical Schools,2024-04-19,2024-05-19,,,,,1.0,
3905850851,Chief Financial Officer - Defense & Government Contracting,"Mooresville, NC",AccruePartners,2024-04-19,2024-05-19,,,,,4.0,
3905851685,Store Manager,Greater Roanoke Area,Torrid,2024-04-19,2024-05-19,,,,,2.0,
3905851793,Field Service Technician (Medical Device),"Canton, MI",e3 Diagnostics,2024-04-19,2024-05-19,,,,,3.0,
3905852324,Customer Service Representative,"San Jose, CA","Millennium Recruiting, Inc.",2024-04-19,2024-05-19,,,,,1.0,
3905852326,SALES FLOOR ASSOCIATE,"Mauldin, SC",Dollar Tree Stores,2024-03-25,2024-05-19,,,,,3.0,
3905853800,Credit & Collections - Collection Specialist,"Bronx, NY",The Chefs'​ Warehouse,2024-04-19,2024-05-19,,,,,2.0,
3905854618,Product Owner,"Phoenix, AZ",The Judge Group,2024-04-19,2024-05-19,,,,,2.0,
3905854702,SITEC 3 EOM Enterprise Operations and Infrastructure Technical Lead,"Tampa, Florida, United States",Peraton,2024-04-19,2024-05-19,,,,,3.0,
3905856097,Summer Help Associate,"Brookfield, WI",Milwaukee Tool,2024-04-19,2024-05-19,,,,,3.0,
3905856193,"PV Solar Field Technician II - SIlver State BESS - Enterprise, NV","Primm, NV",NextEra Energy Resources,2024-04-19,2024-05-19,,,,,3.0,
3905856267,Entry Level Professionals,"San Antonio, Texas Metropolitan Area","Millennium Recruiting, Inc.",2024-04-19,2024-05-19,,,,,3.0,
3905856569,Image Right Developer,"San Mateo, CA",HTC Global Services,2024-04-19,2024-05-19,,,,,3.0,
3905857066,Customer Care Specialist,"Rochester, NY",ESL Federal Credit Union,2024-04-19,2024-05-19,,18.9,21.17,HOURLY,3.0,
3905858221,Junior Healthcare Recruiter,United States,The Ekeo Group,2024-04-19,2024-05-19,,,,,1.0,
3905858427,Associate Sales Consultant,"Providence, RI",DePuy Synthes,2024-04-19,2024-10-16,,,,,1.0,
3905859094,Contracts Administration Manager,"Chantilly, VA",Peraton,2024-04-19,2024-05-19,,,,,3.0,
3905859107,Business Development Manager (Remote),United States,Digital Spice,2024-04-19,2024-05-19,,,,,4.0,
3905859954,Creative Production Designer ,"Philadelphia, PA",Pennsylvania Horticultural Society (PHS),2024-04-19,2024-05-19,,50000.0,60000.0,YEARLY,3.0,
3905860320,Sales Representative,Kansas City Metropolitan Area,"Lookly, LLC",2024-04-19,2024-05-19,,,,,3.0,
3905863141,Apprenticeship Training Program Manager,"Wilson, NC",Watson Electrical,2024-04-19,2024-05-19,,,,,3.0,
3905863625,Maintenance Technical Facilitator,"Jacksonville, FL",Bacardi,2024-04-19,2024-05-19,,,,,1.0,
3905864661,Oracle cloud SCM Consultant,"Boston, MA",OnPoint Insights ,2024-04-19,2024-05-19,,,,,2.0,
3905864714,TEACHER-SPECIAL EDUCATION,Greater Houston,Harmony Public Schools,2024-04-19,2024-05-19,,,,,4.0,
3905864821,Entry Level Marketing Assistant,"King of Prussia, PA","Millennium Recruiting, Inc.",2024-04-19,2024-05-19,,,,,1.0,
3905865131,Entry Level Professionals,"Phoenix, AZ",GIG USA,2024-04-19,2024-05-19,,,,,3.0,
3905865199,Customer Service Associates,"Phoenix, AZ",GIG USA,2024-04-19,2024-05-19,,,,,1.0,
3905865971,Aspera Engineer,"Lake Forest, CA","American Unit, Inc",2024-04-19,2024-05-19,,,,,,
3905866048,Sr. Accountant,"St Ann, MO",Beacon Hill Staffing Group,2024-04-19,2024-05-19,,35.0,40.0,HOURLY,1.0,
3905866250,Strategic Procurement Manager,"New Richmond, WI",JMJ Phillip Group,2024-04-19,2024-05-19,,100000.0,125000.0,YEARLY,3.0,
3905866289,National ISS Production Manager,"Cuyahoga Falls, OH",Associated Materials,2024-04-19,2024-05-19,,,,,4.0,
3905866366,Software Engineer - Infrastructure Platforms,United States,Cloudflare,2024-04-16,2024-05-19,,137000.0,180000.0,YEARLY,2.0,
3905867272,Planning Associate (Leadership Fast-Track Program),"Cleveland, OH",Equitable Advisors,2024-04-19,2024-05-19,,60000.0,150000.0,YEARLY,1.0,
3905868244,"Engineer, Process I","Bremen, IN",Southwire Company,2024-04-19,2024-05-19,,,,,4.0,
3905868367,Entry Level Professionals,"King of Prussia, PA","Millennium Recruiting, Inc.",2024-04-19,2024-05-19,,,,,2.0,
3905868375,Account Executive,United States,Spectrum Science - a GHMC Company,2024-04-19,2024-05-19,,60000.0,70000.0,YEARLY,5.0,
3905868420,"Coordinator, Parts","Jacksonville, FL","U.S. Xpress, Inc.",2024-04-19,2024-05-19,,,,HOURLY,3.0,
3905868580,"Team Lead, Director’s Action Group","Dayton, OH",Air Force Research Laboratory,2024-04-19,2024-05-19,,,,,3.0,
3905868601,Power Construction Equipment Sales Coordinator,"Canal Winchester, OH",Buckeye Power Sales,2024-04-19,2024-05-19,,,,,2.0,
3905870527,Data Authorization Specialist,"Jacksonville, FL",SS&C Technologies,2024-04-19,2024-05-19,,,,,4.0,
3905870567,SAP BOBJ Consultant,United States,"ActiveSoft, Inc",2024-04-19,2024-05-19,,,,,6.0,
3905870607,Senior Accountant,"Metuchen, NJ",Ascendo Resources,2024-04-19,2024-05-19,,80000.0,100000.0,YEARLY,2.0,
3905870718,.NET Developer,"Woodbridge, NJ",Noir,2024-04-19,2024-05-19,,110000.0,120000.0,YEARLY,2.0,
3905871018,"TECHNICIAN, I TRAILER","Ellenwood, GA","U.S. Xpress, Inc.",2024-04-19,2024-05-19,,,,HOURLY,2.0,
3905871093,Family Physician,"West Virginia, United States",The Crox Group,2024-04-19,2024-05-19,,150.0,165.0,HOURLY,2.0,
3905871371,Principal Process Engineer,"Houston, TX",Amogy,2024-04-19,2024-05-19,,,,,2.0,
3905871412,"Senior Consultant, Pharmacy Benefits Financial Analysis","Glendale, CA",Segal,2024-04-19,2024-05-19,,124500.0,165000.0,YEARLY,4.0,
3905873329,Brand Ambassador,"Schaumburg, IL","Millennium Recruiting, Inc.",2024-04-19,2024-05-19,,,,,1.0,
3905873407,"Senior Project Manager, Clean Energy","All, MO",NYC Citywide Administrative Services,2024-04-19,2024-05-19,,,,,3.0,
3905874502,Automation Developer (Simulation V&V Team) with Security Clearance,"Camarillo, CA",ClearanceJobs,2024-04-18,2024-05-19,,100000.0,130000.0,YEARLY,3.0,
3905874908,Vice President of Customer Success,United States,Swooped,2024-04-19,2024-05-19,,,,,3.0,
3905874927,Continuous Improvements Logistics Analyst,"Greensboro, NC",Dice,2024-04-19,2024-05-19,,,,,3.0,
3905876253,Software Engineer in Test,United States,Mach7 Technologies,2024-04-19,2024-05-19,,,,,1.0,
3905876553,Account Manager,United States,Swooped,2024-04-19,2024-05-19,,,,,,
3905876691,"Managing Editor, Enterprise Content Strategy","Charlotte, NC",Albemarle Corporation,2024-04-19,2024-05-19,,,,,3.0,
3905878181,Production Supervisor,"Bloomingdale, IL",Korpack,2024-04-19,2024-05-19,,,,,,
3905878316,Pediatric Occupational Therapist,"Baldwin Place, NY",Ivy Rehab for Kids,2024-04-19,2024-05-19,,70000.0,85000.0,YEARLY,2.0,
3905878973,Customer Service Representative,"Supply, NC",Circle K,2024-04-19,2024-05-19,,,,,2.0,
3905879196,"Director, Biostatistics",United States,Rocket Pharmaceuticals,2024-04-19,2024-05-19,,216000.0,258667.0,YEARLY,3.0,
3905879208,"Manufacturing Tech, Staff","Shelby, NC",Curtiss-Wright Corporation,2024-04-19,2024-05-19,,,,,4.0,
3905879457,Customer Service Associates,"Reno, NV","Millennium Recruiting, Inc.",2024-04-19,2024-05-19,,,,,1.0,
3905879863,Senior Director Content Strategist,United States,Swooped,2024-04-19,2024-05-19,,,,,,
3905880088,Housekeeper,"Middleton, WI",Miramont Behavioral Health,2024-04-19,2024-05-19,,18.0,22.0,HOURLY,3.0,
3905880810,Quantum Materials Intern,"Fremont, CA","KBR, Inc.",2024-04-19,2024-05-19,,25.0,31.0,HOURLY,3.0,
3905881485,Procurement Clerk,"Georgetown, SC",American Gypsum,2024-04-19,2024-05-19,,,,,1.0,
3905882082,IT Help Desk Support,"San Ramon, CA",Dice,2024-04-19,2024-05-19,,,,,4.0,
3905882090,IBM Tivoli Software Engineer,"Richardson, TX",Dice,2024-04-19,2024-05-19,,,,,4.0,
3905882390,Customer Service Representative,"Greensboro, NC",Circle K,2024-04-19,2024-05-19,,,,,3.0,
3905884161,Linux Admin,"Santa Clara, CA",Dice,2024-04-19,2024-05-19,,,,,3.0,
3905884182,"Vice President, Systems Architect","New York, NY",Dice,2024-04-19,2024-05-19,,190000.0,215000.0,YEARLY,3.0,
3905884190,Hospice Branch Director RN,"Lawrenceville, GA",Enhabit Home Health & Hospice,2024-04-18,2024-05-19,,,,,5.0,
3905885032,Senior Data Warehouse Analyst - Hybrid,"Atlanta, GA",Dice,2024-04-19,2024-05-19,,,,,4.0,
3905886020,Applications Analyst,"Durham, NC",Dice,2024-04-19,2024-05-19,,,,,3.0,
3905886054,Registered Nurse (RN) - Home Health - PRN,"Columbus, NC",Enhabit Home Health & Hospice,2024-04-18,2024-05-19,,,,,4.0,
3905886055,"Webops Engineer with Digital Marketing Experience || Erlanger, KY (Hybrid)","Erlanger, KY",Dice,2024-04-19,2024-05-19,,,,,4.0,
3905886089,"Unix Manager in Jersey City, NJ - 3 days a week onsite","Jersey City, NJ",Dice,2024-04-19,2024-05-19,,,,,3.0,
3905886204,NYC Only / Principle Cybersecurity Engineer,"New York, NY",Motion Recruitment,2024-04-19,2024-05-19,,,,,4.0,
3905887021,Data Scientist,"Pensacola, FL",Dice,2024-04-19,2024-05-19,,,,,3.0,
3905889074,Social Media Intern,"Phoenix, AZ",U-Haul,2024-04-19,2024-05-19,,,,,3.0,
3905891226,Network Voice Cisco UCCE,United States,Raas Infotek,2024-04-19,2024-05-19,,,,,4.0,
3906060896,Volunteer: Caring and being compassionate makes a difference! Come Volunteer!!,"Detroit, MI",Residential Home Health and Residential Hospice,2024-04-19,2024-05-19,,,,,4.0,
3906061749,Volunteer: Caring and being compassionate makes a difference! Come Volunteer!!,"Detroit, MI",Residential Home Health and Residential Hospice,2024-04-19,2024-05-19,,,,,4.0,
3906064342,Data Engineer / Power BI Developer,United States,"Triumph Innovation, LLC",2024-04-19,2024-10-16,,50.0,90.0,HOURLY,243.0,128.0
3906065386,Volunteer: Caring and being compassionate makes a difference! Come Volunteer!!,"Detroit, MI",Residential Home Health and Residential Hospice,2024-04-19,2024-05-19,,,,,5.0,
3906069810,Lead Network Architect,United States,PACE Staffing Alternatives,2024-04-19,2024-05-19,,,,,3.0,1.0
3906074629,Phlebotomist,"Johnson City, NY",United Health Services,2024-04-19,2024-05-19,,17.19,24.42,HOURLY,3.0,
3906075263,Collections Specialist II,"Marietta, SC",A Hiring Company,2024-04-19,2024-05-19,,,,,3.0,
3906076205,Human Resources Generalist,"St. Charles County, MO",PEG Staffing & Recruiting,2024-04-19,2024-05-19,,50000.0,60000.0,YEARLY,4.0,
3906076545,Chief Technology Officer,United States,Brand Advance // SSP,2024-04-19,2024-05-19,,,,,8.0,
3906076778,Accounts Payable Manager,"Warrenton, VA",EXTREME STEEL INC.,2024-04-19,2024-05-19,,1.0,70000.0,YEARLY,10.0,
3906077162,Nurse Practitioner,"Havelock, NC",Theoria Medical,2024-04-19,2024-05-19,,,,,4.0,
3906077524,System and Network Administrator (MSP),"East Brunswick, NJ",Bowman Williams,2024-04-19,2024-05-19,,,,,2.0,
3906077758,Community Manager - Quarter North,"North Las Vegas, NV",Greystar,2024-04-18,2024-05-19,,48200.0,88000.0,YEARLY,5.0,
3906077911,"Industrial Maintenance Electrician, Programmatic","The Rock, GA",Quad,2024-04-19,2024-05-19,,28.0,41.0,HOURLY,4.0,
3906078417,Assistant Community Manager - Elan East,"Austin, TX",Greystar,2024-04-18,2024-05-19,,,,,5.0,
3906079497,Receptionist,"Woodbridge, VA","Walsh, Colucci, Lubeley & Walsh",2024-04-19,2024-05-19,,,,,6.0,
3906079619,Warehouse Worker - Full Time Shifts,"Duluth, GA",McKesson,2024-04-19,2024-05-19,,17.99,19.03,HOURLY,3.0,
3906080265,Service Technician- GlenEagles,"Scottsdale, AZ",Greystar,2024-04-18,2024-05-19,,,,,5.0,
3906080350,HVB Methods Engineer Analyst,"Spartanburg, SC","BMW Manufacturing Co., LLC",2024-04-19,2024-05-19,,,,,8.0,
3906080422,"Digital Designer, Programmatic","Flower Mound, TX",Quad,2024-04-19,2024-05-19,,,,,3.0,
3906082334,Registered Nurse (RN),"Spartanburg, SC",Agape Home Healthcare,2024-04-19,2024-05-19,,,,,1.0,
3906086601,Human Resources Generalist,"Grand Prairie, TX",APL Logistics,2024-04-19,2024-05-19,,62090.0,65000.0,YEARLY,1.0,
3906086887,Config Tech I,"Chantilly, VA",SPECTRAFORCE,2024-04-19,2024-05-19,,19.0,19.0,HOURLY,2.0,
3906087694,Registered Nurse (RN),"Horse Cave, KY",Signature HealthCARE,2024-04-19,2024-05-19,,,,,4.0,
3906088013,Ecommerce Operations Intern,"Bethlehem, PA",Bubble Goods,2024-04-19,2024-05-19,,,,HOURLY,4.0,
3906088220,Software Engineer in Test,"Atlanta, GA",NLB Services,2024-04-19,2024-05-19,,45.0,50.0,HOURLY,22.0,4.0
3906088573,Roll Grab Operator,"Lakeville, MN",Menasha Corporation,2024-04-19,2024-05-19,,,,HOURLY,5.0,
3906089899,Receptionist,"Madison, AL",,2024-04-19,2024-05-19,,,,,3.0,
3906089904,24/25 SY Special Ed. Teacher *Up to $2000/wk,"Surprise, AZ",Connected Health Care,2024-04-19,2024-05-19,,,,,4.0,
3906090012,Business Development Manager (Hybrid),Greater Boston,Skedda,2024-04-19,2024-05-19,,,,,18.0,
3906090117,Cloud Engineer,New York City Metropolitan Area,ALOIS Solutions,2024-04-19,2024-05-19,,,,,15.0,4.0
3906091917,Senior Director Social Enterprise,United States,SERVICES AND ADVOCACY FOR GAY AND LESBIAN ELDERS SAGE METRO DC,2024-04-19,2024-05-19,,100.0,135.0,YEARLY,19.0,
3906091950,Sourcing Specialist,"Provo, UT",Elevate Health Sciences,2024-04-19,2024-05-19,,,,,11.0,1.0
3906092777,Webflow Developer,United States,Snap Digital,2024-04-19,2024-05-19,,15.0,25.0,HOURLY,95.0,18.0
3906093141,Director of Sales & Marketing,"Philadelphia, PA",Deepwave Digital,2024-04-19,2024-05-19,,,,,7.0,
3906093626,Big Shop Stock Associate,"Carlsbad, CA",Merlin Entertainments,2024-04-19,2024-05-19,,17.0,17.0,HOURLY,5.0,
3906093877,Hospital Liaison,"Oakland County, MI",NexCare WellBridge Senior Living,2024-04-19,2024-10-16,,,,,8.0,
3906094260,Solar Construction Manager (Owners Rep),"Lubbock, TX",Summit Energy Group LLC,2024-04-19,2024-05-19,,140000.0,160000.0,YEARLY,12.0,
3906094463,Personal Trainer,"Bryant, AR",10 Fitness,2024-04-19,2024-05-19,,12.5,32.0,HOURLY,10.0,
3906094634,Transportation Construction Inspector Supervisor,"Allentown, PA","Johnson, Mirmiran & Thompson",2024-04-19,2024-05-19,,,,,4.0,
3906094718,Emergency Department Tech,"Alma, MI",MyMichigan Health,2024-04-19,2024-05-19,,,,,4.0,
3906095537,Implementation Project Manager II,United States,Innovu,2024-04-19,2024-05-19,,,,,46.0,18.0
3906097118,Outpatient Coding Auditor (Acute Care),"Fort Worth, TX",JPS Health Network,2024-04-19,2024-05-19,,,,,3.0,
3906097151,Sarbanes Oxley IT Compliance Analyst,"Phoenix, AZ",U-Haul,2024-04-19,2024-05-19,,,,,20.0,4.0
3906097153,Facilities - CM Project Manager,"El Paso, TX","Johnson, Mirmiran & Thompson",2024-04-19,2024-05-19,,,,,5.0,
3906097554,POS Architect,"Pittsburgh, PA",Micasa Global,2024-04-19,2024-05-19,,,,,24.0,1.0
3906098070,Survey /CADD Technician,"Middlesboro, KY","Johnson, Mirmiran & Thompson",2024-04-19,2024-05-19,,,,,5.0,
3906098236,"Electrical Engineer, Low/Medium Voltage","Irvine, CA",The Caler Group,2024-04-19,2024-05-19,,11000.0,150000.0,YEARLY,5.0,1.0
3906099179,ERP/PeopleSoft Enterprise Architect,"Tallahassee, FL",Randstad Digital Americas,2024-04-19,2024-05-19,,70.0,90.0,HOURLY,7.0,
3906099394,support lead Part time,"Wisconsin Rapids, WI",Five Below,2024-04-19,2024-05-19,,,,,4.0,
3906099517,Field Service Technician,United States,Talent Groups,2024-04-19,2024-05-19,2024-04-19,,,,7.0,
3906200008,SANITATION TEAMMATE,"Lakewood, WA","McLane Company, Inc.",2024-04-19,2024-05-19,,,,,4.0,
3906200887,Medical Laboratory Technologist,"Fort Mohave, AZ",ALOIS Healthcare,2024-04-19,2024-05-19,,64000.0,79000.0,YEARLY,3.0,
3906202026,Physical Therapist Per Diem,"California, United States",Consonus Healthcare,2024-04-19,2024-05-19,,55.0,65.0,HOURLY,4.0,
3906202366,Event Operations Specialist,United States,ISPE,2024-04-19,2024-05-19,,,,,54.0,14.0
3906218613,Licensed Vocational Nurse (LVN) BU Med Surg – Full Time – Nights,"Bedford, TX",Texas Health Resources,2024-04-19,2024-05-19,,,,,3.0,
3906220754,Part Time Wrangler - Variable Hour,"Mona, UT",Young Living Essential Oils,2024-04-19,2024-05-19,,,,,3.0,
3906220828,Part-Time Assistant Manager - Famous Footwear,"Bozeman, MT",Famous Footwear,2024-04-19,2024-05-19,,,,,4.0,
3906221781,Sales Executive IV,"Plano, TX",Alkami Technology,2024-04-19,2024-05-19,,,,,2.0,
3906221783,Field Investigation Engineer (Remote option),"Wyoming, MN",Polaris Inc.,2024-04-19,2024-05-19,,,,,4.0,
3906221955,Senior Compliance Analyst,"Charlotte, NC",Robert Half,2024-04-19,2024-05-19,,,,,2.0,
3906221971,Team Member,"Lafayette, LA",Circle K,2024-04-19,2024-05-19,,,,,3.0,
3906222557,"Manager, Online DMV","Baltimore County, MD",Element Fleet Management,2024-04-19,2024-05-19,,,,,4.0,
3906222569,Landfill Gas Technician - CQA,"Mobile, AL",SCS Engineers,2024-04-19,2024-05-19,,,,,2.0,
3906222642,Foreman IS,"Buckner, KY","Thompson Industrial Services, LLC",2024-04-19,2024-05-19,,,,,3.0,
3906222728,Staff Accountant,"Middleton, WI",Miramont Behavioral Health,2024-04-19,2024-05-19,,60000.0,70000.0,YEARLY,4.0,
3906222744,Teller (Member Service Representative I),"Downey, CA",SchoolsFirst Federal Credit Union,2024-04-19,2024-05-19,,20.67,28.94,HOURLY,3.0,
3906222848,Title Officer/Examiner,"Austin, TX",DHI Title,2024-04-19,2024-05-19,,,,,3.0,
3906222974,Client Sales Consultant,"Schaumburg, IL",Paylocity,2024-04-19,2024-05-19,,,,,3.0,
3906223266,Seasonal Runner,"Shaver Lake, CA",Vacasa,2024-04-19,2024-05-19,,,,,4.0,
3906223326,Forklift Operator I US,"Southwest Carrollton, Texas, United States",Mary Kay Global,2024-04-19,2024-05-19,,,,,4.0,
3906223429,Part-Time Supervisor - Northwoods mall,"Charleston County, SC",Aéropostale,2024-04-19,2024-05-19,,,,,2.0,
3906223916,Warehouse Person (Loader) * EVENINGS * SEASONAL,"Twin Falls, ID",PepsiCo,2024-04-19,2024-05-19,,,,HOURLY,4.0,
3906223943,Registered Nurse RN- Multispecialty- Part-Time,"Richmond, VA",VCU Health,2024-04-19,2024-05-19,,,,,3.0,
3906223953,Site EHS Sr. Engineer,"Elma, NY",Moog Inc.,2024-04-19,2024-05-19,,79966.2,140000.0,YEARLY,4.0,
3906223961,Graphic Designer,"West Palm Beach, FL",Palm Beach Atlantic University,2024-04-19,2024-05-19,,,,,4.0,
3906224282,SHIPPING COORDINATOR,"Greeley, CO",JBS USA,2024-04-19,2024-05-19,,21.0,23.0,HOURLY,4.0,
3906224788,Employee Relations Manager,"Phoenix, AZ",Wells Fargo,2024-04-19,2024-05-19,,,,,3.0,
3906224854,Automotive Mechanic,"Trevose, PA",Verizon,2024-04-19,2024-05-19,,,,,,
3906224875,Teacher Language Arts - Grade 6,"Gwinnett County, GA",Gwinnett County Public Schools,2024-04-19,2024-05-19,,,,,4.0,
3906224895,Service Manager,"Fort Worth, TX",Cintas,2024-04-19,2024-05-19,,,,,4.0,
3906224935,Remote Support Engineer - ThinManager,"Mayfield Heights, OH",Rockwell Automation,2024-04-19,2024-05-19,,67680.0,101520.0,YEARLY,3.0,
3906225081,Material Handler,"Columbus, OH",Westlake,2024-04-19,2024-05-19,,,,HOURLY,2.0,
3906225223,Registered Nurse-RN,"Howell, MI",Saint Joseph Mercy Health System,2024-04-19,2024-05-19,,,,,3.0,
3906225539,Client Sales Consultant,"Lake Mary, FL",Paylocity,2024-04-19,2024-05-19,,,,,4.0,
3906225863,HEOR Manager (Literature Review/Real-World Evidence Generation/Patient Reported Outcomes),United States,Rangam,2024-04-19,2024-05-19,,95.0,98.0,HOURLY,5.0,
3906225900,Automotive Mechanic,"New Kensington, PA",Verizon,2024-04-19,2024-05-19,,,,,2.0,
3906225935,Principal Security Risk Management,"Temple Terrace, FL",Verizon,2024-04-19,2024-05-19,,,,,2.0,
3906225964,Retail Sales Associate,"Westlake Village, CA",Verizon,2024-04-19,2024-05-19,,,,,1.0,
3906226119,Part-Time Assistant Manager - Famous Footwear,"Rio Grande, NJ",Famous Footwear,2024-04-19,2024-05-19,,,,,4.0,
3906226164,Controls/ Electrical Test Technician,"Longmont, CO",GE Vernova,2024-04-19,2024-05-19,,27.66,30.43,HOURLY,2.0,
3906226327,Engineer II or III: NGBU Distribution Engineering,"Cincinnati, OH",Duke Energy Corporation,2024-04-19,2024-05-19,,,,,2.0,
3906226817,Retail Sales Associate,"Chesterfield, MI",Verizon,2024-04-19,2024-05-19,,,,,1.0,
3906227001,Senior General Superintendent,"New York, NY",TYLin,2024-04-19,2024-05-19,,,,,2.0,
3906227087,Senior Pre Sales Technical Architect,"Dallas, TX",AHEAD,2024-04-19,2024-05-19,,,,,4.0,
3906227265,Spanish Linguist - California,"Bakersfield, CA",KACE Company,2024-04-19,2024-05-19,,,,,3.0,
3906227333,Senior Engineer - Systems Operations Engineering (SOE),"Raleigh, NC",Duke Energy Corporation,2024-04-19,2024-05-19,,,,,2.0,
3906227433,Principal Positive Team Member Relations,"Louisville, KY",Chewy,2024-03-25,2024-05-19,,,,,,
3906227706,Patient Billing Specialist,"Aurora, CO",University of Colorado,2024-04-19,2024-05-19,,,,,2.0,
3906227779,Registered Nurse - Multispecialty Clinic - Days,"Richmond, VA",VCU Health,2024-04-19,2024-05-19,,,,,4.0,
3906227899,Certified Medical Assistant/BA,"Westwood, NJ",Valley Health System,2024-04-19,2024-05-19,,,,,2.0,
3906228095,Loan Processor,"Atlanta, GA",DHI Mortgage,2024-04-19,2024-05-19,,,,,3.0,
3906228109,Relationship Manager Business,"Marshall, MN",Bremer Bank,2024-04-19,2024-05-19,,,,,3.0,
3906228326,Account Services Collections Specialist - Remote - Texas,"Dallas, TX",Nordstrom,2024-04-19,2024-05-19,,,,,2.0,
3906228524,Senior Systems Engineer,"Dayton, OH",GE Aerospace,2024-04-19,2024-05-19,,,,,4.0,
3906228542,Seamstress/Tailor,"Yakima, WA",Cintas,2024-04-19,2024-05-19,,17.25,25.01,HOURLY,4.0,
3906228882,Grant Accountant,"New York, NY",Soni,2024-04-19,2024-05-19,,,,YEARLY,3.0,
3906228948,Sales Associate Sunglass Hut,"Staten Island, NY",Sunglass Hut,2024-04-19,2024-05-19,,,,,3.0,
3906228999,Area Vice President - Employee Benefits Sales Consultant,"Tampa, FL",Gallagher,2024-04-19,2024-05-19,,,,,4.0,
3906229315,In-Home Designer,"Andover, MA",Smith & Noble,2024-04-19,2024-05-19,,,,YEARLY,,
3906229726,Property Manager,"Stillwater, OK","Fairway Management, Inc.",2024-04-19,2024-05-19,,,,,4.0,
3906229843,Franchise Support Consultant,"Nashville, TN",Asurion,2024-04-19,2024-05-19,,,,,2.0,
3906229963,Assistant Store Manager FT,"Humble, TX",Lids,2024-04-19,2024-05-19,,,,,4.0,
3906230247,Marketing Business Intelligence Manager,"Ashburn, VA",Verizon,2024-04-19,2024-05-19,,,,,3.0,1.0
3906230328,Buildings Equipment Mechanic,"Danvers, MA",Verizon,2024-04-19,2024-05-19,,,,,1.0,
3906230536,"Real Estate - Portfolio Management, Sr. Associate (Insights)","New York, NY",Blackstone,2024-04-19,2024-05-19,,107000.0,185000.0,YEARLY,2.0,
3906231393,Group Fitness Instructor,"Boston, MA",Plus One an Optum Company,2024-04-19,2024-05-19,,30.0,75.0,HOURLY,4.0,
3906231685,Non CDL Driver,"Englewood, CO",Builders FirstSource,2024-04-19,2024-05-19,,,,,4.0,
3906232049,Oakley - Team Lead - Quality Auditor,"Foothill Ranch, California, United States",Oakley,2024-04-19,2024-05-19,,,,,1.0,
3906232274,SAP Functional Test Manager/ Coordinator,"San Jose, CA",UST,2024-04-19,2024-05-19,,,,,3.0,
3906232528,Staff Attorney - Rural Justice Unit,"Modesto, CA","California Rural Legal Assistance, Inc.",2024-04-19,2024-05-19,,65500.0,90000.0,YEARLY,4.0,
3906232592,Collaboration Engineer,"Columbus, OH","Softworld, a Kelly Company",2024-04-19,2024-05-19,,90.0,92.0,YEARLY,,
3906232701,Nuclear Medicine/ PET Technologist,"Bedford, TX",US Heart and Vascular,2024-04-19,2024-05-19,,,,,1.0,
3906232757,Technical Lab Associate (Per Diem) - Specimen Processing Area,"Hershey, PA",Penn State Health,2024-04-19,2024-05-19,,,,,4.0,
3906233319,Research Engineer 2,"Beaverton, OR",Oregon Health & Science University,2024-04-19,2024-05-19,,,,,4.0,
3906233326,Financial Reporting Accountant,"Oklahoma City, OK",Fuse3 Solutions,2024-04-19,2024-05-19,,,,,4.0,
3906233494,Warehouse Associate,"Phoenix, AZ",A.P. Moller - Maersk,2024-04-19,2024-05-19,,17.0,20.0,HOURLY,3.0,
3906234012,ATV/UTV Service Tech-Ark.,"Mountain Home, AR",Tractor Supply Company,2024-04-19,2024-05-19,,,,,4.0,
3906234174,Teach Drone Technology,New York City Metropolitan Area,NYC Department of Education,2024-04-19,2024-05-19,,,,,2.0,
3906234196,Senior Auditor,"Johnston, IA",John Deere,2024-04-19,2024-05-19,,,,,3.0,
3906234212,Benefit Advocate Representative Associate,"Katy, TX",Gallagher,2024-04-19,2024-05-19,,,,,5.0,
3906234268,"Senior AWS Cloud Ops Engineer (CLDOPS-03) // 100% On-Site Bethesda, MD","Bethesda, MD",Dantech Corporation Inc.,2024-04-19,2024-05-19,,,,HOURLY,3.0,
3906234416,Cadete - Comidas y bebidas,"Chicago, IL",Hyatt Hotels Corporation,2024-04-19,2024-05-19,,,,,4.0,
3906234464,ServiceNow Telecommunications Service Management Implementation Specialist,United States,Software Technology Inc.,2024-04-19,2024-05-19,,,,,,
3906235067,Senior EDI Developer,"Irving, TX","Vizient, Inc",2024-04-19,2024-05-19,,,,,3.0,
3906235346,Junior AI/ML Software Engineer,United States,ECS,2024-04-19,2024-05-19,,,,YEARLY,7.0,
3906235447,Project Chemist,"Seattle, WA",Floyd|Snider,2024-04-19,2024-05-19,,,,,1.0,
3906236121,Executive Transportation Specialist,"Rahway, NJ",Merck,2024-04-19,2024-05-19,,86700.0,136500.0,YEARLY,4.0,
3906237220,Clinical Laboratory Processor - Microbiology,"Detroit, MI",Labcorp,2024-04-19,2024-05-19,,,,,4.0,
3906237276,Healthcare PR Director,"New York, NY",SolComms,2024-04-19,2024-10-16,,,,,2.0,
3906237279,Substance Use Disorder Professional,"Seattle, WA",DESC (Downtown Emergency Service Center),2024-04-19,2024-05-19,,68562.0,75718.56,YEARLY,3.0,
3906240774,"Senior Software Engineer, Machine Learning","New York, NY",Arcus,2024-04-19,2024-10-16,,,,,3.0,
3906245970,Sr IT Service Desk Specialist,"Denver, CO",Janus Henderson Investors,2024-04-19,2024-05-19,,,,,2.0,
3906245989,Part Time Member Consultant (Personal Banker) - Tumwater Trosper Branch,"Tumwater, WA",WSECU,2024-04-19,2024-05-19,,22.0,32.99,HOURLY,5.0,
3906245993,Behavior Technician (BT) / Registered Behavior Technician (RBT),"Bowling Green, KY",The Job Network,2024-04-19,2024-05-19,,,,HOURLY,4.0,
3906246618,Program Manager,"Sunnyvale, CA",Rose International,2024-04-19,2024-05-19,,40.0,50.0,HOURLY,3.0,
3906246870,Certified Nurse Assistant (CNA) EVENINGS PART-TIME 6:00pm 10:00pm $22.75 - $25.56 / hour,"Centennial, CO",The Job Network,2024-04-19,2024-05-19,,22.75,25.56,HOURLY,4.0,
3906247372,Legal Administrative Assistant,"New York, United States",The Crox Group,2024-04-19,2024-05-19,,,,,4.0,
3906247452,Commissioned Sales Associate (Palm Beach),"Palm Beach, FL",24 Seven Talent,2024-04-19,2024-05-19,,,,,5.0,
3906247594,AHD Staff Nurse II,"Alameda, CA",Alameda Health System,2024-04-19,2024-05-19,,,,,2.0,
3906247690,Tax Manager,"Nashville, TN",Frazier & Deeter,2024-04-19,2024-05-19,,,,,4.0,
3906247806,"Panda Express In-Person Interview Day - Forsyth, IL - 05/01 (3619)","Forsyth, IL",Panda Restaurant Group,2024-04-19,2024-05-19,,,,,4.0,
3906247877,Inside Sales and Logistics Specialist ,"Downers Grove, IL",The ProLift Rigging Company,2024-04-19,2024-05-19,,,,,2.0,
3906248393,Nurse Practitioner Specialty Care -or- Physician Assistant Specialty Care – Hematology Oncology [Dual Post],"Columbia, MO",University of Missouri-Columbia,2024-04-19,2024-05-19,,,,,3.0,
3906248446,"Senior. Accountant, CPA",United States,,2024-04-19,2024-05-19,,,,,1.0,
3906248576,Assistant Branch Manager,"Wake Forest, NC",Regional Finance (Regional Management Corp.),2024-04-19,2024-05-19,,,,,4.0,
3906248601,Help Desk Tech Level 1,"Coppell, TX",AAA Auto Club Enterprises,2024-04-19,2024-05-19,,,,,3.0,
3906248767,Product Tech Support PA,"Earth City, MO",Cognizant,2024-04-19,2024-05-19,,,,,3.0,
3906249190,Production Team Leader,"Kingsport, TN",Domtar,2024-04-19,2024-05-19,,,,,2.0,
3906249283,Lead Substation Engineer,"Waltham, MA","K&A Engineering Consulting, P.C.",2024-04-19,2024-05-19,,,,,4.0,
3906249310,Assistant Store Leader,"Virginia Beach, VA",South Moon Under,2024-04-19,2024-05-19,,,,HOURLY,2.0,
3906249420,Financial Accountant I,"College Station, TX",Texas A&M University,2024-04-19,2024-05-19,,,,,3.0,
3906249480,Channel Manager (Northeast),"New York, NY",Veeam Software,2024-04-19,2024-05-19,,,,,4.0,
3906250390,Bilingual Direct Sales Associate,"Bryan, TX",Metronet,2024-04-19,2024-05-19,,,,,3.0,
3906250497,Store Driver,"Madison Heights, MI",Advance Auto Parts,2024-04-19,2024-05-19,,,,,4.0,
3906250569,"Senior Associate, Corporate Tax","Las Vegas, NV",Frazier & Deeter,2024-04-19,2024-05-19,,,,,4.0,
3906250621,Chef de Cuisine,"Raleigh, NC",,2024-04-19,2024-10-16,,70000.0,85000.0,YEARLY,2.0,
3906250929,Senior Medical Science Liaison - Pain (New England),Greater Burlington Area,Vertex Pharmaceuticals,2024-04-19,2024-05-19,,165360.0,343320.0,YEARLY,5.0,
3906251346,Board Certified Behavior Analyst (BCBA),"Rowland Heights, CA",The Job Network,2024-04-19,2024-05-19,,74000.0,79000.0,YEARLY,4.0,
3906251578,"Program Manager, Client Consulting, VCA Risk Practice","Washington, DC",Visa,2024-04-19,2024-05-19,,112500.0,191800.0,YEARLY,3.0,
3906251582,Elementary School: Science Lead Teacher - Greater Boston (2024-2025),"Lynn, MA",KIPP Massachusetts,2024-04-19,2024-05-19,,55000.0,89500.0,YEARLY,2.0,
3906251684,Materials Coordinator,"Houston, TX",SLB,2024-04-19,2024-05-19,,34000.0,70000.0,YEARLY,5.0,
3906251724,Team Leader,"Roseland, NJ",Brown & Brown Insurance,2024-04-19,2024-05-19,,,,,3.0,
3906251804,Director of Transportation,"Asheville, NC",MECCA Hospitality Recruitment,2024-04-19,2024-05-19,,90000.0,100000.0,YEARLY,1.0,
3906251941,"Senior Customer Success Manager, B2B","Palo Alto, CA",Flywire,2024-04-19,2024-05-19,,80000.0,115000.0,YEARLY,3.0,
3906252051,ROI Medical Records Specialist - On Site,"McAllen, TX",MRO,2024-04-19,2024-05-19,,,,,3.0,
3906252171,"Full Time Teller - Huntington $1,000 Sign-On Bonus Eligible*","Huntington, NY",Bethpage Federal Credit Union,2024-04-19,2024-05-19,,,,,4.0,
3906252296,Associate Campaign Coordinator (temporary) - French-speaking,"Provo, UT",BENlabs,2024-04-19,2024-05-19,,,,HOURLY,2.0,
3906252298,Life Sales Agent,"Whittier, CA",AAA Auto Club Enterprises,2024-04-19,2024-05-19,,,,,3.0,
3906252320,Senior Tax Manager,"Nashville, TN",Frazier & Deeter,2024-04-19,2024-05-19,,,,,4.0,
3906252778,"Account Executive, B2B (West)","Palo Alto, CA",Flywire,2024-04-19,2024-05-19,,93000.0,110000.0,YEARLY,2.0,
3906252799,Personal Injury Litigator,"Atlanta, GA",Job Juncture,2024-04-19,2024-05-19,,,,YEARLY,4.0,
3906252867,Ultrasound Technologist - PRN - Shifts Vary,"Joplin, MO",Mercy,2024-04-19,2024-05-19,,,,,4.0,
3906252897,Warehouse Patrol Officer - Immediate Opening,"Geneva, IL","Securitas Security Services USA, Inc.",2024-04-19,2024-05-19,,,,,4.0,
3906252904,"Director, HR Technology-Oracle HCM","Dearborn, MI",Ford Motor Company,2024-04-19,2024-05-19,,,,,2.0,
3906253157,The Landing at Long Wharf Busser (Barback) - Boston Harbor City Cruises,"Boston, MA",Boston Harbor City Cruises,2024-04-19,2024-05-19,,,,,1.0,
3906253377,Senior Logistics Analyst - 1st Shift,"Sterling, VA","GXO Logistics, Inc.",2024-04-19,2024-05-19,,,,,2.0,
3906253557,Program Manager III,"Sterling Heights, MI","BAE Systems, Inc.",2024-04-19,2024-05-19,,147300.0,250400.0,YEARLY,5.0,
3906253671,Business Analyst,"Parsippany, NJ","Securitas Security Services USA, Inc.",2024-04-19,2024-05-19,,,,,4.0,
3906253724,Account Manager - Cardiometabolic (diagnostics) - based in PA,"Philadelphia, PA",Abbott,2024-04-19,2024-05-19,,64000.0,128000.0,YEARLY,4.0,
3906253749,Quality Assurance Assistant,"Lancaster, TX",DSV - Global Transport and Logistics,2024-04-19,2024-05-19,,19.0,19.5,HOURLY,4.0,
3906253844,Physical Therapist Assistant (PTA) - PRN (INPATIENT) | Round Rock Rehab,"Round Rock, TX",PAM Health Rehabilitation Hospital of Round Rock,2024-04-19,2024-05-19,,,,,3.0,
3906253852,Heavy Equipment Mechanic,"Yolo, CA",California Department of Forestry and Fire Protection (CAL FIRE),2024-04-19,2024-05-19,,5445.0,6276.0,MONTHLY,4.0,
3906253918,Senior HRIS Analyst,Baton Rouge Metropolitan Area,HORNE,2024-04-19,2024-05-19,,,,,3.0,
3906254274,Inventory Control Manager I,"Fairburn, GA",DHL Supply Chain,2024-04-19,2024-05-19,,,,,2.0,
3906254389,"Security Project Technician - Grand Rapids, MI","Grand Rapids, MI",Convergint,2024-04-19,2024-05-19,,,,,4.0,
3906254476,Cost Accountant,"Sarasota, FL","RSM Solutions, Inc",2024-04-19,2024-05-19,,80000.0,85000.0,YEARLY,2.0,
3906254517,ICU RN,"Springdale, AR",National Staffing Solutions,2024-04-19,2024-05-19,,,,,4.0,
3906254724,Legal Compliance Assistant,"Phoenix, AZ",Goodwill of Central and Northern Arizona,2024-04-19,2024-05-19,,,,,2.0,
3906255056,Account Executive,United States,Hearth,2024-04-19,2024-05-19,,,,YEARLY,,
3906255200,Staff Manufacturing Engineer,"Weirton, WV",Form Energy,2024-04-19,2024-05-19,,,,,4.0,
3906255263,Associate Director Communications and Brand - Global Food,"Boise, ID",J.R. Simplot Company,2024-04-19,2024-05-19,,,,,3.0,
3906255427,Fulfillment Center Supervisor,Salt Lake City Metropolitan Area,Cart.com,2024-04-19,2024-05-19,,,,,4.0,
3906255645,"Sales Specialist, Miami","Miami, FL",Hermès,2024-04-19,2024-05-19,,,,,3.0,
3906256022,Burleson RX Tech - Pharmacy Tech - Part-Time,"Burleson, TX",H-E-B,2024-04-19,2024-05-19,,,,,5.0,
3906256167,Payroll Administrator II,United States,PAR Technology,2024-04-19,2024-05-19,,,,,4.0,
3906256204,Teller I (20 Hours Weekly) - Hawthorne,"Hawthorne, NJ",TD,2024-04-19,2024-05-19,,22.5,28.5,HOURLY,1.0,
3906256212,Entry Level Payroll Auditor 2023-2024,"Long Beach, CA","WithumSmith+Brown, PC",2024-04-19,2024-05-19,,53000.0,70000.0,YEARLY,4.0,
3906256260,Medical Assistant,"Nashville, TN",Family Care Center,2024-04-19,2024-05-19,,,,,3.0,
3906256289,Property Manager,"Columbus, OH",Harbor Group Management Company,2024-04-19,2024-05-19,,,,,4.0,
3906256420,Commissioned Vacation Sales Concierge,"Branson, MO",Hyatt Hotels Corporation,2024-04-19,2024-05-19,,,,,4.0,
3906256488,Supervisor - Driving,"Boston, Massachusetts, United States",SP+ (SP Plus),2024-04-19,2024-05-19,,,,,4.0,
3906256637,Traffic Clerk,"Laredo, TX",DHL Supply Chain,2024-04-19,2024-05-19,,,,,2.0,
3906257032,Informatics Consultant,"Chicago, IL",Health Care Service Corporation,2024-04-19,2024-05-19,,,,,4.0,
3906257139,"Intern, Family Services - Gilbert AZ","Gilbert, AZ",The Church of Jesus Christ of Latter-day Saints,2024-04-19,2024-05-19,,,,,1.0,
3906257188,Experienced Retail Security - $21,"Milwaukee, WI","Securitas Security Services USA, Inc.",2024-04-19,2024-05-19,,,,,4.0,
3906257213,Chef,"Illinois, United States",Abbott,2024-04-19,2024-05-19,,19.55,39.15,HOURLY,4.0,
3906257311,Driver Manager,"Phoenix, AZ",Schneider,2024-04-19,2024-05-19,,,,,5.0,
3906257403,"Truman Fellowship, UMKC School of Law - 77432","Kansas City, MO",University of Missouri-Kansas City,2024-04-19,2024-05-19,,,,,4.0,
3906257640,Food Safety & Brand Standards Specialist,"Little Rock, AR",Steritech,2024-04-19,2024-05-19,,,,,2.0,
3906257685,Medical Biller,"Bakersfield, CA","Key Staffing, Inc.",2024-04-19,2024-05-19,,17.0,23.0,HOURLY,2.0,
3906257971,Back End Developer,United States,Applicantz,2024-04-19,2024-05-19,,58.62,58.62,HOURLY,6.0,1.0
3906258495,"Manager, High Risk Disease Detection","Miami, FL",ChenMed,2024-04-19,2024-05-19,,,,,4.0,
3906258724,"Representative 1, Credit & Collections - Commercial (Virtual)","Georgia, United States",Comcast,2024-04-19,2024-05-19,,,,,4.0,
3906259099,"Social Worker, Senior - Community Response after Emergency (CORE)","Hennepin County, MN",Hennepin County,2024-04-19,2024-05-19,,,,,4.0,
3906259132,"Supervisor, Operations","Hazleton, PA",DSV - Global Transport and Logistics,2024-04-19,2024-05-19,,,,,5.0,
3906259207,Influencer Marketing Manager,"New York, United States",monday.com,2024-04-19,2024-05-19,,115000.0,140000.0,YEARLY,6.0,
3906259234,Speech Language Pathologist,"Philadelphia, PA",Discovery Therapy,2024-04-19,2024-05-19,,50000.0,85000.0,YEARLY,2.0,
3906259402,Sales Manager-DET,"Detroit, MI",Cogent Communications,2024-04-19,2024-05-19,,,,,4.0,
3906259425,Web Marketing Manager,"King of Prussia, PA",AVE by Korman Communities,2024-04-19,2024-05-19,,,,,2.0,
3906259442,Exercise Physiologist,"Lafayette, CO",Intermountain Health,2024-04-19,2024-05-19,,22.8,33.67,HOURLY,4.0,
3906259576,EPM Financial Analyst I,"Pensacola, FL",Navy Federal Credit Union,2024-04-19,2024-05-19,,66900.0,120875.0,YEARLY,4.0,
3906260039,Accounting Officer (Specialist),"Yolo, CA",California Department of Forestry and Fire Protection (CAL FIRE),2024-04-19,2024-05-19,,4964.0,6032.0,MONTHLY,5.0,
3906260144,Operations Manager,Kansas City Metropolitan Area,Sterling Engineering,2024-04-19,2024-05-19,,120000.0,135000.0,YEARLY,,
3906260223,Web Marketing Manager,"Florham Park, NJ",AVE by Korman Communities,2024-04-19,2024-05-19,,,,,2.0,
3906260313,Tax & Accounting Account Manager,United States,Closers.io,2024-04-19,2024-05-19,,,,,1.0,
3906260319,"Sr Manager, Manufacturing","Campbell, CA",Imperative Care,2024-04-19,2024-05-19,,186000.0,200000.0,YEARLY,1.0,
3906260562,Associate Veterinarian or New Graduate Veterinarian,"St Bonifacius, MN",Mission Veterinary Partners,2024-04-19,2024-05-20,,,,,4.0,
3906261022,Accounting Manager,"Dallas, TX",LaSalle Network,2024-04-19,2024-05-19,,,,,4.0,
3906261079,Research Specialist,"Kansas City, MO",Stowers Institute for Medical Research,2024-04-19,2024-05-19,,,,,1.0,
3906261188,Import / Export Specialist III,"Romulus, MI",CEVA Logistics,2024-04-19,2024-05-19,,,,,3.0,
3906261760,Tribal Grants Manager,"Coachella, CA",Twenty-Nine Palms Band of Mission Indians,2024-04-20,2024-05-20,,,,,2.0,
3906262680,Labor & Employment Attorney,"Sacramento County, CA",Lozano Smith,2024-04-20,2024-05-20,,120000.0,195000.0,YEARLY,1.0,
3906263017,Conveyance Coordinator (operations) - (DTX2024-6962),"Dallas, TX",RealManage Family of Brands,2024-04-19,2024-05-20,,,,,4.0,
3906265233,Laboratory Technician,"Liberty Corner, NJ",Synectics Inc.,2024-04-19,2024-05-20,,,,,4.0,
